0.025489,-32.1250,-32.1250,-32.1250,55.64213219315018
0.051064,-145.6875,589.1250,266.4688,662.7961285401511
0.075532,-145.7500,589.3125,265.6562,662.6503816646547
0.098303,-145.2812,589.3125,266.0938,662.7229798693229
0.122835,-145.2188,588.9375,265.4062,662.0999484948439
0.147446,-145.6562,589.0312,266.2188,662.6054478286362
0.172587,-145.3125,589.1250,265.4375,662.299822352007
0.195271,-146.0625,588.8125,265.8125,662.3373001868082
0.219252,-145.8750,589.2188,265.9375,662.7073297337313
0.244175,-145.6250,589.4062,265.2188,662.53102079497
0.268216,-145.6875,589.2812,265.9688,662.734196518012
0.293641,-145.4375,589.2812,265.7188,662.5789855627592
0.318689,-145.5312,589.1250,266.3750,662.7241137732673
0.343362,-145.1562,589.1562,266.0625,662.5440949358579
0.367948,-145.4375,589.1250,266.1250,662.6030845508116
0.391385,-145.3125,588.8125,266.3750,662.3983117713238
0.415676,-144.8750,589.2812,266.1875,662.6439031507138
0.440352,-145.0312,589.0312,266.0625,662.4055637291817
0.465074,-145.8438,588.8750,266.9062,662.78436261587
0.489215,-145.7188,589.2812,265.7188,662.6407773482458
0.513782,-145.1562,589.2188,266.2812,662.687540525086
0.537579,-144.7188,589.0312,265.3750,662.0613420999032
0.562744,-145.5000,588.8125,265.9062,662.2511184930627
0.588135,-146.0938,589.4375,265.6875,662.849755111641
0.612874,-145.7188,589.5312,266.2188,663.0637010722933
0.635865,-145.5625,589.2500,266.3438,662.8295384714779
0.659267,-144.9688,589.7500,266.3438,663.144022170618
0.683300,-145.7812,589.1875,265.9375,662.658914460571
0.707493,-145.6562,589.3438,265.7812,662.7076819229483
0.731078,-145.5000,589.4062,266.0938,662.8543288899342
0.754852,-145.3750,589.2812,265.1250,662.3273721140947
0.778631,-144.8750,589.3750,265.8750,662.6018200058011
0.801574,-145.2188,589.1562,265.7500,662.4323624081368
0.825261,-145.3125,589.4688,265.3438,662.568061067597
0.850023,-144.9688,589.0000,265.6250,662.1884770226393
0.874411,-145.1562,589.1250,266.2188,662.5790710478449
0.900259,-145.5312,589.0312,265.6875,662.3647075889347
0.936138,-145.3438,589.2500,265.4062,662.4053484862008
0.960830,-144.4688,588.8750,266.4375,662.2944411346153
0.987286,-145.8125,589.5312,265.9375,662.9714426648123
1.012621,-146.0312,589.3438,265.5312,662.6899926565872
1.043808,-145.2500,589.1250,265.9375,662.4866655497678
1.068821,-145.3438,588.9375,265.5625,662.1900225589045
1.097649,-145.4062,589.1875,265.8438,662.5388947898643
1.125448,-145.2188,589.5000,265.9375,662.8133140317963
1.150739,-145.4688,589.3750,265.0938,662.418858533349
1.174817,-144.7812,589.4062,265.4688,662.4462205471381
1.198571,-145.0938,589.8438,265.4062,662.8788148992148
1.223835,-145.4688,589.3750,265.5312,662.5940631926345
1.249914,-145.9375,589.3125,265.5000,662.6290263507176
1.274800,-145.2500,589.5938,265.3438,662.6655704072191
1.298316,-145.1562,589.2188,265.7500,662.4742521529611
1.321665,-145.6875,589.4375,266.2500,662.9860304429499
1.346046,-145.0625,589.7188,265.6562,662.8609025820386
1.370351,-145.0625,589.2812,265.1250,662.2588513057508
1.394128,-144.5938,589.0625,266.0625,662.3377049146172
1.418192,-145.2500,589.3438,265.6562,662.5683823788493
1.442135,-145.0625,589.1562,265.9688,662.4859181876058
1.466221,-145.7812,589.7188,264.9375,662.7309075781625
1.491335,-144.7812,589.2812,265.0000,662.1472660618067
1.517691,-145.0000,588.8438,265.0000,661.8058339982072
1.541994,-145.5000,589.3750,265.3750,662.5383243632024
1.566906,-145.5000,589.3125,264.7500,662.23261408379
1.590149,-145.0000,589.3438,265.5938,662.4885626960853
1.614681,-144.9375,589.2188,265.1250,662.1758677895265
1.638712,-145.3125,589.3125,265.8125,662.6169560679458
1.662679,-145.0312,589.1562,265.4062,662.253446899061
1.686896,-145.3438,589.4688,265.9062,662.8003822265702
1.711909,-145.2500,589.1562,264.3750,661.8888048902644
1.736778,-145.3438,589.2500,265.5312,662.455442192624
1.761768,-144.8750,589.3750,265.1250,662.301231974545
1.785968,-145.6875,589.3438,265.7188,662.6894879367524
1.810305,-144.9688,588.6562,265.4688,661.8200483267242
1.834540,-145.6875,589.1250,265.2812,662.3196017655015
1.857706,-145.3125,589.1562,265.8125,662.4779956546198
1.881975,-145.5625,589.0625,265.6562,662.3868306937892
1.905423,-145.4062,589.6562,266.0000,663.018454270411
1.929225,-145.2188,589.4688,265.6250,662.660194370482
1.952892,-145.2500,589.0938,265.1250,662.1331243896974
1.977405,-145.1562,589.0000,265.1875,662.0541874124145
2.002534,-145.0938,589.4062,265.7812,662.6398695216637
2.029394,-145.6562,589.8125,265.3125,662.9368378484955
2.053057,-144.9062,589.0625,265.4688,662.1677336006904
2.077394,-145.3438,589.1875,265.5312,662.3998494465975
2.102450,-145.0312,589.6875,266.0000,662.9641099884763
2.126719,-145.0000,589.1250,265.6562,662.3190385222688
2.150338,-145.9688,589.4688,264.9375,662.5497431207524
2.174411,-145.4375,589.4375,265.4375,662.6052363351424
2.198664,-145.1250,589.4062,265.9062,662.6968590186051
2.222524,-145.4062,589.5000,265.4062,662.6414604279792
2.246906,-145.5312,589.0938,265.7812,662.4578959203275
2.270509,-145.7500,589.4062,266.0625,662.8967068445223
2.299865,-145.0312,589.2500,265.1250,662.2242004046383
2.323729,-145.5312,589.0625,265.0312,662.1295470747209
2.349356,-145.1250,589.3125,265.4375,662.4255087838179
2.374233,-145.4688,589.2188,265.6250,662.4926665278077
2.401232,-144.5938,589.2812,265.0312,662.1188017396784
2.426285,-145.0625,589.3438,265.0000,662.2644370418153
2.450565,-144.9688,589.4062,265.3125,662.4246286724815
2.475455,-145.1875,589.1250,265.2812,662.2097986158258
2.501704,-145.2812,589.2500,264.9375,662.20395876785
2.527080,-145.0938,589.3438,265.7188,662.5592094708876
2.551329,-145.5938,589.7188,265.2500,662.8146849916837
2.581004,-145.3750,589.0625,266.2500,662.5840188468554
2.609121,-145.4375,589.6562,265.5938,662.8624288714627
2.633366,-145.2500,589.0312,265.3125,662.1526248779903
2.657623,-145.6875,589.4375,265.0625,662.5100323532845
2.681115,-145.3125,589.0000,265.8125,662.3390429474168
2.708227,-145.1875,589.0938,265.5312,662.2821914953436
2.731730,-145.2500,589.3125,265.5625,662.5030011724475
2.756505,-145.4375,589.5312,264.8438,662.4510344522643
2.780907,-145.5938,589.2500,265.9688,662.6858067860101
2.805528,-144.4688,589.3125,265.1250,662.1568605759609
2.830717,-145.2188,589.3438,265.7188,662.5865944291263
2.855171,-145.6250,588.8750,265.6562,662.2338328823607
2.878681,-145.6562,588.9375,265.8438,662.3715131890675
2.903423,-145.0938,589.6250,264.7188,662.4091284965999
2.928611,-145.1250,589.5312,264.8438,662.3824969499308
2.953376,-145.6250,589.3125,265.2812,662.4726446298084
2.978570,-145.2188,589.2812,265.3125,662.3681752691436
3.004743,-145.3438,589.6875,264.8125,662.5570265845519
3.028179,-145.2812,589.1875,265.4688,662.3610865565511
3.054957,-145.4375,589.2500,265.2812,662.3758529021212
3.078893,-145.5000,589.6562,265.0625,662.6634681875202
3.105235,-145.4688,589.1250,265.9375,662.5346607973145
3.130221,-145.0625,589.0625,265.4375,662.1894171751388
3.154084,-145.5938,589.3438,265.4062,662.5436387455452
3.179419,-145.2188,589.5000,265.5625,662.6629435526122
3.204045,-144.7812,589.1562,264.9375,662.0110091017181
3.228243,-145.1562,589.0312,264.9375,661.9818949917551
3.252383,-146.0625,589.3750,266.2500,663.0129765179939
3.276815,-145.2500,589.0000,265.9375,662.3755101196375
3.301284,-145.5312,589.3125,265.4688,662.5271500922622
3.325990,-144.8438,589.5938,266.1562,662.9024448342211
3.349375,-145.3125,589.3750,265.8125,662.6725423899047
3.374324,-145.1562,589.2500,266.4375,662.7781233718509
3.399969,-145.6562,589.3125,265.7812,662.6798915553987
3.424219,-145.3438,589.0938,265.2500,662.2037559944258
3.448081,-145.4375,589.2812,264.9062,662.2535611809686
3.472752,-145.8125,589.3750,265.7188,662.744769789104
3.497206,-145.3438,589.3125,265.4062,662.46094666733
3.521800,-144.9375,589.7188,265.2188,662.6583345581454
3.545870,-145.5625,589.0625,265.5312,662.3367082074362
3.570404,-145.7500,589.2500,265.2188,662.419512357209
3.594142,-145.1875,589.2812,265.6562,662.4990905064512
3.620457,-145.4062,589.3438,264.7812,662.2523261980191
3.645143,-145.7500,589.3438,265.5000,662.6155508015659
3.669075,-145.3750,589.2500,265.1250,662.2995687375917
3.693405,-145.2188,589.0312,265.4688,662.2083932227736
3.718604,-145.4375,589.0312,265.2812,662.1812602938677
3.743652,-145.0625,589.6562,265.3438,662.6801096565182
3.768068,-145.4375,589.2500,265.4375,662.4384464329497
3.792187,-145.3438,589.2812,266.2812,662.7842042227527
3.816455,-145.6875,589.1562,265.3750,662.384952422164
3.841003,-144.6562,589.6562,265.3750,662.6038140949122
3.864547,-145.1875,589.1875,265.6562,662.4157029211812
3.889629,-145.2500,589.3125,266.0938,662.7161299872763
3.914199,-145.0312,589.2812,265.4688,662.3896982175127
3.937750,-144.9375,588.6562,265.1250,661.6753926173411
3.961477,-145.7500,589.1250,266.0938,662.659197411507
3.985268,-144.6875,589.3750,265.6562,662.4730986578342
4.010572,-145.2812,589.4062,265.6250,662.6182986951274
4.035409,-145.1250,589.2188,265.5000,662.3671572297063
4.060061,-144.7812,589.4375,266.3125,662.8125861916493
4.085463,-145.5312,589.6875,265.3750,662.8231913623817
4.110357,-145.4375,589.4375,265.3750,662.5802015133715
4.136710,-145.7188,588.9375,265.2500,662.1471856829208
4.160714,-145.5000,589.1250,265.5938,662.4036199056151
4.183712,-145.3438,589.6250,265.8438,662.9142823194602
4.207955,-145.1250,589.5000,265.2812,662.5297406355148
4.232835,-145.4062,589.3125,265.7188,662.5999202360916
4.257014,-144.9688,589.0312,264.8750,661.9157934194689
4.281493,-145.5312,589.2500,265.7812,662.5968458105766
4.306705,-145.9062,589.0625,265.6875,662.4749884724423
4.332459,-145.3750,589.1562,265.4375,662.3413349212871
4.355905,-144.9688,589.4062,265.5938,662.5373242728953
4.379953,-145.3438,589.0625,265.5312,662.2886676494435
4.403634,-145.7500,589.0938,265.2188,662.2805252614824
4.427146,-144.8750,589.1250,265.1875,662.1037995709207
4.450807,-145.5938,589.1875,265.7812,662.5549962432364
4.474731,-145.0625,589.1562,265.7500,662.3981267487949
4.499554,-145.7188,589.4062,265.1875,662.5391247291551
4.526088,-145.4062,589.3438,265.3750,662.4899424354494
4.549414,-144.8750,589.5312,265.3438,662.5278605580486
4.573786,-145.0000,589.2500,265.1250,662.2173571607739
4.598376,-144.9688,589.0312,265.8438,662.3040475243886
4.622691,-145.2500,589.3438,265.3750,662.4556655271826
4.648853,-145.0938,589.2500,265.8438,662.5259679462572
4.674240,-144.9375,589.2812,265.7500,662.4819491939478
4.697662,-145.7500,589.3438,264.9062,662.3778675749402
4.721991,-145.3438,588.7812,264.8750,661.7755900912522
4.746931,-145.0625,589.4375,265.5312,662.5605934848996
4.771823,-145.1250,588.9688,265.2188,662.0320531916299
4.795919,-145.5000,589.2188,265.5625,662.4744725329516
4.819211,-144.9688,589.1250,265.3750,662.199437274423
4.843899,-145.3438,589.0000,265.0938,662.057778409955
4.867655,-144.7188,589.1562,264.9375,661.9973432136076
4.891295,-145.2812,589.2188,264.7188,662.0886598898122
4.915464,-145.4688,589.2188,265.6875,662.5177282415732
4.938930,-145.5938,589.1562,266.1250,662.6651813533928
4.963714,-145.2812,589.2500,265.3125,662.3540795962629
4.988075,-144.8125,589.4375,265.5000,662.4933785046459
5.013098,-145.6562,589.7188,265.5312,662.9410169782735
5.037822,-145.1562,589.2500,265.9375,662.577281017326
5.064583,-145.3750,588.8750,265.3750,662.0661197153952
5.087681,-145.7500,589.3750,265.7500,662.7435519301565
5.111539,-145.5938,589.0938,265.8438,662.4967062123309
5.136313,-144.3125,589.7812,265.8125,662.8154386132405
5.160722,-145.7500,589.5312,264.9062,662.544699258567
5.184627,-145.1250,588.9688,265.4375,662.1197176552081
5.208455,-145.5000,589.4375,265.7500,662.7442032234231
5.233874,-145.4688,589.5000,265.4688,662.6802128124281
5.257699,-144.4688,589.3750,265.1875,662.2375106469071
5.282392,-145.2188,589.1250,264.7812,662.0165113712233
5.305899,-145.4688,589.0938,265.8438,662.4692467803222
5.329779,-145.1875,588.8125,265.9375,662.195080183136
5.354469,-145.3125,589.4062,265.3438,662.5124571352413
5.379621,-144.8125,589.0625,265.6562,662.222419000265
5.403055,-145.4375,588.9688,265.6562,662.2759983925697
5.426843,-145.3125,589.2188,265.4375,662.3832156796113
5.450663,-144.6250,589.0938,264.7500,661.8462052577339
5.474868,-144.6250,589.5000,265.4375,662.4829862202123
5.498690,-145.4688,589.3750,265.5312,662.5940631926345
5.522874,-145.1250,589.7812,265.0000,662.6674795676656
5.546201,-145.6562,588.9688,265.2500,662.161229717223
5.571671,-145.2812,589.3750,265.4688,662.5278782459837
5.594675,-145.0938,589.3438,265.2500,662.3713569087397
5.618536,-145.2500,589.0938,265.6562,662.3460213159924
5.643310,-144.9375,589.5625,265.2812,662.5443093967848
5.667717,-145.5312,589.3125,265.3125,662.4645575719976
5.692033,-145.3750,589.4375,265.6562,662.6791834630936
5.715223,-145.2812,588.8125,265.4062,662.0024768056952
5.740796,-145.0625,588.8125,266.4062,662.3560818031058
5.764533,-145.3125,589.1562,265.0625,662.1774222038702
5.789737,-145.2812,589.5312,264.7188,662.3667812697792
5.814735,-145.5625,589.2500,265.6562,662.5535805278789
5.838762,-145.1250,588.9375,265.2188,662.0042521636946
5.862498,-145.1250,589.4375,265.1250,662.4115772359735
5.887006,-145.0625,589.3125,265.5938,662.4744459989098
5.911592,-145.0938,588.9688,265.4688,662.1253974831259
5.936438,-144.9375,589.1562,264.8438,662.0076870659245
5.960865,-145.0938,588.7188,265.1562,661.7777571093543
5.984177,-145.5000,588.8750,264.9062,661.9058368937855
6.007717,-144.7188,589.1562,265.4062,662.1850806645281
6.031239,-144.9688,589.4688,265.7188,662.6430410143062
6.055166,-144.7812,589.1250,265.6875,662.2837183811878
6.079660,-144.9375,589.0625,265.5000,662.187101816775
6.103931,-144.9375,589.1875,265.0625,662.1230383914684
6.129181,-145.0312,589.0625,265.3750,662.157521295207
6.153889,-145.2188,588.7188,265.1875,661.8176955245115
6.179100,-145.0312,589.0938,265.4688,662.2228982692968
6.203572,-144.6875,588.8750,265.3438,661.9029717000162
6.228233,-145.4688,589.0000,265.2500,662.1478080659654
6.253884,-145.7500,589.2500,265.1250,662.3819824127163
6.279489,-145.2812,589.0312,265.0312,662.0468401515768
6.304031,-145.6875,588.7500,265.1562,661.9359841180358
6.328848,-145.4688,588.8125,265.2500,661.9810268299331
6.353062,-145.5312,589.3438,265.7500,662.6676866202433
6.377032,-145.4688,588.9688,264.8125,661.9448661779733
6.402701,-144.8750,589.5938,265.6562,662.708683229762
6.428715,-145.4062,589.1562,265.3125,662.2981104528194
6.452066,-145.4062,588.5625,265.1875,661.7198834110718
6.477352,-144.7500,589.3438,265.0000,662.1960571945914
6.501656,-145.1875,589.2500,265.8125,662.5339672896024
6.526304,-145.7500,589.3438,265.9062,662.7784335304862
6.551479,-144.8750,588.8438,265.0625,661.8034877856965
6.575382,-145.3125,589.4062,264.8438,662.312359924964
6.600514,-145.7188,589.0938,265.3438,662.3237169652673
6.624127,-145.4688,588.8750,265.6250,662.1869550788225
6.648089,-145.4375,589.3750,266.7188,663.0639853232963
6.673053,-145.4062,589.3750,265.0000,662.3676231248494
6.698271,-145.3750,589.0312,266.2500,662.5562365577449
6.722598,-145.9688,589.4375,265.0938,662.5844388995828
6.747260,-145.2188,589.1562,265.7812,662.4448996838812
6.771349,-145.0625,589.5312,265.4375,662.606436762474
6.795669,-145.0000,589.4375,265.5625,662.5594371922416
6.820284,-145.5000,589.6875,265.5938,662.9039430379884
6.844899,-145.1562,588.9688,265.6250,662.2017562764577
6.869356,-144.9688,589.5938,264.8750,662.4164053981642
6.893765,-145.0938,589.3438,265.4688,662.4589867906446
6.918803,-145.3438,589.3125,265.7500,662.5987404306716
6.942504,-144.9688,589.6250,265.0000,662.4942106173929
6.966734,-144.9375,589.3438,265.9062,662.6002326888929
6.991042,-146.0312,589.2188,265.2500,662.4661680630378
7.016190,-144.9375,589.1875,265.4375,662.2732483414607
7.041423,-145.1875,588.9688,264.8438,661.8956190721276
7.065931,-145.0312,589.5625,265.2188,662.5398027548043
7.088543,-145.9062,589.2812,264.9375,662.369160134192
7.112604,-145.4688,589.4688,265.5625,662.6899771834301
7.136725,-145.0938,589.2812,265.2500,662.3157482580533
7.161626,-144.7500,589.1250,265.5000,662.2016899140322
7.186298,-145.3438,589.1562,265.2500,662.2593563537815
7.210856,-144.7500,589.3125,265.5312,662.3810307389641
7.236759,-145.0000,589.1250,265.8750,662.4068094834171
7.261842,-145.5625,589.1875,265.1250,662.285147944222
7.287608,-145.3750,589.3750,265.5312,662.5734872273132
7.311212,-145.5312,589.0312,266.0625,662.5152165115719
7.336882,-145.5625,589.0312,264.8438,662.0335843421201
7.360077,-145.5312,589.2500,265.2500,662.3839292484099
7.384356,-145.1250,589.1250,265.9688,662.4718161752713
7.409661,-145.1875,589.5000,264.9688,662.4183712977867
7.435322,-145.3125,589.2188,265.0000,662.2080171727102
7.459325,-145.2812,589.0000,265.8438,662.3447297409598
7.482934,-145.0625,589.5938,265.8750,662.8374118668262
7.507683,-144.9688,589.4062,265.6250,662.5498521927426
7.531525,-145.1875,589.4688,265.5938,662.640820823676
7.556583,-144.9688,589.8125,265.5312,662.8737197682339
7.582225,-145.3750,588.9688,265.7500,662.2998879673486
7.605278,-145.3438,589.2500,265.4688,662.430392864507
7.629208,-145.0938,589.1250,265.5312,662.2894432501737
7.653334,-145.2188,589.0000,265.8438,662.3310235566692
7.677643,-145.2812,589.2500,265.7188,662.5169116355635
7.701562,-145.2188,589.1875,265.2500,662.2597360611715
7.726497,-145.0625,589.4375,265.3438,662.4854722758549
7.750418,-145.1250,589.2500,265.7500,662.4952004543127
7.774766,-145.4375,588.8750,265.2812,662.0422748078951
7.800092,-145.6250,589.7188,265.1875,662.7965410914668
7.824255,-145.5625,589.0312,265.4375,662.2713350954143
7.848668,-145.2188,589.1875,265.6250,662.4100211597138
7.872233,-145.4062,589.2812,265.0000,662.2842057158127
7.897003,-144.9062,589.3750,264.7188,662.1455493436658
7.921386,-145.1562,589.1875,265.8438,662.4840726269387
7.944784,-145.5625,588.8750,265.0000,661.9571036186937
7.969917,-145.3438,589.2500,265.7812,662.5556889919707
7.995446,-145.0312,589.1562,264.8750,662.0407208137767
8.021113,-145.1875,589.2500,265.2812,662.321005448123
8.045573,-145.0312,589.5000,265.8438,662.7346474197836
8.070101,-145.5938,588.9375,265.4062,662.182298528415
8.100645,-145.5625,589.0625,265.3438,662.2615616027873
8.125622,-145.2812,589.5938,264.9375,662.5098569431816
8.150486,-145.0312,589.2188,266.3750,662.6978492896479
8.175614,-145.5625,589.5000,265.4375,662.6882810284939
8.199582,-145.5938,589.1875,265.2500,662.3420662281028
8.224139,-145.4375,589.6875,265.4375,662.82764009111
8.248586,-145.0625,588.8750,265.2188,661.9349513984077
8.273853,-145.4062,589.3438,265.6250,662.590125060829
8.297775,-145.3438,589.0625,265.4062,662.2385613276948
8.321428,-145.0312,589.0000,265.7812,662.2648536107929
8.344989,-145.3750,589.4062,265.2812,662.5011394447748
8.368759,-145.5625,589.2188,265.2812,662.3755115939712
8.393001,-144.8125,589.2188,264.6875,661.9734648489035
8.417089,-145.3438,588.8750,265.1875,661.9841247683455
8.440513,-145.6562,589.1875,265.2500,662.3558075689474
8.464757,-145.1250,589.4375,265.1250,662.4115772359735
8.489387,-144.9062,588.7812,265.4062,661.8924830965279
8.513498,-145.4062,589.3125,265.3125,662.4371086009317
8.536860,-145.0000,589.1875,265.5938,662.3495679739759
8.561583,-144.7500,589.3125,265.1875,662.2433052228614
8.585226,-145.2188,589.1250,265.5938,662.3418988827635
8.608675,-145.0000,589.2188,265.7500,662.4400334004298
8.632575,-145.0938,588.8438,265.9062,662.1897703771839
8.658260,-145.6250,589.1250,264.8438,662.1307409900725
8.682327,-145.1250,589.1562,265.1875,662.1863504296298
8.708116,-145.0938,589.1875,265.6875,662.4076947783461
8.731680,-144.5625,589.0000,265.5938,662.0871214918113
8.756072,-145.3438,589.5000,266.1562,662.9285067623242
8.780600,-145.1875,589.5312,265.3750,662.6087801318456
8.804947,-144.8125,589.0312,265.0625,661.9566470238534
8.830354,-145.2812,589.5000,265.0938,662.4889341646583
8.854374,-145.4375,588.9375,266.4062,662.5494210634876
8.878904,-145.2500,589.0625,265.1250,662.1053217058824
8.903515,-145.6250,589.0938,265.0625,662.1904679322352
8.927922,-144.8750,588.8438,265.3750,661.9287107869416
8.950813,-145.0000,589.1875,265.2812,662.2243213276091
8.975815,-145.1250,589.1250,265.5938,662.3213504704967
8.999437,-145.4688,589.0000,265.9375,662.423513420842
9.024089,-145.5000,589.2188,265.5000,662.4494209760942
9.048615,-144.8750,589.3750,264.7500,662.1512053526748
9.072180,-144.8125,589.3125,264.9062,662.1443982256155
9.095839,-145.5000,588.5938,264.9375,661.6681429880938
9.118961,-145.3750,589.4062,265.2812,662.5011394447748
9.143407,-144.9688,589.4375,265.5625,662.5525988848451
9.167030,-145.0000,589.3438,264.4375,662.0258658619862
9.191004,-145.0312,589.1562,265.1562,662.1532959252619
9.214675,-145.0938,589.0000,265.2500,662.0655245435021
9.238216,-144.7500,589.5938,265.9688,662.8067052434103
9.263170,-145.0312,589.6562,264.7188,662.4232583795556
9.288662,-144.5625,589.4688,265.1250,662.316381541188
9.313563,-145.0625,589.1562,265.0625,662.1226055094045
9.337663,-145.2812,589.1250,265.3125,662.2428783179269
9.361688,-145.7188,589.1562,265.1875,662.3167302521317
9.386219,-144.7188,589.2812,265.5312,662.3463994993009
9.410866,-145.3125,588.7812,265.9375,662.1947122365615
9.436139,-145.1250,589.2500,265.0000,662.1947056002487
9.460427,-145.5625,589.2812,265.9062,662.6816481515654
9.484013,-144.7500,589.2188,265.0000,662.084811675636
9.507678,-145.0312,589.3438,265.4062,662.420256845824
9.532156,-145.3438,589.1250,265.8438,662.4695998331734
9.557303,-145.5000,589.2188,265.6562,662.5120591473222
9.581258,-145.2812,589.5000,265.2500,662.5514727940483
9.605219,-145.3438,589.1875,265.7812,662.5001046580106
9.629396,-144.8750,589.3438,265.3750,662.3735440928045
9.652911,-145.6562,589.1250,265.0312,662.2126337254712
9.677501,-145.2188,589.5312,265.5625,662.6907434726812
9.703169,-145.8125,589.4375,265.5938,662.7502482847989
9.727203,-145.0625,589.4688,265.5312,662.5883947515041
9.752323,-145.1562,589.4375,265.2500,662.4684640194675
9.777690,-145.8438,588.5938,264.6562,661.6312663539923
9.802609,-145.5000,589.3125,265.1250,662.3826222669568
9.828415,-144.9375,589.1875,264.7500,661.9979996665397
9.852553,-144.8750,589.1875,265.4375,662.2595731188036
9.877284,-144.8750,589.1250,264.9062,661.9912027656127
9.900570,-145.3438,589.2500,264.5938,662.080222256431
9.925658,-145.3750,588.7812,264.9062,661.7949624057477
9.948734,-145.2188,588.5000,265.2500,661.6481677232715
9.972386,-145.0625,589.3125,266.6875,662.9137004307197
9.996217,-145.3750,589.2188,266.0312,662.6350820422391
10.020647,-145.3438,589.2812,265.3438,662.4081090458416
10.043785,-145.2812,589.5938,266.2188,663.0232684394927
10.069474,-145.4062,589.0938,265.7812,662.4304466732243
10.094377,-145.2500,589.3438,265.8125,662.6310461488448
10.118604,-144.5625,588.7812,265.6562,661.917608106836
10.142347,-145.5312,588.8125,265.5312,662.1075060814331
10.166260,-145.1250,588.7500,265.8750,662.1007051423522
10.189416,-144.9688,589.5312,265.0312,662.4232760702838
10.214029,-145.0625,589.0312,265.0625,662.0113830509733
10.237644,-145.7812,589.4062,265.8438,662.8158113719735
10.261345,-144.6562,589.2188,265.4688,662.2520843622823
10.286317,-145.2812,589.4375,265.5625,662.6210451035059
10.310534,-144.9062,589.0000,265.1562,661.986901836528
10.335523,-144.8750,589.0000,265.3438,662.0551874950173
10.359178,-145.2500,588.6562,265.0625,661.7188769185238
10.384159,-145.0938,589.4688,265.3125,662.5076046143735
10.407692,-145.2188,588.9375,265.2500,662.0373303355427
10.431363,-145.5625,589.3125,265.8125,662.6718261845376
10.454651,-145.4375,589.5625,265.9062,662.9043231127418
10.477780,-144.9062,589.2188,265.5625,662.3443198570325
10.501854,-145.3438,589.0312,265.1562,662.1106071153728
10.526863,-145.6250,589.1875,265.5938,662.4866721831561
10.550620,-145.0625,588.8125,265.2188,661.8793503457125
10.574483,-145.3438,589.0312,265.0938,662.0855801402772
10.598526,-145.0938,589.4375,265.3438,662.4923156983597
10.623371,-144.8125,589.4062,264.7500,662.1653495882373
10.647003,-145.1875,589.0938,265.5938,662.3072523265731
10.670908,-145.0312,589.4062,264.6562,662.1757483324858
10.695039,-145.5312,588.9375,265.3438,662.1435111038052
10.718585,-145.3438,588.8125,265.8438,662.19171335375
10.743320,-145.4688,589.0938,265.5312,662.3439048124377
10.768435,-145.1562,588.9375,264.9375,661.8984776584416
10.793249,-145.0312,589.0625,265.7812,662.3204399943995
10.816823,-145.5312,589.7500,265.7500,663.0290112254233
10.840453,-145.2188,588.8750,265.6875,662.1571555399915
10.864872,-145.5000,589.1250,265.0625,662.1907916388221
10.888236,-145.1250,588.9688,265.2812,662.0570939904843
10.915342,-146.0312,588.9062,264.9375,662.0631209876253
10.939321,-145.0312,589.5625,265.0938,662.489774390424
10.962653,-145.0625,589.0625,265.3750,662.1643666322584
10.986444,-145.0938,588.7812,264.7812,661.6832074279863
11.010974,-144.8750,588.9688,266.0312,662.3032387646349
11.034767,-145.5625,588.7812,264.8438,661.8111616404449
11.059221,-145.4375,589.4375,265.4375,662.6052363351424
11.083018,-144.7188,589.1875,264.9375,662.025154857474
11.106611,-145.5000,589.5938,264.8125,662.5078868929128
11.131217,-145.3125,589.2812,265.0625,662.288640370694
11.155058,-145.3125,589.4688,265.1562,662.4929937719153
11.178238,-145.1250,589.0312,264.7812,661.9125240189409
11.203207,-144.9688,588.8438,265.6875,662.0745789160576
11.227175,-145.4375,589.2500,265.3438,662.4008866013937
11.250300,-145.1562,589.4375,264.6250,662.2184639115044
11.274899,-145.3125,589.0625,265.0625,662.0940118055365
11.299701,-145.3125,589.2812,265.1250,662.3136567237705
11.324189,-145.4062,589.3125,265.7500,662.6124528676718
11.349952,-145.1562,588.7188,265.4062,661.8916686699474
11.373419,-145.0938,589.1875,265.8750,662.4829220971002
11.397517,-145.3750,589.4062,265.6562,662.6513874792122
11.421769,-145.3125,589.1250,265.6562,662.387523618397
11.445159,-144.8438,589.1562,265.0938,662.0872262150867
11.469457,-145.0312,589.2500,265.6250,662.4245365334549
11.493898,-145.3750,588.9688,265.5625,662.2246752483726
11.517618,-145.2812,589.1875,265.3125,662.29847834195
11.541510,-145.7500,589.1875,265.8750,662.6269601225489
11.565780,-145.3438,589.1250,264.9688,662.1189543923547
11.589954,-145.0000,588.8750,265.0625,661.8586665831687
11.615181,-145.5000,589.3750,265.0625,662.4132166036921
11.639666,-145.4062,589.3125,264.7188,662.1995294447702
11.662711,-144.7188,589.4375,266.0000,662.6734361718542
11.686434,-145.0938,589.6250,265.5312,662.734246618224
11.711659,-145.2812,589.7188,265.4688,662.8336917581117
11.735879,-144.7812,589.2500,265.5312,662.3322561812349
11.759948,-145.4062,589.1562,264.8750,662.1229720211534
11.783604,-144.9688,589.3438,265.0938,662.2814284197372
11.807678,-145.2188,589.2500,266.2188,662.7039087730848
11.831553,-145.4062,589.0625,265.6250,662.3399784629586
11.855627,-145.1562,589.1250,265.6250,662.3407304130272
11.879359,-145.3438,589.5625,265.0312,662.5332524084168
11.909497,-145.3750,589.0312,265.6562,662.3178596909681
11.934717,-144.3438,589.4062,265.9688,662.5512973949168
11.962262,-144.8438,589.2500,265.0000,662.1331243896974
11.988727,-145.4062,589.1875,264.8750,662.1507783883611
12.012466,-144.9062,589.3125,265.8438,662.5405220508214
12.039213,-145.5000,589.0000,265.7500,662.3551256690024
12.066047,-145.3438,589.2812,265.6875,662.5458813711508
12.092075,-144.9375,589.3438,264.8438,662.1745589226265
12.116651,-145.7500,589.7500,264.7812,662.6893958345512
12.141239,-145.9062,588.8438,264.2812,661.7175944499946
12.167818,-145.8438,589.1250,265.6250,662.4917400723291
12.194351,-144.8750,588.8125,265.0000,661.7506522711179
12.217402,-145.2812,589.1562,265.4688,662.3332890185933
12.243211,-145.2500,589.1250,264.2500,661.8110686782143
12.267682,-145.0938,589.6562,266.2188,663.0377910079391
12.292198,-145.0000,589.1875,265.4375,662.2869291798684
12.317357,-145.5000,589.1875,265.7500,662.5218657948204
12.342092,-145.1875,588.9688,265.4375,662.1334193643019
12.366932,-144.9688,589.2500,265.6250,662.4108555885558
12.391151,-145.3125,589.3438,265.4375,662.4944110908125
12.415638,-145.0938,589.4062,264.6562,662.189440033732
12.441082,-145.3125,589.0625,265.1250,662.11903551212
12.464503,-144.9062,588.9688,265.3750,662.0467509101038
12.488666,-145.6250,588.4688,265.3750,661.7597758828822
12.512529,-145.1562,589.3750,266.2188,662.8013657127035
12.536958,-145.3125,588.7500,265.0000,661.7909678714647
12.560534,-145.5000,589.5938,265.7500,662.883174125775
12.584460,-145.6562,589.0938,265.4062,662.3350111478235
12.608971,-145.0938,589.1875,265.4062,662.2949373084283
12.632964,-145.0000,589.2812,265.5312,662.4079078091723
12.656474,-144.6875,589.5000,265.4375,662.4966332461622
12.681423,-145.0938,589.2812,264.8125,662.1406557876318
12.705150,-145.3438,589.4062,265.0938,662.4192248811831
12.729867,-145.1562,589.2188,266.5938,662.813171115879
12.753364,-145.1875,589.3750,265.4062,662.4822852879256
12.777008,-144.8125,589.0312,264.9062,661.89409645492
12.803434,-144.9688,589.3125,265.4688,662.4038181950456
12.827055,-145.2812,588.8750,266.0625,662.3214182953866
12.850412,-145.5000,588.8750,264.9375,661.9183443078534
12.873818,-145.1562,589.4688,265.1250,662.44623160346
12.898755,-144.9688,588.8438,265.2500,661.8991334717284
12.922052,-144.6562,589.2500,265.2500,662.1922346751452
12.946425,-145.0625,589.2812,264.5312,662.0213763424675
12.969860,-145.6562,589.4375,265.3438,662.6157372371825
12.995772,-145.0000,589.3125,265.9062,662.5861124754371
13.021786,-145.1875,589.0938,265.4375,662.2446095300154
13.044949,-145.3125,589.0938,264.9688,662.0842902696567
13.069882,-145.3125,588.8750,265.7500,662.2028018524612
13.093868,-144.8438,589.3750,265.6250,662.4947118008282
13.117762,-145.4375,588.7812,265.1250,661.8962852160545
13.141341,-145.1562,588.8750,265.4688,662.055707448871
13.165722,-144.8750,589.2812,265.4375,662.342980360487
13.190376,-145.1562,589.2188,264.8750,662.1237330670341
13.213717,-145.8438,589.6250,265.0938,662.7237254905885
13.237018,-145.0938,588.7500,265.1875,661.8180784364481
13.260673,-145.5625,588.8125,264.7812,661.813955665837
13.284072,-145.2500,589.0938,265.2812,662.1957039958995
13.307804,-145.2500,589.0000,265.2188,662.0872660394266
13.331671,-144.5938,588.8125,265.4062,661.8519398131089
13.357052,-145.3125,588.8750,265.2188,661.989783631751
13.380600,-144.7500,588.8750,266.0938,662.2176469364604
13.405036,-145.6250,588.8438,265.6562,662.2060447497629
13.429452,-144.7500,589.3438,265.1562,662.2586013621303
13.454110,-145.3750,588.9688,265.8750,662.3500545229558
13.477570,-145.3438,589.0312,265.5000,662.2483440074615
13.501252,-145.3125,589.2500,265.3438,662.3734526838409
13.525676,-145.3750,589.3125,264.8438,662.2426482757755
13.549324,-145.2500,588.6562,265.6562,661.9569369136674
13.573301,-145.7188,589.0000,264.4062,661.8652575416124
13.596907,-145.1875,589.1250,265.5000,662.2974601953792
13.621028,-144.8125,589.3750,265.4375,662.4127242041022
13.644334,-144.9375,589.1250,265.2812,662.1550317960383
13.668001,-144.9688,588.8125,265.1562,661.8337673063191
13.691899,-145.2500,589.0625,264.9062,662.0177585951245
13.715008,-145.3125,589.3438,265.7188,662.607147880156
13.738818,-145.1875,589.1562,265.5312,662.3377852703823
13.763783,-144.7812,588.7188,265.3125,661.7719392731722
13.788713,-144.8125,589.0625,265.0625,661.9844544766515
13.815988,-144.2812,589.6875,265.1875,662.4747820966942
13.840631,-145.4375,589.1250,265.1875,662.2271077111689
13.865680,-145.2500,588.8125,265.7500,662.1335100689664
13.890193,-145.5312,589.0312,265.3125,662.2143768141666
13.914408,-145.0625,589.0938,265.7188,662.3300002996052
13.938277,-145.6250,589.4375,265.5000,662.671454818487
13.961754,-145.3438,589.5938,265.4688,662.7361865249909
13.985531,-144.9688,588.8438,265.2500,661.8991334717284
14.010327,-145.7188,589.0625,265.4688,662.3460124695966
14.034169,-145.0000,589.4688,265.5312,662.574714242194
14.058428,-144.5000,588.7188,265.8125,661.9110980772361
14.082362,-145.4688,589.0625,265.4062,662.2660067313398
14.106514,-145.0938,588.7500,264.5938,661.5803891653115
14.130464,-145.3125,589.0000,265.0625,662.038406410459
14.154248,-144.7188,588.8438,265.2500,661.8444235737164
14.178123,-144.7188,589.3750,266.3125,662.7433552158878
14.201550,-144.5000,588.9375,265.6562,662.0429533423888
14.224828,-145.4688,589.3750,265.6250,662.6316386021441
14.248401,-144.9375,588.8750,264.9062,661.78241576844
14.272565,-145.0938,588.7500,265.9062,662.1064057824278
14.295860,-145.3750,589.0938,266.0312,662.5239338247525
14.318956,-145.6562,589.3125,265.8438,662.7049609248259
14.342849,-145.3438,589.3750,265.0312,662.3664089955234
14.367634,-145.0000,589.0312,264.7812,661.8851288766995
14.391232,-144.7812,589.2188,265.4062,662.2543493569427
14.415735,-145.5000,589.2812,265.2812,662.4173783975817
14.442441,-144.9688,589.0000,265.3125,662.0631851513966
14.465778,-144.6250,588.9062,265.0625,661.8044203692754
14.488842,-144.8125,589.2188,264.9688,662.0859717471553
14.512716,-144.6875,589.1562,265.1250,662.0655746943141
14.536527,-144.9062,589.2812,266.2188,662.6632898706457
14.561101,-145.5625,589.3438,265.1875,662.4491733156307
14.584280,-145.4062,589.0938,265.5000,662.3176532662594
14.608013,-145.0938,589.1250,265.3750,662.2268135156281
14.631639,-144.5938,589.2812,265.1250,662.1563333274288
14.655007,-144.9688,588.8125,265.9375,662.1471532363954
14.678710,-144.6875,588.9375,265.7188,662.108983222598
14.702528,-145.0625,588.6875,265.0625,661.7055466510387
14.725890,-145.1875,589.2500,265.0000,662.208405757772
14.750520,-145.5000,589.0625,265.3438,662.2478271540892
14.773800,-144.7500,589.5000,265.5938,662.5729035653832
14.797474,-145.2500,589.3125,264.9688,662.2652215183978
14.821910,-144.5938,588.9062,266.0625,662.1987448903652
14.847617,-145.6250,589.0938,265.9688,662.5537433979413
14.871613,-145.1875,589.1875,265.5938,662.3906402958623
14.894748,-144.9062,589.3750,265.4062,662.420704275708
14.918541,-144.6250,589.2188,265.4375,662.2327327932474
14.941824,-145.1875,589.1562,265.1250,662.1750242158885
14.965207,-145.0312,589.2812,265.6875,662.4773979045436
14.989062,-145.2500,589.3750,265.8125,662.6588400385601
15.011339,-145.2188,588.9688,266.2188,662.453844942942
15.034540,-144.7500,589.1562,265.8125,662.3548403766009
15.058908,-145.5312,589.0938,266.0625,662.5707848387785
15.082628,-145.4062,589.1562,266.1562,662.6365624285967
15.106290,-145.1562,588.8125,265.0312,661.8247959595311
15.130410,-144.9062,588.9375,265.6250,662.1192043886905
15.152866,-145.3750,589.3750,265.1875,662.435801724401
15.176491,-145.2812,589.1562,265.3125,662.270678176133
15.199581,-144.9062,589.4062,265.4062,662.4485084647617
15.223167,-145.0625,589.2812,265.6562,662.4717078274928
15.246962,-144.9062,589.3750,265.7188,662.545972756325
15.270888,-145.6250,588.8438,265.7500,662.243659870793
15.293917,-145.4062,589.1875,264.8750,662.1507783883611
15.316408,-145.6562,589.0625,265.4688,662.3322650278144
15.340442,-145.3750,589.4062,265.8750,662.7391144251729
15.364443,-145.2812,589.0312,265.3750,662.1845254180477
15.387222,-145.3438,589.2188,265.4062,662.3775498570943
15.411509,-145.1562,589.1250,264.8750,662.0403070539304
15.436442,-145.2188,589.2500,265.5625,662.4405552634987
15.459442,-145.0312,588.9375,265.0000,661.8960963646881
15.484541,-145.5312,589.4375,265.4688,662.6383390352349
15.509608,-145.1875,589.3438,265.6562,662.5546837691022
15.533229,-145.1875,589.4062,265.0625,662.3724530817707
15.558135,-145.0312,589.0938,265.0938,662.0726591958677
15.581957,-145.0312,589.0312,265.1875,662.0545952633929
15.605710,-145.5938,589.3125,265.2500,662.4532626497604
15.629041,-144.9062,588.9062,265.1875,661.9160088216443
15.652926,-145.1250,589.0312,264.9688,661.9875509238259
15.676126,-145.4688,588.9375,264.8125,661.9170614881161
15.699534,-145.1562,589.2812,265.8438,662.5674516075231
15.722818,-145.1875,589.0000,266.0312,662.3994536024411
15.746202,-145.2812,588.9375,265.3125,662.0760856306944
15.769713,-145.3750,589.0625,264.9688,662.0702062529415
15.792922,-144.9375,588.7812,265.2188,661.8241644193531
15.816798,-145.0000,589.0625,265.9375,662.3763151053183
15.839887,-145.0000,588.6875,265.6562,661.9299176048115
15.864442,-145.1562,589.0000,265.3438,662.1167892283996
15.888375,-145.2188,589.1250,265.7812,662.4171071372817
15.912141,-145.6250,589.0000,264.9688,662.0695424965285
15.935766,-145.3438,589.3125,265.3750,662.4484273853418
15.960421,-144.9375,589.2500,264.6875,662.0286353795431
15.984961,-145.4688,589.4375,265.3125,662.5620320310111
16.009087,-145.5625,589.0938,264.9688,662.1392045271712
16.032965,-145.0625,589.2188,265.2812,662.2658120870916
16.058531,-145.3125,589.6562,264.9688,662.5848280008191
16.081676,-144.7812,589.0312,265.3125,662.04995769532
16.104515,-145.3750,588.9375,265.5000,662.1718202485289
16.128123,-145.0312,589.1875,265.6250,662.3689411935108
16.152312,-145.1562,589.2500,264.5000,662.0016234225279
16.176056,-145.0000,589.4062,265.5938,662.5441627379454
16.198872,-145.5625,588.7500,265.1875,661.9210028866738
16.222391,-145.0312,589.1875,265.1875,662.193615031935
16.246095,-145.2500,589.1562,264.8438,662.0761748682133
16.269799,-145.4688,588.9062,265.0938,662.0018314209467
16.293741,-145.4688,588.7188,264.6562,661.6599235953372
16.317584,-145.5625,589.2500,264.6250,662.1407664018657
16.340830,-144.8438,588.5625,265.0312,661.5338931580717
16.364116,-145.5938,589.2188,264.3438,662.0074724311557
16.387279,-144.7812,589.3125,265.0312,662.1875840608724
16.411046,-145.0938,588.8438,265.7188,662.1145009019871
16.435670,-145.0938,588.8438,265.0312,661.8388940517832
16.458895,-145.4688,589.4375,265.3125,662.5620320310111
16.482283,-145.0312,588.9375,264.8750,661.8460606574708
16.506042,-145.4688,589.0312,265.3125,662.200644336273
16.529694,-145.2500,589.3438,265.1875,662.3805766478305
16.552977,-144.5000,589.5625,265.0625,662.3611705953936
16.576888,-144.7188,589.2812,264.9375,662.1085916293301
16.600282,-145.1250,588.8750,265.2812,661.9736949845986
16.623416,-145.6562,589.3750,265.2500,662.5226005873781
16.646873,-145.3750,588.8750,265.4375,662.0911739754956
16.670365,-145.0938,589.0625,265.4688,662.2087906558437
16.694114,-145.3438,589.2188,265.2500,662.3149579434432
16.718440,-145.1562,589.2500,265.5312,662.4143296612966
16.741961,-145.3438,589.3750,264.7812,662.2664166637359
16.765388,-144.5938,589.3438,265.4688,662.3496549630622
16.789321,-145.5000,589.4688,266.0312,662.8848189566005
16.813139,-145.0312,589.2812,265.4062,662.3646523005191
16.836594,-145.7500,589.0938,265.2812,662.3055566659734
16.860594,-144.9688,589.1875,266.2188,662.5935945090135
16.883275,-145.0625,589.2188,265.2812,662.2658120870916
16.906337,-144.8438,589.2812,265.5000,662.3611956596076
16.930487,-145.2500,589.0625,265.4375,662.2305171256456
16.954593,-145.7188,589.1562,265.7812,662.5546874539396
16.977883,-144.9062,588.9688,265.0312,661.9090369848318
17.001028,-145.1875,588.9375,265.5312,662.1432124465692
17.026406,-145.8125,589.2188,265.5000,662.5181284371112
17.053509,-145.2188,589.3125,265.9375,662.6465588185473
17.078740,-145.4375,589.3125,265.9062,662.6819922493462
17.101811,-145.6562,589.2188,265.4688,662.4712338978859
17.125802,-144.8438,589.4688,265.0938,662.3653187099152
17.149948,-144.6562,589.2188,265.2188,662.1519095850947
17.174423,-144.8125,588.8750,265.0625,661.8176143678105
17.198644,-144.7500,588.9375,264.8125,661.7594741010513
17.227812,-145.6562,588.3438,265.3125,661.6304361079341
17.251367,-144.8750,589.2500,265.8125,662.4655562980237
17.280239,-145.2500,588.9688,265.5625,662.1972458284711
17.307262,-145.3125,588.9375,265.4375,662.1330440090949
17.334099,-144.9062,588.9688,265.3125,662.0217008692955
17.358803,-145.1250,588.8125,265.8750,662.1562817086689
17.384027,-145.6250,589.3125,265.4375,662.5352290161634
17.408982,-145.2188,589.0625,264.8125,661.9733940379043
17.436138,-145.1250,589.5000,265.5000,662.6173598880428
17.463235,-145.4688,589.1562,264.9375,662.1617046061143
17.488297,-145.1250,589.3438,265.1875,662.3531772742639
17.512683,-145.1875,588.9062,265.4375,662.0778261288943
17.536399,-145.5000,589.3125,265.5000,662.5328087394993
17.561106,-145.0938,589.5000,265.5625,662.6355617496789
17.588432,-145.3125,589.0312,265.3438,662.1788593702422
17.611629,-145.0938,589.4375,265.5625,662.5799605342456
17.635464,-145.5312,589.0000,265.4062,662.224148053833
17.659703,-144.4688,588.7500,265.9375,661.9822778087133
17.684342,-145.1562,589.0625,265.3125,662.1598662532806
17.708547,-145.5625,588.8125,266.3438,662.4406348696934
17.733540,-145.0000,588.8125,265.5000,661.9784061102371
17.756909,-145.3750,589.0000,265.5625,662.2524684976644
17.780428,-145.1250,589.2812,265.4375,662.3977080522037
17.803963,-145.2812,589.1562,265.4062,662.3082409684237
17.828212,-145.5625,589.0938,265.5000,662.3519741763532
17.850751,-144.9375,589.1250,265.2188,662.12999470105
17.874533,-144.9375,589.2188,265.5938,662.3636873326277
17.899091,-145.4375,588.7500,265.5000,662.0187904480129
17.923983,-145.0625,589.1562,265.7188,662.3855900620688
17.948179,-144.9062,589.4062,265.0938,662.3233689952269
17.972042,-145.1875,588.7500,265.5625,661.9889833392244
17.995808,-144.4375,589.2812,265.1875,662.1472594250183
18.020085,-145.0312,588.8750,265.5938,662.0784463646472
18.043865,-145.5000,589.4062,265.5938,662.6537690062021
18.068436,-144.9688,589.5000,265.3125,662.5080460891116
18.092756,-145.0625,589.2812,266.0312,662.6221747605305
18.116779,-145.3125,589.4375,265.5938,662.6404221759811
18.141654,-144.9688,589.2812,265.5625,662.4135954857622
18.165129,-145.5625,588.9062,265.1250,662.0349524914168
18.189216,-145.1562,589.0312,266.0938,662.445495252015
18.213016,-145.4375,588.9688,265.0625,662.0380531276601
18.238637,-145.0625,588.8125,265.0625,661.8167555817471
18.263449,-144.7188,589.1875,265.4688,662.237936080662
18.286833,-145.2812,589.4688,265.3125,662.5486936704162
18.310661,-145.3125,589.0625,265.5938,662.3068711719383
18.335622,-145.4375,589.0938,265.1250,662.1742809263378
18.359368,-145.5312,589.5000,264.2812,662.2191282559912
18.383058,-145.0312,589.3438,265.0938,662.2951120381966
18.406375,-144.9688,589.0312,264.8125,661.8907856356477
18.430632,-145.2500,589.0938,265.2812,662.1957039958995
18.454597,-145.5625,589.2500,265.6562,662.5535805278789
18.478223,-144.8438,588.8750,264.8125,661.7243668592781
18.502430,-144.9062,589.0625,265.6250,662.2303910425076
18.526736,-144.7812,589.1250,264.7188,661.8956810390328
18.550585,-145.2500,588.9688,265.0000,661.9718656986583
18.574341,-145.5938,588.7188,265.5312,662.0378775925042
18.599732,-145.5000,589.0938,265.3750,662.2881449294276
18.623930,-145.3125,589.1875,265.2812,662.2928162180702
18.646706,-145.1875,588.9062,265.4062,662.0652981272882
18.670601,-145.1875,589.2500,265.8125,662.5339672896024
18.694801,-145.3750,588.8750,265.4375,662.0911739754956
18.718557,-144.4062,589.2188,265.7812,662.3228617843321
18.742554,-145.5312,589.2500,264.9375,662.2588513057508
18.767155,-145.4062,589.0938,265.1875,662.1924448258036
18.791271,-144.9062,588.9688,265.5938,662.1344650482163
18.814949,-145.2812,589.0000,265.2500,662.1066410341786
18.838460,-145.1875,588.9062,265.4062,662.0652981272882
18.862156,-144.9062,589.2188,265.6875,662.3944476645883
18.884974,-144.7500,589.1875,264.8125,661.9819731778955
18.910828,-144.8438,589.2812,264.9688,662.1484289735856
18.934226,-145.3438,589.5625,265.3125,662.6458101629878
18.957539,-145.1250,589.1875,264.9062,662.1015760971367
18.981369,-145.1250,589.0000,265.8750,662.323018813328
19.006368,-145.3125,589.0000,265.4375,662.1886355582524
19.029070,-144.4688,588.8125,265.7500,661.9625687173049
19.052333,-144.9688,588.7500,264.8750,661.6655247189191
19.076486,-145.2812,588.8750,264.5625,661.7202759722664
19.101152,-144.9062,589.1875,265.4688,662.2789356999624
19.125684,-145.3438,589.1250,265.0312,662.1439683072141
19.150145,-145.5625,588.7812,265.0625,661.8987314265397
19.173253,-145.3438,588.7500,265.2188,661.8854534703305
19.197320,-145.4062,589.0938,265.9062,662.4806092386309
19.221615,-145.2812,589.1562,266.3750,662.6970417473018
19.245407,-145.6250,589.2188,265.2812,662.3892492923817
19.269697,-145.1250,589.1875,265.3750,662.2892618835443
19.292678,-145.8125,588.9375,265.2188,662.1553061133487
19.317166,-145.5625,589.3125,265.2812,662.4589086608033
19.341859,-145.0938,588.8438,264.7188,661.71381639247
19.364840,-144.6562,589.1250,264.9375,661.9558710331925
19.388448,-145.7188,588.8125,266.0625,662.3619615920456
19.412260,-145.4375,588.6562,265.0625,661.7600592182657
19.435621,-144.7500,588.7500,265.0625,661.6927186438204
19.458528,-145.0000,588.6875,265.7188,661.9550035748748
19.482102,-144.9062,589.0938,265.6875,662.2832590624461
19.506455,-145.1875,589.3438,265.1875,662.3668741540163
19.528900,-145.4062,589.0625,264.7188,661.9770562843361
19.552485,-144.4688,589.1875,265.8438,662.3337748423185
19.576371,-144.4062,588.7812,265.4062,661.7831993407565
19.601071,-145.1250,588.9375,265.6562,662.1796491099017
19.625031,-144.6250,589.0625,265.3750,662.0686596994681
19.648666,-145.2188,589.4688,265.4062,662.5725395133634
19.672523,-145.9062,589.1562,265.5625,662.5082355030577
19.697045,-145.1562,589.0312,265.2500,662.1070252539427
19.720630,-145.0625,588.9688,265.0625,661.9557736654788
19.744262,-144.6562,589.3438,265.2500,662.2756592447929
19.767366,-144.9375,589.1250,265.0625,662.0674236341039
19.792445,-145.1875,589.1875,265.2188,662.2403684947502
19.816156,-145.3438,589.0625,265.5312,662.2886676494435
19.840324,-144.8750,588.9375,264.6875,661.7368186730281
19.864615,-144.6875,589.1250,266.1875,662.4639789735741
19.890078,-145.5312,589.1250,266.0625,662.5985694655645
19.914445,-144.9688,588.9688,265.0938,661.9477496314853
19.938798,-145.1562,588.8438,264.8750,661.7900455983945
19.963561,-145.2188,588.8125,265.9062,662.1893832559346
19.987669,-145.6562,589.2500,265.0938,662.3488521565694
20.011537,-145.3438,589.0000,265.3438,662.157920233629
20.035449,-145.3438,588.6875,265.0938,661.7797780299538
20.059583,-145.0312,589.0000,265.9062,662.3150287179244
20.082693,-145.4375,588.8125,264.8438,661.8114825813786
20.106953,-145.8125,589.1562,265.9688,662.6505474583681
20.130906,-145.3438,589.0938,265.8438,662.4418097970474
20.155149,-145.5312,589.3750,265.1562,662.4576003531282
20.178723,-144.9688,588.8438,265.6250,662.0495004269885
20.202439,-144.7812,589.0625,264.8750,661.902564493304
20.227964,-145.0312,588.9375,265.6875,662.1716469610145
20.252222,-144.9062,589.5938,264.8750,662.4027301824208
20.280462,-145.1875,588.7500,265.4375,661.9388484312581
20.308693,-145.2500,589.0625,265.3438,662.1929455002617
20.333793,-144.6562,589.1875,265.5312,662.2493378984044
20.360077,-145.4688,588.7812,265.6250,662.1035857047785
20.388175,-145.2812,589.0625,265.7500,662.3626899273634
20.413432,-145.1875,588.9688,265.2188,662.0457567150287
20.441986,-145.3438,589.0625,265.0312,662.0883612078338
20.467889,-145.0000,589.1250,266.1875,662.532301688944
20.492017,-145.4375,588.8750,264.8125,661.8545853792206
20.520944,-145.2500,588.7500,265.6562,662.0403070539304
20.546447,-144.9375,589.4688,264.9375,662.323308542786
20.570858,-145.3125,588.8125,265.8125,662.1723098776858
20.594028,-144.8125,589.0938,265.2812,662.099877697372
20.616906,-144.5625,589.0625,265.8750,662.25558581072
20.641396,-145.2500,588.9375,265.7188,662.2321311351576
20.666133,-145.0000,589.6250,265.1562,662.5635649045777
20.690783,-144.4375,589.1250,265.3750,662.0833389054961
20.716741,-145.0312,589.1562,265.1562,662.1532959252619
20.741384,-145.3750,588.9688,266.4062,662.5634831022797
20.765195,-145.3125,589.3125,265.2812,662.4040209072274
20.790637,-145.0938,589.1875,265.4062,662.2949373084283
20.816990,-145.0312,588.8125,265.7500,662.0855580155879
20.842161,-145.1250,589.0000,265.5000,662.1725723895546
20.865255,-145.1875,589.1562,264.8438,662.0624660742935
20.889871,-145.0000,589.0312,265.5000,662.1729860667547
20.918248,-145.5000,588.8750,265.9688,662.3317836262748
20.942441,-144.7500,588.9062,264.8438,661.7441693759946
20.967098,-145.7500,589.4688,265.3750,662.676663503071
20.992798,-145.0000,589.6875,265.7188,662.8444778059273
21.023022,-145.1250,588.4688,265.5000,661.7000720504437
21.048837,-145.0938,589.2812,265.1562,662.2782080098118
21.072587,-145.5938,589.0938,265.1562,662.2211286588397
21.098282,-144.5312,589.1562,266.0000,662.3823436208313
21.123915,-144.5938,589.1875,265.3125,662.1480086442626
21.146913,-145.1875,589.1250,264.9062,662.0596627724065
21.171098,-144.8438,588.9375,265.2500,661.9551747061976
21.195354,-145.4062,589.1875,265.5312,662.4135660007839
21.220054,-145.0625,588.8125,265.0625,661.8167555817471
21.243792,-145.1875,588.9375,265.3750,662.0805688792717
21.268461,-145.4688,589.0000,265.0312,662.06020927339
21.293103,-145.4062,589.2812,265.1875,662.359252443019
21.319016,-144.9375,589.3438,265.9062,662.6002326888929
21.342926,-144.6250,589.2188,265.1875,662.132566887336
21.366203,-145.4062,588.7500,264.5000,661.6115099052181
21.389989,-145.2188,589.5625,265.4688,662.6809820602784
21.414524,-144.9688,588.9375,265.2500,661.9825374455224
21.439033,-144.2500,588.4688,265.5000,661.5087166671067
21.462739,-144.7812,588.9688,265.2500,661.9693054274685
21.487024,-145.0938,588.7812,265.0938,661.8083203841483
21.518242,-145.2188,589.2812,265.6250,662.4934094601432
21.543302,-145.2188,589.1875,265.7812,662.4726925386245
21.566999,-145.1250,589.0938,265.0625,662.0806905659706
21.592455,-145.4062,588.9688,265.1562,662.0687297627697
21.617913,-144.4375,588.8438,265.1562,661.7454119481109
21.641374,-145.0000,589.0000,266.0312,662.3583818270608
21.667717,-144.3750,589.5625,264.9062,662.2713970271648
21.692096,-144.7812,589.4062,265.6875,662.5339127523021
21.716418,-145.8125,588.7812,265.9688,662.317160795623
21.740792,-144.9375,589.3438,264.6875,662.1120805623187
21.766449,-145.7500,589.0312,264.9062,662.0998393487382
21.790476,-144.7812,589.2812,265.3125,662.2723945699194
21.814377,-145.0000,589.1250,264.8125,661.9810614974193
21.839848,-144.8750,588.9062,265.1875,661.909168292986
21.863929,-145.1250,588.7188,265.2188,661.8096535848695
21.887589,-145.2500,589.1875,265.5625,662.3918131004489
21.911681,-144.9375,589.0312,265.2812,662.0716230019037
21.936371,-145.0000,589.2500,264.6875,662.0423212727793
21.960451,-145.0938,588.7500,265.3438,661.8807025840268
21.984755,-144.7500,588.8438,265.5000,661.9514894718966
22.007630,-144.3750,588.9062,265.8125,662.0506000830394
22.033262,-144.9375,589.2188,265.3438,662.2634822499841
22.061950,-144.8438,589.2500,265.6250,662.3835105428444
22.086307,-145.0000,589.3125,265.1562,662.2854819262706
22.109423,-144.6250,588.5625,264.8438,661.4109304700917
22.133841,-145.1875,589.4688,265.6562,662.6658739869399
22.158326,-145.3125,589.1250,265.2812,662.2372157186671
22.182445,-145.0312,589.1562,265.8438,662.4289016979011
22.207221,-144.9688,588.6562,265.4688,661.8200483267242
22.231464,-145.0938,589.8125,265.0938,662.7259446667039
22.257235,-144.9062,589.2500,265.1875,662.2218615730777
22.280846,-144.9375,589.0938,264.9062,661.9770739869887
22.304435,-145.5312,588.9375,265.2500,662.105947815614
22.328525,-144.8125,589.0000,265.2812,662.0164663796608
22.351861,-145.3125,589.0625,265.6562,662.3319369670788
22.376303,-144.9375,589.5000,265.1250,662.4261426991314
22.401256,-144.9688,589.0938,265.3750,662.1716359001078
22.426821,-144.9375,589.2500,265.9688,662.5419363201189
22.452245,-144.9062,588.8438,265.4688,661.973141773658
22.476464,-145.1875,589.0000,264.8438,661.9234261380334
22.500922,-145.2188,589.0312,265.2500,662.1207301754907
22.523627,-145.4688,588.9062,264.9688,661.9517860027175
22.547476,-144.9688,589.1562,265.0938,662.1145834972127
22.571978,-144.4062,588.8438,265.1875,661.751114173127
22.595893,-145.6250,588.4375,265.6562,661.844827127411
22.619737,-145.0625,588.6875,266.2500,662.1821230314965
22.643848,-145.1250,589.5312,265.1250,662.4950007181658
22.668159,-144.8125,588.9688,265.0625,661.9010330397306
22.692831,-145.3750,589.3125,265.8125,662.6306651804608
22.716699,-144.9375,588.7812,265.5938,661.9745307010497
22.740188,-144.7812,588.9375,266.0000,662.2423946394647
22.764285,-145.3750,589.1875,265.2812,662.3065320399705
22.788107,-145.4688,588.9688,264.8438,661.9573684288041
22.812821,-144.8438,588.6875,265.7500,661.9333403525709
22.836023,-144.7188,589.0000,264.9688,661.8707993846873
22.859641,-145.5625,588.9375,265.7188,662.3007431779482
22.884114,-145.1562,588.9688,265.3125,662.0764669181914
22.907787,-145.2500,589.0625,265.2812,662.1679039396371
22.931951,-145.2188,588.9375,265.7812,662.250358330877
22.956988,-145.0625,589.3750,265.0000,662.2922463167223
22.981178,-144.8750,588.7812,266.0312,662.1365055282218
23.005607,-144.9688,589.5625,265.4688,662.6262423941381
23.029585,-145.2500,588.8438,264.8438,661.7981084349856
23.054571,-145.1250,589.0000,265.5625,662.1976344198536
23.079549,-144.3750,589.2812,264.8438,661.9960303057904
23.105173,-145.0312,589.3125,264.8750,662.1797729905471
23.129214,-144.8125,589.1250,265.1250,662.0650960489081
23.151982,-145.3750,588.6875,265.4375,661.9244138778233
23.176146,-145.1250,588.8438,265.0312,661.8457456353595
23.201347,-144.8125,589.2812,265.2188,662.2416757569513
23.224582,-145.8750,588.9375,266.0938,662.5200210712975
23.249354,-144.9688,589.2812,265.3125,662.3134097497763
23.274057,-144.8750,588.8750,265.1250,661.8563264599047
23.297512,-145.5000,589.1875,265.8750,662.5720155434049
23.322168,-144.8750,588.6250,265.0625,661.6088611530607
23.346664,-144.3125,589.3125,265.5000,662.2730330554763
23.371311,-145.1250,589.0938,266.1875,662.5318838141395
23.395400,-145.1875,588.8438,265.4375,662.0222341255334
23.418755,-145.2188,589.0312,266.0000,662.4215416395552
23.444645,-145.0312,588.9375,265.0938,661.9336361538633
23.468556,-145.0312,588.9062,265.3750,662.0185234497785
23.492700,-144.7188,588.9062,265.8438,662.138193510001
23.517838,-144.6875,588.7500,264.8125,661.5789411041587
23.542868,-145.4688,589.0000,265.5312,662.2605242297966
23.567453,-145.1875,588.8750,265.5000,662.075090742168
23.591772,-144.4688,589.0312,266.0000,662.2575278568942
23.615370,-145.7812,588.8750,265.0938,662.0427741208456
23.638508,-145.3750,589.3125,265.5312,662.517892594466
23.663776,-145.4688,588.5312,265.5625,661.8562010432289
23.687064,-144.8125,588.7500,265.1875,661.7564754594397
23.712017,-145.5938,588.9375,265.6250,662.2700050359464
23.738012,-144.9062,588.5625,265.5625,661.7605904717827
23.761566,-144.7500,588.9688,265.5625,662.0877527811646
23.785378,-144.9062,589.4375,265.8438,662.6517087500605
23.809225,-145.3438,589.5000,265.3125,662.5902039121258
23.833448,-145.1562,588.6875,264.9688,661.6885581955268
23.857520,-145.2812,589.0312,265.3125,662.159480589363
23.881515,-144.6562,588.8750,265.4062,661.9211991076619
23.906935,-145.1875,588.9375,265.5000,662.1306812574841
23.931802,-145.1562,588.9375,265.1562,661.9860668732953
23.955605,-145.1562,588.8750,265.8438,662.2061627266278
23.980367,-145.3438,588.7188,265.2500,661.8701796920791
24.004554,-145.0312,588.9062,265.4688,662.0561093987333
24.029390,-145.0625,588.6875,265.5312,661.8934553907166
24.053027,-144.5938,589.0000,265.0312,661.8685035682125
24.077305,-144.7500,588.8125,264.6250,661.5732108249623
24.101473,-145.2812,588.9688,265.0312,661.9912337445924
24.126205,-145.3750,588.9375,265.7500,662.2720981826503
24.150362,-144.9688,588.6875,265.7812,661.9732502030388
24.173892,-145.4375,589.1562,265.3750,662.3300113578672
24.198365,-144.6562,588.8438,265.0000,661.7306042326628
24.224030,-145.0312,589.0938,265.5625,662.2604858904651
24.248180,-145.1875,588.8750,265.5938,662.1126911790111
24.273387,-144.8438,588.6875,265.6250,661.8831658195519
24.296891,-145.1250,588.8438,265.0000,661.833232422687
24.320727,-144.9688,589.1562,266.2188,662.5658067257829
24.343987,-145.4062,589.0000,265.4062,662.1966891174593
24.368195,-144.6562,588.9375,265.4688,662.0018631370119
24.392587,-145.1562,589.0312,265.6250,662.2573450069278
24.417763,-145.2188,588.9375,266.3438,662.4763070645432
24.443002,-145.2812,588.9688,265.8438,662.3169403632883
24.467577,-145.4375,588.7188,265.7500,662.0913045100446
24.492780,-145.3750,588.8750,265.2812,662.0285476107224
24.517586,-145.4688,589.2188,265.1562,662.3048614438727
24.542153,-145.0938,589.0938,265.3125,662.1739690099386
24.565749,-145.0625,589.0938,264.9688,662.0294658637748
24.592112,-145.6250,588.9062,264.6875,661.8736167655518
24.616962,-145.0312,589.3750,265.1562,662.347938032289
24.641647,-145.4062,589.0625,265.2500,662.1896774681047
24.665008,-144.9375,588.8438,265.5000,661.9925156830042
24.689895,-145.1875,588.8750,265.2188,661.9623562807877
24.714883,-144.9375,589.0312,265.1875,662.0340644854028
24.739775,-145.0938,588.8438,265.4688,662.014210897083
24.764577,-144.8750,589.0938,265.3438,662.1385939349292
24.789550,-144.7188,589.2188,265.6875,662.3534551954681
24.816307,-145.5000,588.7188,265.5625,662.029801449914
24.840442,-145.2188,588.7188,265.1562,661.805174403455
24.865085,-144.9062,588.8750,265.4688,662.0009396825845
24.888077,-145.5312,588.9062,265.7500,662.2786260446769
24.912337,-145.3438,588.9688,265.5625,662.2178157878833
24.936245,-144.9375,588.8125,265.5625,661.9897887949254
24.959822,-145.5938,589.0000,265.0938,662.112706665659
24.984690,-145.6875,588.9375,265.4375,662.215443015904
25.009414,-145.3750,588.9375,265.4375,662.1467631405443
25.033926,-144.9688,588.8125,264.8125,661.6961226945965
25.060054,-145.1562,588.6875,265.4062,661.8638735490667
25.083899,-145.1562,588.8438,264.9375,661.8150630911742
25.109277,-144.9688,589.0938,265.1562,662.083998960621
25.132684,-144.7500,589.1250,265.1875,662.0764595431936
25.156079,-145.1562,588.7188,264.7188,661.6162937210566
25.180711,-144.7812,589.1562,265.1250,662.0860690957219
25.204834,-145.2812,589.0000,265.1875,662.0816050592348
25.229792,-145.5625,589.3750,265.1562,662.4644661755923
25.254726,-145.2812,589.0625,265.5312,662.2749544066837
25.279807,-145.3750,588.6875,266.0312,662.1627362346907
25.303848,-144.6562,589.3750,265.5312,662.4161577253569
25.327987,-145.0312,588.7188,265.7812,662.0147301455515
25.352523,-145.1250,588.7188,264.9688,661.7095062813629
25.375980,-145.3125,588.4375,265.1250,661.5630579827595
25.399718,-145.1562,588.8125,265.0938,661.8498268938166
25.424660,-144.8438,588.8750,265.4688,661.9872617850173
25.448727,-144.6562,589.0625,265.6875,662.2008058184183
25.472825,-144.7812,588.8125,265.0938,661.767683403228
25.496900,-145.2188,588.8125,265.4688,662.013823673173
25.520671,-145.2812,588.4688,264.6562,661.396282112462
25.544767,-144.5312,588.4062,265.9062,661.6776640137458
25.569002,-145.1875,589.2500,265.3438,662.3460412203824
25.593217,-145.0312,589.0000,265.1562,662.0142750655948
25.617666,-144.3125,588.6250,265.6562,661.724059896051
25.642763,-145.1250,589.1250,265.6562,662.3464157176836
25.667910,-144.9062,588.8438,265.0938,661.8228460035114
25.693124,-144.8750,588.9062,265.1250,661.8841307502867
25.717378,-145.6875,588.8750,265.2812,662.0972397486736
25.741362,-145.5000,589.5938,266.2500,663.0837824431106
25.766958,-145.0312,588.7812,265.0000,661.757073122853
25.791999,-144.9375,588.8750,265.7188,662.1080717170064
25.816017,-144.9375,589.5938,265.2188,662.5470959085663
25.841547,-145.3125,589.1250,265.4062,662.2872985497401
25.866183,-145.1562,589.2188,265.4688,662.3614794749069
25.890416,-145.3125,588.9062,265.2812,662.0426236632163
25.915666,-144.5938,588.9688,265.1562,661.8907598159136
25.940296,-145.2812,589.1250,265.5625,662.3430747224678
25.964175,-145.4375,588.8438,266.2812,662.4158304432912
25.988279,-145.0312,588.9688,265.0312,661.9364134338641
26.012319,-144.8125,588.9688,265.5938,662.1139544458151
26.036448,-144.6875,589.1562,265.6562,662.2784933352245
26.060604,-145.1875,588.8438,265.4375,662.0222341255334
26.084269,-145.7188,589.0312,265.3125,662.2556079297291
26.109226,-145.4688,588.8750,265.6250,662.1869550788225
26.133102,-144.6562,588.8750,265.2500,661.8585640369569
26.158411,-145.2812,589.2188,265.0312,662.2136667494016
26.182997,-144.9062,589.0312,265.0312,661.9646502965151
26.207872,-145.4062,589.3750,264.9375,662.3426206053122
26.231760,-144.7500,588.1875,265.7500,661.4681852940851
26.256562,-144.6250,588.7812,265.4062,661.8309667246049
26.281185,-146.0625,589.2500,265.7188,662.6886678583032
26.304414,-145.1875,589.2500,265.8750,662.5590451282436
26.329674,-144.3125,589.0000,265.3125,661.9197990032478
26.353613,-145.3438,589.1875,264.9375,662.1620607725592
26.378183,-145.3125,588.9375,265.2188,662.0453813101202
26.401464,-145.1875,589.1875,265.6562,662.4157029211812
26.425851,-145.2188,589.3125,266.0000,662.6716441857253
26.455283,-145.3750,589.1875,265.3750,662.3440883757097
26.479248,-144.1562,589.0625,265.3125,661.9413689871351
26.503318,-144.9062,588.7188,265.1875,661.7491957281663
26.526156,-145.0625,589.5625,265.2812,662.5716654929205
26.551031,-145.1562,588.9062,266.2188,662.3845794209641
26.576048,-145.2812,588.8125,265.0938,661.8772530060804
26.600586,-144.9688,588.8438,265.7188,662.0871200168355
26.624654,-144.8438,589.0000,265.3125,662.0358257453387
26.654216,-145.1250,588.8438,265.8125,662.1589784147856
26.680102,-145.0938,589.0625,265.2500,662.1211276611799
26.703922,-145.0625,589.2812,265.7500,662.5093078650386
26.727477,-145.4062,588.9688,265.1562,662.0687297627697
26.751721,-144.7500,589.1562,265.5000,662.2294915012941
26.776223,-145.0312,588.9688,265.4688,662.1117044575541
26.801007,-144.5312,589.4062,266.1562,662.6674574624044
26.824926,-145.3438,588.6875,265.0312,661.7547444460637
26.848897,-145.5000,589.0312,265.1562,662.1449240088041
26.875662,-145.1875,589.2500,265.5938,662.4462338147243
26.899961,-144.6250,589.0000,265.5312,662.0757021304757
26.924518,-144.8750,589.0938,265.0625,662.025936667373
26.947284,-145.1562,588.4688,265.5000,661.706926547263
26.971923,-144.9062,588.9375,265.5312,662.0815998967763
26.996326,-145.0312,589.2812,264.9688,662.1894695286898
27.019840,-144.8438,589.3750,265.6250,662.4947118008282
27.046620,-145.1250,588.9688,265.3750,662.0946644752263
27.071383,-144.8750,589.2500,265.5000,662.3402283758703
27.095448,-145.4062,588.9375,264.8125,661.9033287433766
27.119295,-144.6562,589.0938,265.4062,662.1158165247131
27.147869,-144.9688,589.4062,265.3438,662.4371454558444
27.173633,-145.4375,589.5938,264.9688,662.5566352560927
27.197392,-145.1875,589.5938,265.2812,662.6268495894767
27.221513,-145.1250,588.7500,265.6562,662.0128935972944
27.245471,-145.5938,589.2188,265.5312,662.482543254679
27.269734,-145.1250,589.4062,265.8750,662.6843206150743
27.293370,-144.9375,589.0312,264.9688,661.9464712946018
27.317462,-145.1562,589.1250,265.7500,662.3908702866174
27.340381,-145.0000,588.9375,265.5625,662.1146579803984
27.363991,-145.4062,589.1250,265.2500,662.2452760602091
27.388045,-144.6562,588.9062,265.2500,661.8863682333433
27.412082,-144.9688,588.9375,265.0938,661.9199450627508
27.435419,-144.7188,589.3125,265.5938,662.3992597345464
27.459689,-145.5625,589.1875,265.5938,662.4729365050035
27.483383,-145.5625,588.9688,265.4062,662.2032221470045
27.506813,-145.1250,589.3125,265.2812,662.3629140303769
27.530868,-145.4062,589.1250,265.4688,662.3329226232265
27.554295,-145.3438,589.2500,265.8438,662.5807630607193
27.577477,-144.7812,589.1875,265.6875,662.339314976895
27.600831,-144.5000,588.7500,265.5000,661.8134650337662
27.624369,-145.5000,589.0312,265.4375,662.257600849407
27.648242,-145.3750,589.2812,265.6562,662.5402066219265
27.671403,-144.3125,589.0312,265.4062,661.9851876529225
27.695852,-144.5938,589.0312,265.0312,661.8963132486746
27.719989,-145.1562,589.0938,265.2500,662.1626278363383
27.743347,-145.6562,589.0938,265.0000,662.1723261003324
27.767482,-145.0312,589.0938,265.6250,662.2855504921008
27.791243,-145.3750,589.3438,265.8125,662.658457612451
27.815008,-145.4375,588.6250,265.5625,661.9326993263741
27.839340,-144.7812,588.6250,265.0938,661.6008594807182
27.862347,-145.4375,588.7500,265.8750,662.1692718114077
27.886600,-144.9688,589.0625,265.7188,662.2816783547428
27.911876,-145.2812,588.8438,265.7188,662.1556143514812
27.936003,-144.6875,588.8125,265.5000,661.9100262214646
27.960883,-145.2500,588.8438,265.5938,662.0986062914836
27.984069,-145.5000,589.1562,264.6250,662.0435994245867
28.008695,-145.6250,588.6250,265.0625,661.7734961119628
28.032191,-145.1875,588.9688,265.4375,662.1334193643019
28.056163,-145.2500,588.8438,264.9688,661.8481418653564
28.080008,-145.1875,588.5312,265.5000,661.7693649473451
28.104513,-144.9062,589.3438,266.0938,662.6686658822699
28.128434,-144.8438,588.7500,265.1250,661.7382715538391
28.151951,-144.9375,588.9688,265.3438,662.0410659822206
28.175841,-145.2500,589.0000,265.8750,662.3504194344562
28.199530,-144.6875,589.3438,265.6562,662.4452969750597
28.223150,-145.2188,589.0938,264.5000,661.876258556405
28.246519,-144.8438,588.5938,266.0625,661.9755043499533
28.270833,-144.8438,589.0000,264.8750,661.8606179091354
28.294763,-144.9062,589.0625,265.4688,662.1677336006904
28.318364,-144.8125,589.3750,265.1562,662.3000737545727
28.342680,-144.8750,588.9062,265.0625,661.8590981623751
28.367275,-145.1875,588.7188,265.6875,662.0113476475026
28.390766,-145.0938,589.0312,265.9062,662.3565078978899
28.414878,-145.2188,588.6562,265.0312,661.6995009006638
28.438970,-145.0625,589.0938,265.3750,662.1921668370236
28.462172,-145.3750,588.7812,265.8125,662.1582410064927
28.486542,-145.1250,588.6562,265.7188,661.9546059894326
28.510355,-145.0625,589.0625,265.3438,662.1518432176736
28.533665,-145.0625,588.9688,265.5312,662.1436113936122
28.556914,-144.9688,589.7500,265.4062,662.7680427688294
28.581662,-144.7500,589.1562,265.2188,662.1167833287607
28.606080,-145.1250,589.0000,265.3438,662.1099389746861
28.631716,-145.0625,589.8750,265.0625,662.7622299418548
28.655376,-145.0625,588.8750,265.1875,661.9224310200555
28.678946,-145.0000,589.5312,265.1875,662.49264515375
28.703817,-144.9062,589.1875,265.3750,662.2413623976628
28.728112,-144.4375,588.8125,264.9062,661.6174671602636
28.752326,-144.9062,589.2812,265.5312,662.3873924050695
28.777077,-145.1562,589.2188,264.9688,662.1612422531143
28.801119,-144.8438,589.5000,265.6875,662.6309754081169
28.824569,-145.2188,589.0938,264.8750,662.0262058752849
28.848466,-145.4688,588.8438,265.3125,662.0338675603198
28.872273,-144.6875,588.7812,265.8125,662.0076420737622
28.896000,-145.0312,589.0938,265.9375,662.4109477294853
28.920116,-144.9688,589.1562,265.0938,662.1145834972127
28.944156,-145.2188,588.6562,265.4688,661.8748546683032
28.969040,-145.0625,589.3438,265.6562,662.5273033878491
28.992349,-144.9062,588.7500,264.5000,661.5018018033379
29.017227,-145.2812,589.1250,265.1562,662.180295796111
29.040766,-144.8125,589.2500,265.5312,662.3390879170672
29.064112,-145.1250,589.0938,265.2188,662.1432603792211
29.088684,-144.9375,589.1875,264.4375,661.8730848650291
29.112311,-144.7500,589.1250,264.9062,661.9638580874808
29.135842,-144.6562,588.9375,265.5312,662.0269286795477
29.159334,-145.4375,589.1562,265.5000,662.3801048645049
29.185345,-144.6875,589.0312,265.0312,661.916799612591
29.209842,-144.5938,588.7500,265.6875,661.9091800959649
29.233051,-145.0000,588.7188,265.5000,661.8950193207096
29.256876,-145.3438,588.6875,264.8750,661.6921821703144
29.282321,-144.9688,588.8750,265.6875,662.1023725662161
29.306333,-145.1250,588.5625,264.9062,661.5454657998289
29.330443,-145.2188,588.5938,265.5312,661.8443416825345
29.355558,-145.0625,589.2500,265.5000,662.3812658931788
29.379548,-144.7500,588.7812,265.9688,662.0840572224383
29.403309,-145.1562,588.9375,265.1875,661.9985845729298
29.426448,-145.1875,589.1562,265.3125,662.2501187063408
29.449868,-144.5312,588.9688,265.5312,662.0274280040726
29.473451,-145.0000,589.3750,266.0312,662.6918715372647
29.496763,-144.9062,589.0938,265.0938,662.045288380778
29.520323,-145.3438,588.6875,265.0938,661.7797780299538
29.543571,-145.0000,588.9375,265.4375,662.0645325891578
29.566981,-144.5000,589.3750,265.4062,662.3319546602463
29.590791,-145.2500,589.3750,264.7812,662.245848213911
29.614180,-144.6562,588.9688,265.4688,662.0296642652711
29.638224,-145.0938,588.7500,264.2500,661.4429841559003
29.661904,-144.8438,588.7812,265.1875,661.7911169106721
29.685380,-144.7500,589.0000,265.8125,662.2158618277351
29.709252,-145.4062,589.0625,265.0312,662.1020842150211
29.733125,-144.9375,589.0625,265.3750,662.1369937086282
29.756193,-145.2812,589.1875,265.4688,662.3610865565511
29.781727,-145.1875,588.9375,265.3750,662.0805688792717
29.805710,-145.0000,588.9688,264.9688,661.9045451975119
29.830697,-145.2812,589.3125,265.4688,662.4722797856338
29.856769,-145.2500,589.2500,265.7188,662.5100596229181
29.881243,-144.6875,589.0000,265.0625,661.9015044268293
29.905447,-144.6250,588.6562,265.5000,661.757373430068
29.928927,-145.3438,588.2188,265.1875,661.400418560402
29.952558,-145.5625,588.6562,265.9688,662.151038696516
29.975980,-145.4375,588.8750,265.8125,662.2553262809594
29.999595,-145.0625,588.8125,265.8750,662.1425863720744
30.022655,-145.4062,588.9062,265.1875,662.0256482828856
30.046213,-145.0000,588.9062,265.4375,662.0367344002238
30.070542,-144.9375,588.9062,264.6875,661.7226933176483
30.093428,-145.3438,588.6250,264.5000,661.4865427875782
30.117341,-144.7500,588.5000,266.2812,661.959603451421
30.141124,-144.9688,588.9688,265.3438,662.0479080981885
30.165592,-145.1875,588.8125,264.7812,661.7315775025871
30.189413,-145.0312,589.0312,264.8125,661.9044773299053
30.213319,-144.8125,589.3438,265.2188,662.2972906270077
30.237445,-145.3125,589.3125,264.9062,662.2539290948469
30.260120,-145.5000,588.8438,265.1875,661.9906510444936
30.283620,-145.1562,588.7500,265.4062,661.9194640990133
30.306489,-144.7500,589.0312,264.9062,661.8804252020337
30.328900,-144.6562,588.4688,265.3125,661.5222014769232
30.352467,-144.7188,588.8125,264.9375,661.6914353866631
30.376924,-144.8125,588.9062,264.8438,661.7578434437895
30.400933,-145.3125,588.4062,264.9062,661.4476237650076
30.424713,-145.0312,588.7188,265.3438,661.8392068638632
30.448740,-144.6875,589.0000,265.8125,662.202203116616
30.474491,-145.1875,588.7500,264.6250,661.6134545799761
30.498458,-144.9375,589.1250,264.8438,661.9798761634016
30.522166,-145.0000,589.0938,265.5000,662.2285831108942
30.547747,-145.5312,588.9062,265.3438,662.115716230696
30.573294,-145.4062,588.7812,265.2500,661.9394990409811
30.599833,-144.6875,588.7188,265.5312,661.8391677623613
30.624076,-145.1562,588.9688,265.7812,662.2644473638816
30.649766,-144.8750,589.1250,264.9062,661.9912027656127
30.675690,-145.1562,589.3750,264.9375,662.2877821954082
30.701402,-144.8750,588.7188,264.9062,661.6296951585721
30.725880,-145.4062,589.0938,265.3438,662.2550335725562
30.750449,-145.1562,588.6250,265.0938,661.6830236813735
30.774522,-145.1562,589.0000,266.0000,662.3800547375068
30.799001,-144.9062,589.1562,265.1562,662.1259284435156
30.823279,-145.0000,589.1250,265.4375,662.2313281861935
30.847582,-145.0000,589.0000,265.4375,662.1201298905282
30.872532,-144.9688,588.6562,265.4688,661.8200483267242
30.896078,-145.2500,588.9062,265.1250,661.9663128997295
30.921649,-145.1250,589.2188,265.5000,662.3671572297063
30.945419,-145.1562,588.4062,265.0312,661.4633893343512
30.969050,-145.7812,588.9062,266.0000,662.4339545499046
30.993864,-144.8438,589.1562,265.0000,662.0496951348327
31.018127,-145.4688,588.6250,265.8438,662.0524505397024
31.042384,-144.6875,589.0938,265.9688,662.3483184260945
31.068901,-145.0312,588.9688,265.5312,662.1367658419879
31.095029,-145.2188,589.0938,264.9375,662.0512144440753
31.119515,-145.3750,588.9688,265.0000,661.9993044570081
31.156737,-145.5000,588.7500,265.2812,661.9448270827128
31.182818,-144.8125,588.7188,265.3750,661.8038360290853
31.206810,-144.7500,588.5938,265.0000,661.5286577609942
31.232424,-145.2188,588.9375,264.9688,661.9246956673961
31.255645,-145.2188,589.4688,265.4688,662.5975775723056
31.279536,-145.2812,588.8750,265.8438,662.2335740814
31.304814,-145.1875,589.0625,265.1562,662.1041277446943
31.328867,-145.1562,589.0312,265.3125,662.1320661672224
31.357005,-145.2500,588.5625,265.2812,661.7231449086638
31.380951,-145.0000,588.5938,265.3438,661.7211710404353
31.406740,-144.8750,589.1250,265.1562,662.091283860513
31.430239,-145.0625,588.9062,264.6875,661.7500833785837
31.458779,-145.7500,588.9688,265.7188,662.3697646165056
31.483297,-144.7188,589.0312,265.0312,661.923631210344
31.507840,-144.9062,588.6875,265.6250,661.8968458682308
31.531412,-144.6250,588.6250,265.1250,661.5792068036903
31.560235,-145.7188,589.2188,265.3750,662.4474168401028
31.584930,-144.4062,589.2812,266.3750,662.6169310134061
31.607788,-144.8125,588.9375,265.2188,661.9358159323776
31.631074,-145.0938,589.0000,264.8125,661.8903658804171
31.655685,-145.0938,588.5312,264.8750,661.4982948886754
31.678172,-145.2812,589.3750,265.1875,662.4152341113635
31.703055,-145.0625,589.1562,265.1250,662.1476281353823
31.734302,-144.9375,588.7812,265.2188,661.8241644193531
31.758431,-144.8750,589.1875,265.3438,662.2220031419316
31.782597,-144.9688,588.6562,264.8750,661.5821073499683
31.806557,-145.1875,589.0938,265.2188,662.1569616011561
31.829489,-144.5625,589.5312,265.2188,662.409538340425
31.853548,-145.1875,588.9375,265.5000,662.1306812574841
31.877059,-145.0312,589.0312,265.6875,662.2550298860515
31.909318,-144.8438,589.0625,266.0000,662.3672250499058
31.938827,-145.0312,588.9375,265.4062,662.0588492890001
31.962832,-145.1875,589.2500,265.0000,662.208405757772
31.985745,-145.1250,588.7500,265.0625,661.7748537314258
32.009759,-144.8438,589.4688,265.4062,662.4904502554641
32.034187,-145.5000,588.9688,265.4375,662.2020121404136
32.058549,-145.5938,589.5938,264.3750,662.3537353281289
32.083678,-144.4688,589.0625,264.7188,661.7717621917507
32.107683,-145.0000,588.7812,264.9062,661.7126881363429
32.130969,-145.5000,588.7500,265.5000,662.0325237478896
32.154653,-145.8125,589.0000,264.8438,662.0607955998546
32.178087,-144.7812,588.7812,265.8438,662.0406861494145
32.201599,-144.8750,589.3750,265.0000,662.2512032831651
32.227674,-145.4062,589.0625,265.4062,662.2522812224772
32.251536,-145.2812,588.6562,265.1875,661.7758173444199
32.274877,-144.9688,588.9375,265.5938,662.1203496509339
32.298878,-145.0312,588.4688,264.8750,661.4289824524815
32.322336,-144.0625,589.0312,265.0000,661.7679482891359
32.345114,-145.1562,588.9062,266.1562,662.3594625406868
32.368390,-145.0938,588.9375,264.8750,661.8597591788705
32.392318,-144.4062,589.5938,265.0938,662.3810469564988
32.416014,-145.2812,589.1875,265.0938,662.2108788345862
32.439350,-145.2500,589.0625,265.6562,662.3182275691289
32.464027,-145.0625,589.2500,264.9375,662.156001492473
32.488250,-145.2812,588.9688,265.9375,662.3545757254003
32.512731,-145.4688,589.0938,265.1562,662.1936577993537
32.536506,-144.9688,588.7500,265.0938,661.7531241071893
32.560045,-144.8438,589.2188,265.2500,662.2054135731789
32.584894,-145.1250,588.8438,265.5625,662.0586597464854
32.609008,-144.7500,588.6875,265.8125,661.9379278395369
32.632520,-145.3125,589.1250,265.5312,662.3374011844812
32.656125,-145.1875,588.8750,265.0000,661.8747432719049
32.679964,-145.5312,589.0312,265.6875,662.3647075889347
32.702909,-145.5938,589.0625,264.7188,662.0182667773413
32.726708,-145.1875,588.5938,265.1562,661.6871236539026
32.750943,-144.5000,588.7500,264.6875,661.4879327366826
32.773851,-145.0312,589.1875,265.8438,662.4566952238274
32.798236,-144.8438,589.0000,265.5312,662.1235206822251
32.821789,-145.0000,588.7812,265.5000,661.9506102055972
32.846068,-145.0000,589.1875,265.5938,662.3495679739759
32.869070,-145.3438,589.2188,265.2500,662.3149579434432
32.892725,-145.0312,589.1562,265.0938,662.1282705637085
32.916576,-145.1562,589.5000,265.6875,662.6993545872159
32.939749,-144.8750,588.6250,265.3438,661.721589427202
32.963395,-144.5938,588.9062,264.9375,661.7475370066555
32.987508,-145.6562,588.9062,265.7500,662.3061051757903
33.011191,-145.5312,589.1562,265.6250,662.4508074307291
33.035829,-145.2500,588.5312,265.6562,661.8457810476887
33.059733,-145.2812,588.8438,265.0938,661.9050534666491
33.082261,-144.3438,588.7812,265.6250,661.8573253659923
33.105810,-144.8438,589.2500,265.3125,662.2582555697683
33.130113,-144.4375,589.0312,265.2188,661.9373008332246
33.153260,-145.9062,589.0625,265.3750,662.3497213106626
33.177042,-144.9688,588.6250,265.2500,661.7045349712835
33.200204,-145.3438,589.0625,265.3125,662.2009945828853
33.224149,-145.1562,588.8438,265.4688,662.0279118395897
33.248602,-144.8750,588.8750,265.5000,662.0066323308249
33.273036,-145.0312,588.6875,265.3125,661.7988809215852
33.296401,-145.4062,589.2188,265.5312,662.4413616443251
33.320034,-144.9688,589.0000,264.8750,661.8879845574797
33.342811,-144.6562,589.1875,264.8438,661.9739819164912
33.365542,-145.5312,588.4062,265.0938,661.5708246701085
33.390015,-145.1875,589.0312,264.8125,661.9387311444032
33.413787,-145.1250,589.0312,265.4375,662.1753132727107
33.437860,-145.1250,588.9688,265.3750,662.0946644752263
33.461706,-145.2812,589.0000,265.3125,662.131681961989
33.484328,-145.1250,588.9062,264.9375,661.8638196942876
33.509122,-145.0625,588.6875,265.0625,661.7055466510387
33.533034,-145.0000,589.3438,265.1875,662.3258003583376
33.556094,-145.0000,589.3438,265.3750,662.4008954470567
33.579627,-145.5000,589.5312,265.7500,662.8275848413089
33.603853,-144.7500,588.8750,266.0312,662.192535522383
33.627141,-145.1875,588.9688,265.3438,662.0958422289593
33.650290,-145.0312,588.9375,265.2500,661.996227242129
33.674205,-144.9688,588.8125,265.9062,662.134602948581
33.697900,-145.6875,588.8438,265.1250,662.0068543416394
33.722547,-144.4375,589.0312,265.1250,661.8997435471723
33.746648,-145.6875,588.9375,265.1250,662.0902447457597
33.770634,-145.0312,589.0938,266.2188,662.5239109777001
33.795533,-145.5000,589.2500,264.9688,662.2644871775645
33.819239,-145.1250,588.9688,265.5938,662.1823722666022
33.842678,-144.5000,588.5312,265.5312,661.6314132151866
33.866323,-144.8438,588.7500,265.1250,661.7382715538391
33.890779,-146.0625,589.0000,265.4375,662.3536218006964
33.914991,-144.6875,588.8750,265.7188,662.053390885367
33.938941,-144.8750,588.6250,265.8125,661.9096927876567
33.961761,-145.0000,589.2188,265.9375,662.5152747354679
33.985024,-144.5938,589.0938,264.6562,661.8018808466682
34.008469,-144.8750,588.7812,265.7500,662.0235558320886
34.032498,-144.7812,588.8750,266.3438,662.3249724573467
34.055725,-144.7812,589.0312,265.4062,662.0875330099393
34.079720,-145.0312,588.8125,265.2500,661.8850248591613
34.104689,-145.3438,589.6562,265.8438,662.9420775921434
34.127673,-145.1250,589.2812,265.0625,662.2475263319694
34.151458,-145.0625,588.7500,265.8750,662.0870086561508
34.175401,-145.0000,588.9375,264.9375,661.8642291380461
34.198352,-145.0000,589.2500,265.5000,662.3675811058389
34.220971,-144.5000,588.7500,265.2812,661.72573933735
34.244035,-145.2812,589.3750,265.1250,662.3902156973354
34.268198,-145.1562,589.1250,265.3750,662.2405100596478
34.292741,-144.7188,589.0938,265.1562,662.0293043398362
34.316248,-145.1250,588.7500,264.5312,661.5622497932923
34.339639,-145.1562,588.9062,265.6875,662.1712436064971
34.364574,-145.0312,589.2188,265.7500,662.4468743439922
34.387834,-145.5000,588.9375,265.0000,661.9989644298925
34.410967,-145.1250,588.5938,264.9062,661.5732683937018
34.434962,-145.2812,589.1250,265.3125,662.2428783179269
34.457662,-145.0312,588.7188,265.0000,661.7014659785219
34.481354,-144.9062,588.7812,265.4062,661.8924830965279
34.505193,-145.4375,589.0938,265.3438,662.2618955967307
34.528764,-145.1250,588.5938,265.6562,661.8739391516522
34.551793,-144.9688,589.0938,265.4062,662.1841604151276
34.575837,-145.3125,588.8438,264.6875,661.7493160000715
34.598637,-144.9688,589.0312,264.3750,661.715869976023
34.623558,-145.0312,588.6875,265.5000,661.8740712044947
34.646965,-144.8438,588.6875,265.0312,661.6451073248219
34.678349,-144.9375,588.9688,265.2188,661.9909763239791
34.707381,-145.1875,588.7188,265.1562,661.7983179729871
34.733399,-145.0000,589.0312,264.6875,661.8476306014946
34.762743,-145.4688,589.1562,265.3750,662.3368740796673
34.790077,-145.1562,589.0000,265.2500,662.0792244241338
34.818084,-145.4688,589.1250,265.0938,662.1964354635451
34.841777,-145.2812,589.0938,265.8438,662.4280997245569
34.867771,-145.6562,588.9688,266.0625,662.4871210422698
34.893108,-144.9062,588.8438,265.5312,661.9982084036841
34.925341,-145.4688,589.1875,265.4062,662.37719233219
34.950490,-144.8125,589.2812,265.5000,662.3543626774209
34.984559,-144.8750,589.0938,264.8438,661.9383837096358
35.008828,-145.1250,588.5625,265.8125,661.9088813329973
35.034293,-145.0000,589.0312,265.0625,661.9976906174314
35.061122,-145.3125,588.8438,265.7500,662.1750124176482
35.086914,-144.5938,588.9375,265.3750,661.9506190572772
35.110383,-145.5625,589.0000,265.7500,662.3688578928285
35.134159,-145.5000,588.6875,265.0625,661.8015953157714
35.159949,-145.6875,588.8750,265.2188,662.0722004682061
35.184581,-144.7812,589.0312,266.3125,662.4513351819702
35.208885,-145.1562,589.0938,265.3125,662.1876666469823
35.233475,-144.7188,588.7812,265.5625,661.9141321647204
35.257078,-145.2500,588.7500,265.3438,661.9149723824522
35.285337,-145.2812,588.5625,264.5938,661.4546927393251
35.313917,-144.8750,588.8438,265.7188,662.066599097572
35.340791,-145.0938,588.7812,265.3125,661.8959731686506
35.365293,-144.6562,588.8438,265.4062,661.8933978498255
35.389569,-144.6562,588.7812,265.1562,661.7375823766454
35.412760,-145.9062,588.7812,265.5625,662.1747771901879
35.436614,-144.7812,588.7188,265.1875,661.7218351462909
35.460595,-145.2188,588.6875,266.0625,662.1410060659757
35.484888,-145.2812,588.7188,265.0938,661.7938534711451
35.509796,-144.8125,588.8750,265.0000,661.7925851664176
35.533261,-144.6562,588.8438,265.3438,661.8683390540656
35.556724,-144.5000,588.6250,265.5312,661.7148066588525
35.581434,-145.5312,588.6562,265.3125,661.8808412749798
35.605561,-145.4688,588.3438,265.7500,661.7647526807582
35.629195,-144.5000,588.7812,265.5000,661.8412652226835
35.654216,-144.8750,589.3750,265.5625,662.4764883799651
35.677709,-145.1250,588.7812,265.5625,662.0030720342712
35.701794,-145.1250,589.2812,265.5625,662.4478082330808
35.727883,-145.0625,588.6250,265.7188,661.9131163776802
35.751742,-145.3125,589.2500,265.0000,662.2358229182788
35.775878,-145.8438,588.7188,264.5625,661.7049814092946
35.805120,-145.3750,589.3750,265.2188,662.4483123999656
35.828815,-144.7812,589.3438,265.2500,662.3029733555671
35.853523,-144.7500,589.1250,265.4375,662.1766339363312
35.877780,-145.1875,588.3125,265.9688,661.7630873575999
35.902162,-145.3750,588.9375,265.4375,662.1467631405443
35.926271,-145.0938,589.1250,265.4688,662.2643876433527
35.949570,-145.4062,589.3750,265.5312,662.5803444795393
35.974213,-145.3438,588.5625,265.3125,661.7562577917662
35.998687,-144.7188,588.6250,264.6562,661.4120031346763
36.024626,-144.8438,589.0625,266.0938,662.4048796690548
36.048255,-144.5312,589.0000,265.5312,662.0552295338547
36.072136,-145.0312,588.7188,265.8438,662.0398247025533
36.097115,-145.5312,589.4062,265.0938,662.4603901779242
36.121017,-144.9375,589.0000,265.1250,661.9812267211586
36.145622,-144.9688,589.2188,265.4688,662.320414191415
36.168623,-145.0312,588.6250,265.5625,661.843558182606
36.193337,-144.7500,588.4688,266.1875,661.8941134220885
36.216713,-144.9062,589.0000,265.5000,662.1246644621106
36.240309,-145.0938,588.9062,265.3438,662.0196924882125
36.264440,-145.1562,588.9062,265.0938,661.933232654312
36.289077,-145.3125,589.0312,266.3438,662.580205935006
36.312637,-145.1875,588.8750,265.2812,661.9873997160463
36.336387,-145.0312,588.5938,265.4062,661.7530835248805
36.360718,-145.0000,589.0938,265.6562,662.2912421685229
36.384486,-145.0000,589.1562,265.8750,662.4346024620562
36.408270,-144.5625,589.0312,265.0625,661.9020008951949
36.432326,-144.6562,588.8750,264.9375,661.7333867920769
36.455475,-145.0625,588.9375,265.3750,662.053168890158
36.480170,-144.5312,588.8125,265.0938,661.7130334758981
36.507670,-145.3125,589.0000,265.1875,662.0884629809675
36.532011,-145.0000,589.0312,265.4375,662.1479290028872
36.555368,-145.1875,588.6250,264.7812,661.5647444754085
36.578915,-145.0312,588.9062,265.3125,661.9934723408344
36.603698,-144.6250,588.9375,265.9062,662.1705998610271
36.627262,-145.0938,588.9688,265.1250,661.9876512372606
36.650151,-144.9062,588.3438,265.2500,661.4406639700383
36.673814,-144.6562,588.5312,265.1875,661.5276812400786
36.697514,-145.2188,588.9688,265.6875,662.2405314418432
36.720966,-145.0312,589.1875,265.3438,662.2562036680932
36.745020,-144.3438,589.2188,264.7500,661.8960764467674
36.768045,-145.6875,589.0938,265.1562,662.2417465392641
36.791674,-144.8125,588.7500,265.3438,661.819105436155
36.816403,-145.3750,589.0312,264.9062,662.0173905499953
36.839973,-145.2812,589.1875,265.4062,662.3360395576213
36.863055,-145.3125,588.8438,265.9688,662.262833433128
36.885674,-145.3438,588.9688,265.4062,662.1551719043562
36.910593,-145.3125,589.2188,265.7188,662.4959713910531
36.934100,-145.1562,588.8438,265.3438,661.9777975825077
36.957246,-145.0938,588.8750,265.2500,661.9543219996849
36.982241,-144.8438,588.5625,265.1875,661.5965073037814
37.006896,-145.2812,588.8438,265.1562,661.9300872672941
37.030840,-145.3750,588.9062,265.5625,662.1690896744672
37.054591,-144.8750,588.5312,264.2188,661.1878293670604
37.078196,-145.1875,588.8750,265.5000,662.075090742168
37.101430,-144.8438,589.0312,265.7812,662.2516124874197
37.125185,-144.4688,588.6562,264.6562,661.3851608969524
37.149251,-144.7500,588.6250,265.5938,661.7945248822043
37.174176,-144.3125,588.9062,265.1250,661.7612368296533
37.198167,-144.9375,588.6562,265.5938,661.8633541822473
37.221361,-144.9688,589.2500,265.5312,662.373267654368
37.244626,-144.8438,588.6875,265.6875,661.9082506107342
37.268157,-145.4375,588.7812,265.1250,661.8962852160545
37.291788,-144.9688,589.2188,264.8125,662.0576515563996
37.315889,-145.0000,588.4375,265.9688,661.8331114282606
37.340235,-144.8750,588.8438,265.4375,661.9537702478267
37.363559,-144.4062,588.9062,265.0312,661.7441346960981
37.386748,-144.7188,589.0938,265.6875,662.2422597108063
37.410928,-145.2500,588.5938,265.3750,661.7885279030322
37.434614,-145.1250,588.8125,265.5312,662.01833094546
37.458262,-145.0938,589.0312,265.5312,662.2060513859622
37.481158,-145.0312,588.8438,265.0312,661.825195098515
37.505048,-144.8125,588.4375,266.4062,661.9680064788347
37.529367,-145.7500,588.9062,265.5000,662.2264595960074
37.553055,-145.1875,589.0000,265.6562,662.2489360658215
37.577599,-144.5000,588.7812,265.2188,661.7284909259424
37.600550,-145.4062,588.7188,265.0938,661.82130551206
37.625051,-144.7812,588.8125,265.6250,661.9806727789056
37.649444,-145.5000,588.8125,265.5000,662.0881060374443
37.673311,-144.7812,589.0938,265.9688,662.3688040791078
37.697528,-145.1250,589.0938,265.8750,662.4063915294466
37.720886,-144.8750,588.6875,264.8438,661.5768664299807
37.744741,-144.6250,589.0625,265.6562,662.1814424274608
37.768443,-145.1875,588.9062,265.5938,662.1404847042469
37.792227,-145.0312,588.6875,264.8750,661.6236103388485
37.816907,-144.7812,589.1250,265.2500,662.10832835463
37.839315,-144.8438,588.7188,265.7812,661.9736787570844
37.863376,-145.2188,588.9062,265.5312,662.1222707077504
37.886990,-144.7812,588.9375,265.3438,661.979074383681
37.913590,-145.0000,588.9375,265.7188,662.1773425660323
37.938925,-144.7188,588.6562,265.6875,661.853114310022
37.962199,-144.7500,589.2812,264.9062,662.1029190319471
37.987564,-144.9688,589.0938,265.1562,662.083998960621
38.011108,-144.4688,589.2188,265.5312,662.2362114870249
38.036211,-145.3750,588.5000,265.1250,661.6323799890691
38.060380,-145.2812,588.5625,264.5938,661.4546927393251
38.083811,-144.8750,588.6562,265.5000,661.8120551101064
38.107764,-144.7812,588.5938,266.1562,661.9995183568395
38.132018,-145.0312,588.6562,265.8438,661.9842472103754
38.155685,-145.4375,588.7188,265.4375,661.9659352368991
38.179329,-145.3125,588.7188,264.8438,661.7006129450652
38.203008,-145.0625,588.4688,264.5312,661.2982540876507
38.226898,-144.4062,589.2500,265.7500,662.3381236491392
38.253165,-144.9688,589.2812,264.8125,662.1132759840834
38.276620,-144.8438,589.0938,265.8438,662.3322864070477
38.301356,-144.9688,588.8438,265.2500,661.8991334717284
38.325286,-145.1562,588.3438,265.3125,661.5205421862386
38.350018,-145.0625,588.6250,264.7500,661.5248158846726
38.377549,-145.3125,588.9375,265.3750,662.1079913333625
38.401845,-144.7188,589.0938,265.2500,662.0668587013134
38.425534,-145.2500,588.7500,265.1250,661.8273117853328
38.448992,-145.2188,588.7812,265.2500,661.8983367580893
38.472860,-145.2812,588.7500,265.6875,662.0597040734411
38.497407,-145.3438,588.9375,265.3125,662.0898029924358
38.520897,-144.6250,589.4375,265.5312,662.4649437953774
38.544859,-145.4375,588.2500,264.5312,661.1859883064768
38.567907,-144.8125,589.0312,265.0625,661.9566470238534
38.593601,-145.1250,588.5625,265.2188,661.670663837239
38.616770,-145.2812,589.0312,265.6875,662.3098238244507
38.639986,-145.1875,588.9062,265.5000,662.1028858457819
38.663563,-145.5938,589.3750,265.3125,662.5338884316126
38.688824,-145.2188,588.7500,264.9375,661.7453639866413
38.713723,-145.7812,589.0000,265.0938,662.1539618099592
38.737168,-145.0000,588.7188,265.8750,662.0455288169859
38.761102,-145.2500,589.1250,265.5938,662.3487511606423
38.785648,-145.1875,588.9062,264.8438,661.8400058619719
38.809652,-145.2500,589.3125,265.2188,662.3652847997188
38.833631,-145.0312,589.0000,265.2500,662.0518302795956
38.857962,-145.1250,588.8438,265.5312,662.0461254819221
38.886947,-144.9375,588.7188,265.5938,661.9189418251112
38.911720,-145.2812,588.9062,264.8125,661.8480739919661
38.935927,-145.0000,588.8125,265.1562,661.8406130408684
38.960895,-145.2500,589.1562,265.0000,662.1386934880505
38.984266,-144.6562,588.5312,265.3438,661.5903328757815
39.007424,-144.7812,589.3125,265.0312,662.1875840608724
39.032068,-144.6875,588.9688,265.0625,661.8736964399344
39.055831,-144.7812,588.5938,264.5938,661.3728641467591
39.079843,-144.6562,588.4375,264.9375,661.3440866724087
39.104679,-144.3438,589.0000,265.1562,661.8640004397618
39.128376,-145.5312,588.7188,265.3750,661.9614807170618
39.152097,-144.7188,588.7812,265.0312,661.7011715492783
39.175011,-144.9688,588.7812,265.4062,661.9061688541568
39.198850,-145.0312,588.8125,265.8438,662.1231932555112
39.221720,-145.1562,588.9688,265.1875,662.0263858388689
39.245078,-145.0938,588.9375,266.2188,662.3986700219702
39.268156,-145.2188,588.9062,264.2188,661.5970106433277
39.292903,-145.0000,588.9062,265.1250,661.9115023279642
39.317183,-144.8125,588.3750,265.4375,661.5231418382126
39.340871,-145.1875,589.0312,265.2812,662.126396720728
39.367510,-145.1875,588.9062,265.5000,662.1028858457819
39.391345,-145.0000,588.8125,265.7188,662.0661706036735
39.414240,-145.6875,588.9688,265.6562,662.3309439373002
39.438447,-144.5625,588.7188,266.1250,662.0502991713035
39.462197,-145.3125,588.9375,265.2188,662.0453813101202
39.485432,-144.7812,589.1250,265.4062,662.1709398000074
39.509332,-145.0000,589.1250,265.8125,662.3817258811191
39.532627,-144.9062,589.1875,264.7812,662.0036569361796
39.556357,-145.1875,589.0000,264.9375,661.9609422484834
39.580302,-144.6875,588.5625,265.2812,661.599902255179
39.604400,-145.0625,588.6250,265.0000,661.6249084876189
39.628074,-145.8438,588.9062,265.4688,662.2345716811284
39.653062,-145.2188,589.1875,265.5000,662.3599063257169
39.676849,-145.2188,588.8438,265.5625,662.0792163116699
39.701496,-145.2812,589.1562,265.1875,662.2206117842263
39.726306,-145.3438,588.9375,264.8750,661.9146094439316
39.749398,-144.7188,588.8125,265.1875,661.791573619718
39.772870,-145.0000,588.9062,265.0625,661.8864707752474
39.797008,-145.0625,588.5312,264.7500,661.4413984872829
39.820957,-144.7500,589.2500,265.5312,662.3254258493799
39.844945,-145.0625,588.9375,265.1562,661.9655162669446
39.870150,-144.9688,588.8438,264.9375,661.7739639007227
39.894510,-144.7812,588.9375,265.5312,662.0542530521008
39.918424,-145.4688,588.9062,264.9375,661.9392777452287
39.942073,-145.5938,588.8750,264.8125,661.8889376778498
39.966230,-145.4688,589.2188,265.7812,662.5553300892594
39.988839,-144.6250,589.2188,265.9375,662.4333022145041
40.012052,-144.5938,588.6250,265.2500,661.6224797148767
40.035415,-145.5312,588.7500,265.3125,661.9642209989997
40.059099,-144.8438,588.8438,265.3125,661.8968170979333
40.083509,-145.3750,588.7812,265.4375,662.0077925393421
40.106790,-145.0000,588.9062,265.4062,662.0242056210068
40.130641,-145.4062,588.7812,265.5625,662.0647848185818
40.153993,-145.0000,588.5312,264.8438,661.465225193755
40.177189,-145.4688,588.5000,264.7812,661.5153192316297
40.201026,-145.1875,589.0938,265.5625,662.2947212922375
40.224321,-144.8125,589.0312,265.5938,662.1695505471956
40.248258,-144.4688,589.0312,264.9375,661.831483165749
40.273198,-145.5312,588.7500,265.2500,661.9391737361995
40.297336,-145.1875,588.8750,265.0625,661.899769366556
40.320290,-144.5312,589.0625,265.7500,662.198590781355
40.343557,-144.8438,589.1250,265.4062,662.184608004539
40.371508,-145.1562,588.3438,265.8438,661.733786724078
40.396619,-145.0625,588.9062,265.5938,662.1130871946083
40.419312,-145.0625,588.8438,265.4375,661.9948317219421
40.445060,-145.0312,588.9062,264.9375,661.843269718651
40.467975,-144.7500,589.2188,264.9688,662.0723044563373
40.491161,-144.7500,588.9688,265.2188,661.9499500174654
40.514481,-145.2188,588.7188,265.0938,661.7801358776096
40.538130,-145.4375,588.7812,265.4375,662.0215201668768
40.561602,-145.0625,588.4688,265.5000,661.6863672713928
40.584678,-145.1875,588.4375,265.2188,661.5731908973205
40.608019,-145.8438,589.0938,265.5312,662.4263660435682
40.631678,-145.1875,588.5938,265.5312,661.8374856578275
40.660162,-145.0312,588.7812,265.3438,661.8948024362992
40.687337,-145.2812,588.2500,265.0938,661.3768973819882
40.715618,-145.0000,588.5938,265.5938,661.8214582333554
40.739685,-145.0312,588.5000,265.6250,661.7574737783945
40.765517,-145.0000,588.9375,265.9062,662.2526048988501
40.789286,-144.5625,589.0938,265.0000,661.9325967916315
40.813530,-145.0938,588.8750,265.0312,661.8666975990143
40.837121,-145.1250,588.8750,265.2188,661.9486510308503
40.860862,-144.6875,588.3750,265.4375,661.4957896218992
40.885326,-145.3438,588.6562,265.4688,661.9022915466356
40.916728,-145.2812,588.6250,265.1562,661.7354978695226
40.941230,-145.3125,588.8438,265.0625,661.8993983050314
40.964810,-145.3438,589.3438,265.0312,662.3386028344471
40.987760,-145.0000,588.7500,265.3750,661.8726864926517
41.012585,-145.1875,588.6562,264.6250,661.5300306451041
41.034973,-145.6562,588.9062,264.9688,661.9930157710786
41.059017,-145.4375,589.4688,265.2812,662.5704605808917
41.082679,-145.1562,588.9688,264.8750,661.9012698398644
41.106598,-144.8438,588.5625,264.8750,661.4713099941014
41.135096,-145.2812,589.1562,265.3438,662.2831978690743
41.158279,-145.0312,588.8750,265.0938,661.8780290889138
41.182218,-145.1875,588.7188,265.2812,661.8484104078327
41.205683,-145.0938,588.3750,264.9688,661.396836544162
41.228865,-144.8438,588.9375,265.7188,662.1431453408508
41.251903,-145.2500,589.2812,265.4375,662.4251055838785
41.277230,-144.8125,588.7188,265.2812,661.7662490331272
41.310302,-145.0625,589.1562,265.3750,662.2477681693706
41.335215,-145.1250,588.5625,265.1562,661.6456143172963
41.359630,-145.0625,588.8750,264.4688,661.6348042975161
41.383382,-144.4062,588.7812,265.6875,661.8960439879324
41.406678,-144.9688,588.8750,265.0938,661.8643368475333
41.429690,-144.5000,588.3438,265.5938,661.4897264531967
41.462064,-145.3125,588.7812,265.1875,661.8938685046587
41.490846,-144.3125,588.9062,265.3125,661.836378270009
41.516639,-144.7188,588.9062,265.2500,661.9000305111226
41.542795,-144.5000,588.9375,265.2188,661.8675201713803
41.571401,-145.4688,588.8750,265.3125,662.0616629195596
41.596519,-144.2500,588.8438,265.5000,661.8423335010102
41.621905,-144.9688,589.1250,265.3125,662.1743930097361
41.647560,-145.5312,589.0938,265.3438,662.2824900899068
41.672585,-145.1875,589.0938,265.5000,662.2696629359618
41.698092,-144.6250,589.1250,265.5312,662.1869078867103
41.722911,-144.6250,588.9375,265.3438,661.944918550866
41.749873,-145.1562,588.6250,265.1562,661.7080658818699
41.773971,-145.3750,588.8750,265.8125,662.2416034999991
41.800033,-144.2812,589.2188,265.4062,662.1452197155753
41.828249,-145.2812,589.2500,265.5312,662.4417324022733
41.854396,-145.4062,588.8125,265.1875,661.9422541669043
41.879717,-145.3125,589.3125,265.9062,662.654569969575
41.906501,-145.2812,589.2500,265.1562,662.2915075822918
41.941030,-145.3125,589.5625,265.5938,662.751615691401
41.966095,-145.1875,589.0938,265.0625,662.0943930827103
41.991773,-145.5000,589.1562,265.0625,662.2185936836208
42.017079,-145.0312,588.7812,265.4062,661.9198602302151
42.045905,-145.5625,589.2500,265.4375,662.4659012451132
42.072162,-144.7812,588.9375,265.8438,662.1796498472866
42.098634,-145.5938,588.5625,265.5625,661.9114728206201
42.125131,-145.4375,588.9688,264.8438,661.9505017725079
42.150562,-145.4375,588.8750,265.6562,662.1926269563204
42.174753,-144.7812,589.0312,265.2500,662.0249136763094
42.202116,-145.1250,588.8750,265.8125,662.1867685224842
42.227677,-144.8438,588.9375,265.1562,661.9176140082503
42.252778,-145.2188,588.8125,265.2500,661.9261348578196
42.278200,-144.8750,588.4688,265.0625,661.4698513596916
42.303794,-144.6875,588.4375,265.0625,661.4010076865245
42.329761,-145.0312,589.2812,265.9688,662.5902437062347
42.355786,-144.6875,588.4375,264.8438,661.3133719928567
42.379578,-145.3750,588.5625,264.6875,661.5127963142512
42.403491,-145.0000,589.0938,265.8750,662.379016812929
42.427533,-145.3125,588.5625,264.8125,661.5490905584785
42.450418,-144.9688,588.5625,265.3125,661.67399642049
42.474300,-144.9062,589.0000,265.2500,662.0244586033529
42.500077,-145.1875,588.9688,265.0000,661.9581547445522
42.526654,-144.8750,588.6562,265.5625,661.837130792246
42.552028,-145.3438,589.2500,265.6250,662.4930254644667
42.576924,-145.1875,589.2500,265.2812,662.321005448123
42.602804,-145.1562,589.0000,265.0000,661.9791061008365
42.626332,-144.8125,588.6562,265.5000,661.7983762599547
42.650616,-144.9375,588.8125,265.5938,662.0023256013249
42.673968,-145.2500,589.1875,265.8750,662.5171607447237
42.698435,-145.1875,588.6875,265.1250,661.7579983932949
42.723156,-145.4062,588.7188,265.4688,661.9716016319638
42.746677,-145.4062,589.1250,265.4062,662.3078745592
42.771048,-145.0312,589.0000,265.6875,662.2272352695958
42.795523,-145.1250,588.9375,265.3125,662.0418167967186
42.819612,-145.2188,588.8438,265.4062,662.0165593130488
42.843258,-144.8438,588.6875,265.2500,661.7327610677232
42.865903,-145.3125,588.3125,265.3125,661.5270538449278
42.890910,-144.9688,589.1875,265.7188,662.392861325041
42.917112,-145.1562,588.6875,264.5625,661.525982843125
42.940623,-145.1562,588.8125,265.3125,661.9374741820881
42.964966,-144.7812,589.0938,265.7188,662.2684582117644
42.989838,-145.1875,588.9375,265.6562,662.1933495789297
43.013860,-144.9375,588.8125,265.4375,661.9396539479637
43.037227,-144.8438,588.4062,265.1875,661.4575096779648
43.060989,-145.5625,588.8750,265.6562,662.2200919598503
43.085686,-145.8438,588.8438,265.1875,662.0662893429743
43.109983,-144.6875,588.9062,265.2188,661.8806760261815
43.134486,-144.5938,588.6875,265.1875,661.6530324509686
43.158731,-145.3750,588.8750,265.4375,662.0911739754956
43.182830,-145.3438,588.8125,264.6562,661.7158729276297
43.206437,-145.0312,588.7812,265.9062,662.1205008283519
43.230485,-144.7188,588.8750,265.5312,661.984989975698
43.254188,-145.2500,588.9688,264.3750,661.7219141010538
43.278709,-144.4062,589.3750,265.5000,662.3490814246386
43.301462,-145.1875,588.9375,265.1875,662.0054374540665
43.324909,-145.2500,588.9062,265.2812,662.0289082741214
43.348602,-144.8438,588.7500,264.3750,661.4381415061143
43.373066,-145.4375,588.6250,264.6875,661.5821413003075
43.397381,-144.7188,588.7188,266.3125,662.1598227462725
43.420351,-144.9688,588.6562,264.9375,661.6071327055619
43.444091,-145.1250,589.1875,264.9062,662.1015760971367
43.468056,-145.2500,589.0625,265.2188,662.1428673313732
43.491102,-144.8750,588.7188,264.9062,661.6296951585721
43.515099,-144.6875,588.9375,265.1250,661.8709218476818
43.539065,-145.1875,588.9062,265.1562,661.9651186878165
43.562542,-145.5312,589.3750,264.8125,662.3200853875809
43.586388,-145.0000,589.0938,265.8750,662.379016812929
43.610757,-144.6562,588.4688,265.7812,661.7103393798434
43.634772,-144.9688,589.1875,265.8438,662.443014943078
43.658049,-145.2500,589.1562,265.9375,662.5144551783851
43.682181,-145.3750,588.6562,265.0625,661.7463261668421
43.706401,-144.6875,588.5938,264.6875,661.3898607111863
43.730552,-145.3438,588.5625,265.6250,661.8816077632861
43.754038,-145.9062,588.7812,265.1250,661.9994409103568
43.778090,-145.1250,588.7812,265.0000,661.7776257751258
43.801466,-144.7188,589.1562,265.4688,662.2101333732273
43.824075,-144.9688,588.9062,265.2500,661.9547358132768
43.847379,-144.6250,588.5938,265.3750,661.6516332550405
43.871241,-144.6250,588.5938,266.0938,661.9402366929547
43.894312,-145.4688,588.9688,265.1562,662.0824590768037
43.918043,-144.6562,588.4688,265.7500,661.6977881862875
43.942140,-145.2188,588.7500,266.3125,662.2970598665016
43.966909,-145.2500,588.8125,265.2812,661.9455145688446
43.993055,-145.0625,589.1562,265.0625,662.1226055094045
44.021084,-145.4375,588.5625,265.8750,662.0025667907187
44.046358,-144.9375,588.5938,265.3125,661.6949479190259
44.071606,-145.2500,589.0625,265.3750,662.2054681375336
44.096306,-145.3125,588.8125,265.0625,661.8715976069301
44.121722,-145.2188,588.9688,264.6562,661.8274733585691
44.146640,-144.9062,588.8750,265.1562,661.8756860832138
44.170485,-144.5625,588.7500,265.2188,661.7143373524655
44.198748,-145.1875,588.9062,265.4375,662.0778261288943
44.223557,-145.4062,588.7500,265.3438,661.9492772887701
44.252789,-144.6562,588.8125,265.0938,661.740347197732
44.277009,-144.5625,588.9688,265.0000,661.8213542058102
44.302135,-144.6875,588.7812,265.5625,661.907300468927
44.326978,-144.9375,588.8438,265.7188,662.0802783060941
44.351697,-144.5625,589.0625,265.8125,662.230496480455
44.378509,-145.4062,588.9688,265.6250,662.2566018097706
44.403539,-145.2500,588.9062,265.4375,662.0915346047799
44.428214,-144.9062,588.5625,264.6250,661.3849320330124
44.450943,-145.4375,588.5312,265.7500,661.9245887053996
44.475590,-144.7812,588.9062,265.3438,661.9512726059884
44.501846,-145.2188,588.8125,265.3125,661.9511826139919
44.525651,-145.4062,589.0000,265.7188,662.3219999672554
44.549551,-145.5625,589.0312,265.2812,662.2087257688281
44.573785,-144.9375,589.1250,265.5000,662.2427006251182
44.598210,-144.8438,588.7500,265.1562,661.7507924650525
44.623523,-144.6875,589.0312,265.5312,662.1171579557314
44.647663,-145.3750,588.9375,266.0312,662.3850054974165
44.670924,-145.3438,588.8438,265.4688,662.0690483663222
44.694726,-145.0000,588.8438,265.3750,661.9560805212552
44.719715,-144.8125,589.0000,265.3750,662.0540391699533
44.743182,-144.7812,588.8438,265.5625,661.9833938037079
44.769265,-144.9375,588.8750,265.8750,662.170793795868
44.794276,-144.4688,588.7812,264.6562,661.496417784849
44.818162,-144.7812,589.0625,265.4688,662.140390313395
44.841506,-145.0312,588.6562,265.3125,661.7710833791962
44.865079,-144.5000,588.8125,265.3438,661.8064035806185
44.889157,-145.3750,588.9062,265.4375,662.1189684039512
44.913807,-144.8750,588.6250,265.5312,661.7967973453502
44.938522,-145.2812,588.9688,265.6875,662.254239498982
44.962446,-145.8438,589.1562,265.9688,662.6574245450566
44.986927,-144.8750,588.5938,265.5000,661.7564643915936
45.011735,-145.3125,589.0625,265.5938,662.3068711719383
45.036680,-145.0000,588.8125,265.3750,661.9282822037823
45.062227,-145.2812,588.3750,265.3750,661.6008410299692
45.088889,-144.9688,588.8125,265.8438,662.1095060840578
45.112678,-144.9375,588.7188,264.7500,661.5808401154106
45.142345,-145.0000,588.5625,265.5938,661.7936660661784
45.165871,-145.1562,588.6250,265.7188,661.9336686108549
45.196035,-144.7812,588.7188,265.4062,661.8095303727406
45.219097,-145.4375,588.4688,264.9062,661.5306927285196
45.243035,-145.5312,588.5312,265.7188,661.9326484278348
45.266151,-144.5625,588.5312,265.5938,661.6701509603369
45.291971,-145.3125,589.0312,265.4375,662.2164317948193
45.321391,-145.6250,588.7500,265.7188,662.147760871063
45.346107,-145.3125,588.6875,265.0625,661.760397892432
45.369702,-144.6250,588.7188,265.4375,661.7878992795294
45.395738,-144.8438,588.7500,265.4062,661.8510043454834
45.418350,-145.2812,588.9062,265.8438,662.2613625334695
45.444887,-145.3125,588.3125,266.3125,661.9287484078252
45.469342,-144.8750,588.8750,265.7500,662.1069352831157
45.492264,-145.0000,589.0625,265.4375,662.1757284229768
45.525356,-145.0625,588.6875,265.5000,661.8809194730575
45.551641,-145.4062,588.6875,265.6250,662.0064885031811
45.576432,-145.3750,588.8125,265.7188,662.148400951639
45.600828,-145.2188,588.6250,265.6250,661.9097495894456
45.626169,-144.9062,588.5938,265.4688,661.7507695913073
45.651357,-144.8750,588.5312,265.1875,661.5755497354875
45.677024,-145.0000,588.8438,265.5625,662.0312706514039
45.700863,-145.8750,588.8438,265.2188,662.0856915012022
45.724410,-144.4688,588.7188,265.9688,661.9670401951199
45.747976,-144.7812,588.8125,265.5000,661.9305254388956
45.772339,-145.2188,589.0938,265.4688,662.2639872944833
45.795989,-145.1562,588.7812,265.4062,661.9472598362255
45.820503,-145.5000,588.5625,265.8750,662.0163004271496
45.845600,-144.7812,588.8750,265.8750,662.1366109811196
45.869519,-145.0625,588.5938,265.7500,661.8978727457223
45.893101,-145.1250,588.9375,265.2188,662.0042521636946
45.917712,-144.7500,588.8438,265.5938,661.9890969291904
45.941934,-145.4688,588.6250,265.5000,661.9144943658225
45.965768,-144.9062,588.6562,265.6250,661.8690524402277
45.989621,-145.2500,588.0625,265.6875,661.441542437803
46.015793,-145.7500,588.5000,265.0625,661.6898377686105
46.039899,-144.8750,588.3750,265.4375,661.5368263794919
46.062786,-145.2812,589.0625,265.4062,662.2248470473417
46.087036,-145.5000,588.6875,265.9062,662.1399825152628
46.115467,-145.2500,588.8438,266.0312,662.274225974879
46.140913,-145.7188,588.6562,265.4062,661.9596757391552
46.165727,-144.9062,588.9688,265.9688,662.2849732118248
46.189524,-145.8125,589.0000,266.0938,662.5618227345374
46.213628,-145.0000,588.7812,265.5312,661.9631448034891
46.237920,-145.1562,588.3125,265.4688,661.5554336538057
46.262035,-144.9375,588.5938,265.7500,661.8704888007264
46.285962,-145.3125,588.4688,265.6562,661.8039253033145
46.310934,-145.1250,588.6562,266.4062,662.2308784163761
46.334646,-145.1875,588.7500,265.4375,661.9388484312581
46.360403,-145.0625,588.5312,265.8750,661.8924963752139
46.384115,-144.9062,588.5625,265.9062,661.8986111817844
46.408037,-145.0938,588.9062,265.0938,661.9195297520595
46.431059,-145.0312,588.6562,265.4062,661.8086745273799
46.454958,-145.0938,588.9375,266.0000,662.3107844473865
46.479421,-144.8125,588.7188,265.3750,661.8038360290853
46.504230,-144.8125,588.5000,265.8750,661.8099619839898
46.528375,-144.4062,588.7188,266.7500,662.2676906966133
46.552058,-145.5312,588.5000,265.1250,661.6667290649897
46.576605,-144.5938,588.4062,265.1562,661.3902815223304
46.600222,-145.2500,588.5312,266.3438,662.1220339866549
46.623143,-145.2812,588.9062,265.6250,662.173582616843
46.646509,-145.1250,588.7812,265.2812,661.8902987490638
46.671174,-145.3125,588.9688,266.4062,662.5497725996704
46.694521,-145.0938,588.6250,264.8750,661.5817051121218
46.718364,-145.3438,588.4688,265.7812,661.8609734998639
46.742741,-145.2500,589.0625,266.4688,662.6445398045717
46.766597,-144.4688,588.5000,265.3125,661.5090266827902
46.790782,-145.1875,588.5000,265.1250,661.5912074546109
46.813482,-145.7500,588.9688,265.4375,662.2569874171298
46.837535,-145.1875,588.5312,265.5938,661.8069827539409
46.861272,-144.7812,588.5000,266.0625,661.8784739344621
46.886157,-145.1562,588.2812,266.2188,661.8289725202332
46.909961,-145.4062,588.6250,265.3438,661.8381024299863
46.933995,-144.8438,588.4375,266.0625,661.8365789426892
46.958729,-145.6250,588.6250,265.8125,662.0742529401442
46.982898,-145.0625,588.4688,265.8125,661.8118190158457
47.007685,-145.1875,588.5000,265.2188,661.6287822546814
47.032739,-144.7188,588.4375,266.0625,661.8092337781806
47.055897,-145.3750,588.6875,265.5312,661.9620140218111
47.080784,-145.0938,588.6250,266.0000,662.0329198114415
47.105868,-145.0000,588.8438,265.2812,661.91850217049
47.131714,-145.3750,588.8438,265.3750,662.0383245432719
47.158242,-145.4688,588.7500,265.4062,661.9880642924198
47.181982,-145.1875,588.1562,265.8750,661.5865024283012
47.206244,-145.3750,588.2812,265.5000,661.5882176449053
47.230532,-145.2188,588.9688,265.6250,662.215459237494
47.254145,-145.0000,588.5938,265.7188,661.87163154242
47.278832,-145.2812,588.8438,265.6875,662.1430745479976
47.303027,-145.5312,589.0312,265.6875,662.3647075889347
47.327576,-145.7188,588.7188,265.5000,662.0528458538072
47.353210,-145.4375,588.5000,265.7500,661.8968038193341
47.377239,-145.6250,589.0000,265.5625,662.3073924026894
47.401669,-145.4375,588.8438,265.7188,662.1899141650189
47.425202,-145.0625,588.5312,266.0312,661.9552757621734
47.447985,-145.1250,588.8438,265.7812,662.1464342504798
47.471782,-145.4375,588.8438,265.0000,661.9018267993468
47.495007,-145.1562,588.5938,265.8438,661.9560701943805
47.518194,-145.1875,588.8750,265.8125,662.2004688442164
47.541361,-145.4375,588.5312,265.9375,661.9998886246602
47.565063,-145.3750,588.6562,265.3750,661.871559982798
47.588943,-145.5625,588.7812,265.6562,662.1367267580579
47.612724,-145.1875,588.9375,265.6562,662.1933495789297
47.636320,-145.8438,588.8438,265.3125,662.1163674040803
47.660855,-145.4688,588.6250,265.6250,661.9646429202714
47.684674,-144.9375,588.9375,265.8125,662.2012858404535
47.708995,-145.1562,589.0312,265.6250,662.2573450069278
47.733197,-145.2812,588.5312,265.6875,661.8651837680957
47.757094,-145.1250,588.7188,266.1250,662.1733518132261
47.781449,-145.3125,588.4375,265.8125,661.8388770831991
47.805040,-145.3750,588.2812,265.5938,661.6258457509236
47.829603,-145.0938,588.7500,265.9062,662.1064057824278
47.856322,-145.4062,588.7188,265.7812,662.0969845817058
47.880320,-144.8438,588.7188,265.4062,661.8232060412263
47.904163,-144.7812,588.7500,265.8438,662.0128943348649
47.928853,-145.0938,588.7812,265.7812,662.084004860552
47.952603,-145.2812,588.4375,265.5000,661.706568660016
47.976567,-145.0938,588.5938,265.9062,661.9674709660494
48.000976,-145.3125,588.4062,265.5938,661.723263709517
48.026285,-145.1562,588.6875,265.3125,661.8262855361386
48.049501,-145.0000,589.2188,264.8125,662.0644949759899
48.074317,-145.4375,588.6562,265.5938,661.9730259681093
48.098447,-145.4375,588.3125,266.0312,661.8431007716727
48.122808,-144.9375,588.7500,265.6562,661.9718155407468
48.146904,-145.0000,588.5312,265.5938,661.7658742075063
48.170232,-145.5938,588.6562,265.5625,661.9948354098958
48.194859,-145.2188,589.0000,265.9375,662.3686581185832
48.219250,-145.3438,588.5938,265.4688,661.8467084073831
48.243809,-145.0312,588.5312,265.6875,661.8103530161605
48.269063,-145.4375,588.5312,265.9062,661.9873355449295
48.292517,-145.0938,588.7188,265.6250,661.9657117371148
48.317996,-145.0000,588.9688,265.9688,662.3054917884382
48.342022,-145.2812,588.6875,265.0312,661.7410201388267
48.365670,-145.2188,588.3125,265.7500,661.682057719425
48.389799,-145.1250,588.8750,265.3750,662.0112702024037
48.414897,-145.0312,588.4375,265.2500,661.5514472683228
48.438752,-145.0312,588.1875,266.0000,661.630258250643
48.463424,-145.1562,588.6562,266.0625,662.0995178101061
48.487157,-144.8438,588.5000,266.0000,661.8670273658165
48.512740,-145.6562,588.3438,265.3125,661.6304361079341
48.537212,-145.8125,588.5938,266.0312,662.175591268566
48.562133,-145.3438,589.0625,265.6250,662.326260384799
48.587060,-145.4688,588.3438,265.5625,661.6894791341895
48.611852,-145.6250,588.6562,265.5000,661.9766395342531
48.636242,-145.1875,588.8125,265.4375,661.9944385859673
48.659146,-145.9375,588.5000,266.4688,662.2957033174929
48.683390,-145.1562,589.1562,265.4688,662.3058817907987
48.706816,-145.6250,588.4062,265.5312,661.7668776771961
48.730797,-145.0938,587.9688,266.0000,661.4495046982989
48.755215,-145.4062,588.6875,266.2188,662.2449494310055
48.778313,-145.5000,588.2812,266.0312,661.8290603155206
48.803750,-145.9062,588.5312,265.9375,662.1030281775451
48.828288,-145.5938,588.3750,265.6250,661.7698401174403
48.852553,-145.7188,588.2188,265.9062,661.7713999125283
48.875055,-145.0312,588.5000,265.7812,661.8202069505925
48.898768,-145.2500,588.0938,265.1562,661.2561214863156
48.923077,-144.7500,588.4375,267.1562,662.2565332409432
48.946534,-145.7812,588.2500,265.1250,661.4994338444761
48.970345,-145.3125,588.4062,265.5000,661.6856411433699
48.994395,-145.4375,588.4062,266.6250,662.1652905961716
49.017922,-145.4688,588.2500,266.3750,661.932670557635
49.042204,-145.8750,588.5938,266.4062,662.3401001019982
49.066084,-145.1562,588.5312,265.6250,661.8126696925838
49.089533,-145.2812,588.4062,265.7500,661.7791316901923
49.113018,-144.9688,587.9688,266.0625,661.4472339948024
49.137305,-146.0625,588.1562,266.2500,661.9298231839327
49.161375,-145.8125,588.6250,265.9375,662.1657116519248
49.184456,-145.4688,588.3438,266.0000,661.8651867190365
49.208524,-145.5938,588.7188,266.0000,662.2260238322147
49.231643,-145.3125,588.3125,266.4062,661.9664722261714
49.255872,-145.5312,588.0938,266.2188,661.7446836712687
49.279299,-146.0000,588.7812,266.1875,662.4463340587013
49.303029,-145.6562,588.4062,266.5312,662.1756303502021
49.327575,-145.6875,588.4688,266.4062,662.1877433340752
49.350588,-145.5000,588.3750,265.8125,661.8245052740567
49.374934,-145.8125,588.5625,265.8750,662.0850528349813
49.397420,-146.4062,588.6250,265.7500,662.2214457143943
49.421028,-145.7812,588.7812,266.0938,662.3604887009698
49.444092,-145.6875,588.4688,266.0938,662.0620825661858
49.468118,-145.4688,588.1562,266.1562,661.7613475073076
49.491715,-145.6250,588.3750,265.1562,661.5887077059754
49.514816,-145.8125,588.2188,265.5625,661.654006572969
49.538661,-145.6250,587.8750,266.4062,661.646390671832
49.561542,-145.8750,588.2188,266.1875,661.9188761720068
49.585869,-145.7500,588.5625,266.0312,662.1340535592566
49.608743,-145.5938,588.3750,266.1250,661.970691412439
49.633360,-145.0000,588.4688,265.9062,661.8357828915154
49.656557,-145.5625,588.0625,265.3125,661.3597114798799
49.679668,-145.7188,588.4375,266.2188,662.0914350445677
49.703060,-145.3125,588.4688,265.8125,661.8666614500708
49.726259,-145.4688,588.2500,266.1562,661.8446714604756
49.750475,-145.2188,588.1875,266.3750,661.8222277415684
49.774025,-145.5625,588.5000,266.0938,662.0623650346789
49.798523,-145.3438,588.3438,266.8125,662.1646955134161
49.821218,-145.3438,588.5000,266.2812,662.0896916322025
49.845864,-145.9062,587.8125,265.9062,661.4516631881539
49.869746,-144.9062,588.5938,265.5625,661.7883840279875
49.894537,-145.8125,588.0000,265.7188,661.5222893129244
49.918639,-145.5000,588.1562,266.5625,661.9317115989477
49.942352,-145.5312,587.9062,266.8125,661.8172056330018
49.965945,-145.2500,588.4688,266.7188,662.2174294203717
49.989950,-145.6562,588.1562,266.3438,661.8780180231004
50.012912,-145.8750,588.7812,266.0938,662.3811287813271
50.037120,-145.4375,588.1562,266.1250,661.7419107517012
50.060424,-145.2500,588.5000,265.9375,661.9309377920404
50.083653,-145.2500,588.1562,266.3438,661.7887352306059
50.107328,-145.0312,588.2188,266.5000,661.8592080859229
50.132759,-145.2500,588.4688,265.9688,661.9157107994378
50.159037,-145.2188,588.5625,266.6875,662.2813030835632
50.183630,-145.2812,588.2500,266.4375,661.9166454379376
50.208472,-145.2188,587.9062,265.5625,661.2455561641794
50.231616,-144.7500,587.8750,265.5312,661.1024299241097
50.255032,-145.3750,587.8438,266.4688,661.5888147222752
50.278602,-144.7812,588.0625,265.8438,661.4015525169826
50.302753,-145.1562,588.1562,265.5000,661.4290296986707
50.327203,-145.3125,588.2812,267.0000,662.1778852829597
50.350892,-145.3750,588.2500,266.3438,661.8994986318258
50.376389,-145.6250,588.5938,266.4062,662.2850845392225
50.400919,-146.0312,588.2812,266.1250,661.983739002043
50.424268,-145.1875,588.4062,265.8125,661.7836582687446
50.448048,-145.0938,588.4688,265.7812,661.8061187894741
50.471527,-145.3438,588.0312,266.6875,661.8366711635696
50.495218,-145.5000,588.5938,266.1875,662.1696441964948
50.518404,-145.3125,588.8125,266.1250,662.2978170260717
50.543380,-144.7188,588.2812,265.6250,661.4945096734552
50.569110,-145.0625,588.4688,265.9688,661.8745913006293
50.592081,-145.3438,588.5625,266.5938,662.2709789877366
50.616080,-145.3438,588.7812,265.9062,662.18902120519
50.639235,-145.4062,588.2188,266.2188,661.8282996685678
50.662139,-145.7500,588.1562,265.6562,661.6223092355071
50.685815,-145.9062,588.3750,266.0000,661.9892555125517
50.709350,-145.1562,588.0938,265.9062,661.5366425922207
50.733287,-145.4688,588.3125,265.7812,661.7495203884737
50.757293,-145.1562,588.8125,266.0938,662.2509953630686
50.780484,-145.5625,588.2500,265.8750,661.7522342472672
50.804060,-145.6562,588.4375,265.5625,661.8140796149343
50.826830,-145.9062,588.1875,266.2188,661.9105617807251
50.850821,-145.3125,588.5312,266.2812,662.110609327758
50.873670,-144.6875,588.3125,265.9688,661.6535696941886
50.897484,-145.4688,588.2500,266.2188,661.8698078762355
50.921917,-145.6250,588.2500,265.8750,661.7659848843849
50.945173,-145.5000,587.9375,265.3438,661.2473512765949
50.968750,-144.8125,588.4062,265.8750,661.7265982415339
50.991963,-145.6250,588.7188,266.4688,662.4213175563759
51.016102,-145.0938,588.0938,265.8750,661.5103708205374
51.038617,-145.3125,588.6250,265.9688,662.0683418332374
51.062060,-145.1875,588.3438,265.8125,661.7280887770766
51.086429,-144.8750,588.3750,266.1250,661.8129810414722
51.109940,-144.7500,588.2812,266.2500,661.7525625953876
51.133462,-145.0000,588.4062,266.4688,662.0064272842259
51.157581,-145.0312,588.2812,266.5312,661.9273372543904
51.182169,-145.4688,588.2812,265.9062,661.7719547677942
51.205352,-145.2500,588.1562,265.5938,661.4872462512977
51.228874,-144.8750,588.3750,266.1562,661.8255477571582
51.251802,-145.8125,588.3438,266.1250,661.9910640977811
51.276091,-145.0625,588.1875,265.4375,661.4111659692101
51.299649,-145.0000,588.5312,265.8750,661.878801482237
51.323388,-145.2188,588.4688,267.0312,662.3365032630222
51.346611,-145.7188,588.1875,266.3750,661.9321187877292
51.369672,-145.3438,588.2812,265.6250,661.6315253905492
51.392585,-146.0000,588.2188,266.4062,662.0344310461692
51.415492,-145.1562,588.4688,265.7812,661.8198240398874
51.439501,-144.8750,588.1250,266.0312,661.5530267684991
51.462682,-144.8750,588.1562,266.9062,661.9331433975225
51.486628,-145.4062,588.2812,266.3750,661.9467102914139
51.509973,-145.3438,588.2188,266.3750,661.8774389119371
51.533403,-145.4688,588.1562,266.8125,662.0255597761125
51.557599,-145.5000,588.1250,265.9375,661.6524915174506
51.581074,-145.5000,588.2500,266.0312,661.80128322372
51.605413,-145.2500,588.0312,266.5000,661.7405560161493
51.628220,-145.4375,588.7188,265.8750,662.1414868687904
51.653391,-145.5000,588.6250,265.7188,662.0091349268245
51.676287,-144.9375,588.3125,266.5312,661.9345766683158
51.700171,-145.6250,587.8750,266.2500,661.5834934080505
51.724411,-145.7188,588.6250,265.9375,662.1450737057646
51.749465,-145.0938,588.2188,265.9062,661.6340589250885
51.772531,-145.8438,587.9688,265.6875,661.4888495257309
51.797220,-144.7188,588.0000,266.1562,661.4579850720868
51.820556,-145.0000,588.6250,266.0625,662.0374948076959
51.843630,-145.6250,588.1250,266.0938,661.7428050527353
51.867098,-145.5625,588.1250,266.6562,661.9554461557912
51.890878,-145.3125,588.8125,266.3750,662.3983117713238
51.915071,-145.3125,588.0625,267.0000,661.9835546012454
51.938600,-145.5938,588.1250,265.5312,661.5099397519473
51.963811,-145.9375,587.6562,266.1875,661.4328440790966
51.988106,-145.4062,588.4688,266.4375,662.1384965940849
52.012493,-145.2500,588.5625,266.4062,662.1749534264434
52.035806,-145.9062,588.0000,266.2188,661.7439509664028
52.060919,-145.2812,588.1562,266.0625,661.6824539927555
52.084105,-145.1562,588.1562,266.3750,661.7807431114364
52.107352,-145.1875,587.9688,266.4062,661.6335474957984
52.131402,-145.0000,588.2188,266.3125,661.7768849905627
52.154594,-145.1562,587.7188,265.8438,661.1781646649317
52.182043,-145.7188,588.0625,266.0000,661.6702033549739
52.206250,-145.5312,588.3438,265.6875,661.7533985911028
52.230311,-145.2500,587.7500,266.7812,661.604005694919
52.255189,-145.0000,588.0625,265.5000,661.3113895180167
52.278382,-145.1562,588.5000,266.8125,662.2624080153671
52.301934,-146.0938,588.0625,265.3125,661.4768403742964
52.325923,-145.1562,588.4688,266.7188,662.19687272154
52.350666,-145.7812,588.0312,265.9062,661.6185136596372
52.373984,-145.0625,588.1875,265.6562,661.4989850533125
52.398517,-145.0938,588.0938,265.4062,661.3221095783714
52.421265,-145.4375,588.3750,265.9688,661.873540042063
52.446016,-145.4375,588.6250,265.9375,662.0832356565902
52.471092,-145.4688,588.4375,265.8438,661.8857515061607
52.495189,-144.8125,588.4688,266.6250,662.0838470373767
52.519969,-145.1250,588.0312,265.9375,661.4867878558214
52.543409,-145.0312,588.2812,265.9375,661.6884814505803
52.567770,-145.3750,588.2500,266.2500,661.861779849086
52.590282,-144.7812,589.0312,266.3750,662.476463320113
52.614173,-145.8438,588.2812,266.5938,662.1309961440315
52.637851,-145.5938,588.2812,266.5312,662.0508110161844
52.662353,-145.8750,588.4375,266.5312,662.2515490792094
52.685884,-145.5625,588.1250,266.4062,661.8547779311656
52.709943,-144.9375,588.6250,266.1875,662.0740552895121
52.733503,-145.5312,588.2188,266.3750,661.9186379028204
52.757481,-145.4375,588.1562,266.0312,661.7042139784777
52.781656,-145.4688,588.1250,265.5312,661.4824393573309
52.804739,-145.3438,588.3125,266.0625,661.8350679939546
52.828534,-145.2812,588.0625,266.4375,661.7500184465903
52.851760,-145.5625,588.4688,265.5000,661.7961628272051
52.875823,-145.5000,588.3438,266.1875,661.9474324448373
52.899541,-145.4375,588.4062,265.9688,661.9013200031218
52.924151,-145.0625,588.4688,266.4062,662.05051821736
52.947519,-145.4688,588.7500,265.6250,662.0757965305502
52.970974,-145.2812,587.8438,265.6875,661.2539328214805
52.996209,-144.7812,588.4062,265.8438,661.7072047398966
53.021080,-145.0625,588.2500,266.5312,661.9064122916566
53.045186,-145.2188,588.0000,266.0000,661.5047130229402
53.069359,-146.2188,588.4375,265.8438,662.050990235552
53.093332,-144.9688,588.2812,266.2188,661.7878741936025
53.117597,-145.3125,587.9062,266.1875,661.5173970513266
53.141522,-145.5938,588.0312,265.9062,661.5772251254479
53.165002,-145.1875,588.5000,265.8750,661.89211793256
53.189220,-145.5312,588.1875,266.4375,661.9160228375367
53.213661,-144.8750,588.1562,266.2500,661.6688012435394
53.239015,-145.2812,588.0000,266.0000,661.5184363277885
53.264064,-145.1250,588.3750,265.7188,661.7045113580249
53.289166,-145.4375,588.0625,266.3125,661.7340235840605
53.313066,-145.7500,588.2812,265.8750,661.8212804273994
53.337275,-144.7188,588.4375,266.0000,661.7841098181585
53.361024,-145.3750,588.7812,265.8125,662.1582410064927
53.383858,-145.6562,588.5938,265.7188,662.0157096358722
53.407621,-145.2812,588.5312,265.6250,661.8400973446116
53.432354,-145.6250,588.2500,266.5312,662.0299165079797
53.455920,-145.0625,588.5625,265.9688,661.9579452571459
53.479879,-144.9062,588.5000,266.0625,661.9058280415067
53.503548,-145.6250,588.6250,266.0938,662.1872205343913
53.526662,-144.9062,587.8438,265.7500,661.1967620936487
53.550446,-145.1562,588.4375,266.7500,662.1816901880575
53.573571,-145.6562,588.3125,266.2188,661.9665880328666
53.597507,-145.4688,588.3438,266.2188,661.9531314543254
53.621818,-144.9375,588.0938,266.6250,661.7779297621768
53.646285,-145.3750,587.9375,265.9688,661.4709143324538
53.669640,-145.3438,588.6250,266.7188,662.3768473389034
53.693980,-145.3438,588.2188,266.4375,661.9025947387387
53.718307,-145.1250,588.6875,266.0312,662.1078947254839
53.743264,-145.0625,588.0625,266.9375,661.903513904217
53.767039,-145.6562,588.1250,266.2188,661.7999559086
53.791801,-145.8125,588.1875,266.1875,661.8773341554687
53.816564,-145.2188,588.0625,266.0625,661.5854012628018
53.840392,-144.9688,588.3125,265.5625,661.5519462136458
53.864146,-145.2500,588.2188,265.3750,661.4550256643021
53.887094,-145.4062,588.2812,266.0625,661.8210185139748
53.912193,-145.3438,588.2500,265.8438,661.6915955172205
53.937210,-144.9375,588.0625,265.8750,661.4483339139196
53.961096,-145.0625,588.1875,266.0312,661.6496731950092
53.986151,-145.1250,588.9062,265.6562,662.1518557537424
54.010875,-145.2812,588.0938,265.7812,661.5138496223549
54.034990,-145.1562,588.2812,266.5312,661.9547365509121
54.058916,-145.3750,588.6562,266.4688,662.3108530105973
54.083774,-145.5312,588.2188,265.8438,661.7050264220361
54.109789,-145.3750,588.3750,266.2500,661.9728799203182
54.133799,-145.2812,588.2500,266.1562,661.8034855722846
54.157568,-145.4688,588.2188,266.6562,662.0181347532615
54.182014,-145.1562,588.3438,265.3125,661.5205421862386
54.205776,-145.4688,588.1875,265.6250,661.5756442069286
54.230575,-145.3438,588.1250,265.7188,661.530252815867
54.255412,-145.4062,587.9062,266.3750,661.6134649121985
54.280504,-145.3438,588.0625,265.5625,661.4119374312521
54.304960,-145.7812,588.2188,265.8438,661.7600547911512
54.329929,-145.1250,587.6250,265.7500,661.0502770213473
54.353549,-145.3750,588.2812,266.2500,661.8895544020637
54.376770,-145.0000,588.3750,266.4062,661.9534958469986
54.400751,-145.3125,588.2500,265.7500,661.6470718262494
54.426535,-145.8438,587.8125,266.0625,661.5007093545422
54.451059,-144.6875,588.0312,265.7500,661.3155722745477
54.475707,-145.4062,588.6250,266.4375,662.2773660410813
54.499443,-145.0938,588.4375,266.0000,661.866215858849
54.524253,-145.2500,588.1250,266.5000,661.8238648802263
54.549041,-145.1250,588.0625,265.5000,661.3388084267019
54.574262,-145.7188,588.2188,265.6250,661.6584410238602
54.599855,-144.7188,588.1875,266.1250,661.6120973673414
54.623769,-145.4375,588.4375,266.8438,662.2811674255599
54.647235,-145.3438,588.0000,266.5000,661.7333720344338
54.672080,-144.7812,588.3125,266.6562,661.9507260150675
54.696321,-145.1875,588.0938,265.8125,661.5058231803878
54.721327,-145.5312,588.3125,266.0938,661.8888321854924
54.745097,-145.1875,588.1562,266.6875,661.9134439083123
54.770352,-145.5625,588.5938,265.2188,661.7945521813208
54.794275,-145.4688,588.4375,266.0625,661.9736418763684
54.818426,-145.4688,588.4375,266.0000,661.9485241563822
54.842632,-145.8125,587.8750,266.1875,661.5996417301781
54.866895,-145.1250,588.2812,265.7500,661.6337032124063
54.891334,-145.6875,588.8750,266.1875,662.4608655894324
54.915854,-145.2500,588.2812,265.5938,661.5983915039584
54.939187,-145.3750,588.5312,265.5312,661.8230636492846
54.962466,-144.7500,588.4688,266.4062,661.9821162732608
54.987787,-145.6875,588.4062,265.7188,661.8558882391808
55.011067,-145.4688,587.7812,266.8125,661.6924249486124
55.036385,-145.3438,588.5625,266.1562,662.0949867536946
55.060557,-145.0625,588.2188,265.2188,661.3512017902251
55.091530,-145.8750,588.0938,265.8750,661.6821669344448
55.115748,-144.9375,588.5938,265.2188,661.657363593027
55.140115,-145.0000,588.0625,265.8125,661.4369123828062
55.165017,-144.8750,588.0938,266.1250,661.5629524384376
55.189062,-145.4688,588.4062,266.0625,661.9458634751599
55.212991,-144.7188,588.3125,266.4375,661.8489674117974
55.236455,-144.9375,588.0312,265.7188,661.3577579376952
55.267002,-144.7500,588.3438,265.9688,661.6950254011473
55.291657,-145.1250,588.0938,266.0312,661.5800408043043
55.314201,-145.2812,587.7188,266.3125,661.3942231070475
55.339266,-145.2812,588.0625,265.6250,661.4233032883045
55.363386,-145.0625,588.5625,265.9062,661.932835793453
55.388332,-145.4375,588.4688,265.8750,661.9192184532886
55.412581,-145.7188,588.0938,266.2188,661.7859440500285
55.436505,-145.1875,588.2188,266.0312,661.7048692463846
55.461160,-145.7812,587.9688,266.2812,661.7137809730787
55.486101,-145.0625,588.6562,265.5938,661.890738422419
55.510906,-145.0312,587.9062,265.6875,661.2546180722484
55.536847,-144.8125,588.1875,265.8750,661.5320936564605
55.559712,-145.8125,588.6562,265.7812,662.1307564762983
55.585590,-145.4688,588.4375,265.7188,661.8355556589378
55.610812,-145.2500,588.5625,265.5938,661.8484863964807
55.634410,-145.3125,588.1562,265.6562,661.5260692023974
55.658569,-145.1562,587.9688,266.1562,661.5260669880572
55.683571,-145.1562,588.2188,265.7188,661.5724365987352
55.709635,-144.7500,588.2188,266.5000,661.7976354986187
55.735327,-145.0000,588.3125,265.8125,661.6591893206804
55.760946,-145.2188,587.8125,266.0938,661.3757663362599
55.785535,-145.2812,588.5625,266.3750,662.1692371537752
55.811196,-145.6250,588.1562,266.3125,661.8585669879271
55.835753,-144.2812,588.7188,265.7812,661.8508280229673
55.859729,-145.0938,588.0625,266.2188,661.6208302697814
55.884646,-145.3750,588.3750,265.9375,661.8472521331867
55.909908,-144.7812,588.3438,265.9062,661.6767430586385
55.937300,-145.2188,588.2500,266.3125,661.8526237069794
55.961072,-145.4688,587.9688,265.7812,661.4439364410921
55.984814,-145.6875,588.1875,265.9688,661.7618595756803
56.007790,-145.6250,588.2500,265.7500,661.715774048798
56.032820,-145.0000,588.5312,266.1250,661.9792654241993
56.057569,-145.5000,588.3750,266.1875,661.975207829757
56.081865,-145.2500,588.2500,266.4062,661.8972088164918
56.105499,-145.4375,587.7500,266.3438,661.4689123989974
56.131201,-144.9062,588.1875,266.4375,661.7788889437034
56.156143,-145.5000,588.0312,265.6562,661.4561543599281
56.181340,-145.5312,588.5625,265.8438,662.0106196632158
56.206041,-145.1250,588.4062,265.8750,661.7950561080542
56.229822,-145.5938,588.3750,266.2188,662.0083862879873
56.257570,-145.6250,588.1875,265.9375,661.735543618068
56.281140,-145.7812,588.0000,265.3125,661.3523232799689
56.305397,-145.0938,588.2188,266.0625,661.6968702108807
56.329561,-145.3438,588.5000,266.2188,662.0645576646019
56.354142,-145.5312,588.1562,266.6562,661.97634006412
56.379019,-145.0000,588.0938,265.9062,661.5023753382334
56.404644,-145.1562,588.2188,266.0000,661.685450018077
56.428123,-144.8438,588.5000,266.2812,661.9801099849035
56.451653,-145.0312,588.5625,265.8438,661.9008832875772
56.475565,-144.8750,588.3125,266.6250,661.9586496951679
56.499911,-144.8750,588.5938,266.0312,661.9697834045184
56.524170,-144.9688,588.3125,266.6875,662.004349524278
56.548142,-145.4062,588.1562,265.3125,661.4087046670727
56.572597,-144.9062,587.8438,265.1562,660.958344086212
56.597280,-145.6562,588.3438,266.5000,662.1075149310155
56.620632,-145.3750,588.4375,266.3438,662.0661411032228
56.645123,-145.5000,587.9688,266.6250,661.7902927677034
56.670756,-145.3438,588.1562,266.6562,661.9351446646322
56.696433,-145.6562,588.0312,266.6562,661.892778178375
56.720982,-144.4062,588.1875,265.9062,661.455844319464
56.746273,-145.5000,588.3125,266.6250,662.0957168576534
56.770820,-144.9062,588.2188,266.1250,661.6809161262133
56.795212,-145.0000,588.3125,265.8750,661.6843003134123
56.819591,-145.3438,588.0312,266.1562,661.6227822971996
56.844193,-145.7812,588.1562,265.7812,661.6793937528865
56.869525,-145.3125,588.2500,265.8750,661.6972878750902
56.894194,-145.2812,588.1562,265.4688,661.4439305354517
56.918532,-145.0938,587.9688,265.9375,661.424372979916
56.942433,-145.1250,588.5312,265.8750,661.9061968863583
56.967316,-145.4375,588.5000,266.3125,662.1228466549844
56.991513,-145.2500,587.8438,265.6562,661.2345121650299
57.017226,-145.5000,588.2188,266.4688,661.9495015317445
57.042846,-145.1875,588.5938,265.9062,661.9880259373087
57.066412,-145.8125,587.7500,266.5625,661.6395650673409
57.092305,-146.1250,588.1875,265.3125,661.594871078593
57.117675,-145.5625,588.1250,266.0938,661.729053933944
57.142677,-145.3438,588.3438,266.0938,661.8754094368422
57.166758,-145.6875,588.1250,265.9375,661.6937487898008
57.190742,-145.5000,588.2188,265.3438,661.4974327354755
57.215269,-145.6250,588.7812,265.8750,662.2382627133247
57.239104,-144.9688,588.0938,266.1562,661.5960600545377
57.264066,-144.8750,588.0938,265.4375,661.2866933640148
57.289032,-145.0938,588.1875,266.6562,661.9080654512188
57.315224,-145.6875,588.4062,265.9375,661.9437412662518
57.339017,-145.1562,588.0938,266.0000,661.5743312003005
57.363449,-145.2500,588.3438,265.7500,661.7167015906901
57.388862,-145.1562,588.5625,266.2188,662.0789803126777
57.413343,-144.7812,588.8125,266.2812,662.2442711034765
57.438304,-144.6875,588.0312,266.3750,661.5669763960506
57.462677,-145.1250,588.3438,266.2500,661.8902448964349
57.486594,-145.1250,588.3125,267.0000,662.1645288606526
57.510084,-145.3750,588.7812,266.0312,662.2460848907489
57.533678,-145.5938,588.0938,266.0625,661.6955891755475
57.558440,-145.8125,587.7812,266.3125,661.5666486938882
57.583799,-145.3750,588.7812,266.0312,662.2460848907489
57.608348,-145.2812,587.9688,266.0625,661.5157945842072
57.632219,-144.9688,588.1562,265.9375,661.5636528686223
57.656137,-145.3750,587.6250,265.5000,661.0047513066755
57.680114,-145.4688,588.0625,265.7812,661.5272738023543
57.703910,-145.5000,587.7500,265.5000,661.1433751464201
57.729227,-145.1250,587.9062,265.9688,661.3882372635795
57.753987,-145.4375,588.1562,265.5000,661.4908093241451
57.778823,-145.6250,588.0625,265.8125,661.574205730166
57.803063,-145.4688,588.1562,265.8438,661.6357238350174
57.828456,-145.1562,588.2188,265.9062,661.6477677395183
57.851700,-145.1562,587.8125,265.6875,661.1986991264899
57.875386,-144.9062,588.5000,266.0000,661.8807077480523
57.900131,-145.4375,588.0312,265.7500,661.4800676383321
57.924390,-145.5625,588.1875,265.7500,661.6464607798488
57.947786,-145.5000,587.8438,266.7188,661.7170211016376
57.971632,-145.0000,588.2188,265.8750,661.6009473062766
57.995739,-144.9062,588.1250,266.0000,661.5473051219108
58.019462,-145.7812,587.9062,266.1562,661.6079511725109
58.043740,-145.2188,588.3438,265.5312,661.6220206750887
58.066979,-146.1250,588.0312,265.9062,661.6943406064654
58.091598,-144.8438,587.9062,266.0625,661.364290394768
58.115062,-145.2812,588.5938,266.0938,662.0839281614435
58.138873,-145.5938,588.0000,265.9062,661.5494492690059
58.162661,-145.3750,588.0938,266.0312,661.6349260661993
58.187457,-145.1875,587.9062,266.1875,661.4899501138037
58.212116,-145.5312,588.5312,265.8438,661.9828369128519
58.236616,-145.3750,588.5312,266.3125,662.1368971049812
58.261039,-145.4062,588.4688,266.2188,662.0505042043148
58.284900,-144.8750,588.0938,265.6562,661.3745289759238
58.311111,-145.1250,588.4688,266.7188,662.1900232962779
58.335060,-145.0938,588.2188,266.7500,661.9736072084936
58.359880,-145.5625,588.1875,265.6562,661.6088117056502
58.383700,-145.3125,588.2812,265.7188,661.6623050011048
58.406872,-144.8438,588.3438,265.9375,661.7029801839908
58.432254,-145.0312,587.7188,266.2812,661.3267699705551
58.456343,-145.0312,588.2188,266.2188,661.7460118351205
58.479446,-145.5312,588.5625,266.2188,662.1612975585141
58.504136,-145.8438,588.3750,265.8750,661.9252644098596
58.527809,-145.6875,588.5312,265.6562,661.9419332893747
58.551956,-145.8750,588.2500,265.7188,661.7582883701288
58.575195,-145.1250,588.7812,266.1875,662.2540382155571
58.598098,-145.1875,588.1250,265.2812,661.32032131397
58.621613,-145.4688,588.1250,266.2812,661.7838596952369
58.646351,-145.6875,587.9062,266.3438,661.6627536814922
58.671804,-144.8125,588.0312,265.5938,661.2801608787875
58.696345,-145.8750,588.2812,265.5000,661.6982656215464
58.720148,-145.4688,588.0312,265.8438,661.5246084743843
58.744985,-145.4375,588.5938,266.0312,662.0931165039212
58.768469,-145.2188,588.0625,265.6250,661.4095780095814
58.793450,-144.9688,588.3750,266.2812,661.8963538222015
58.818343,-145.0625,588.2500,266.1875,661.768068557633
58.841384,-145.7188,588.3438,266.2188,662.0081155976771
58.866005,-144.8125,588.4062,266.3438,661.9150763952842
58.889556,-145.6250,588.2188,266.2500,661.8889642353637
58.913431,-145.4688,588.5938,265.6875,661.9619380461954
58.937625,-145.1875,588.4688,265.2188,661.6009864218576
58.961665,-145.4375,588.4062,266.1875,661.9892496117761
58.985472,-145.2812,587.9375,265.6250,661.3121699566798
59.009361,-144.8125,588.1250,265.9688,661.5142113044983
59.033222,-144.7188,588.6562,266.4375,662.1545428915178
59.057212,-144.7812,588.3438,266.2188,661.8023884568471
59.081989,-145.6250,588.0625,266.5312,661.8633180331211
59.108633,-145.5312,588.3125,266.0938,661.8888321854924
59.133010,-145.3750,588.9062,265.9688,662.3321205336678
59.158037,-145.3125,588.3438,266.8438,662.170429522774
59.182371,-145.1875,588.2500,265.4375,661.4941716013075
59.207356,-145.3438,587.8750,266.5938,661.6600704501708
59.231652,-145.8438,588.5938,266.3750,662.3206493671513
59.256075,-145.5312,588.5938,265.3125,661.8252563342344
59.281016,-145.2188,588.0938,265.4062,661.3495457620634
59.305791,-145.0625,588.2812,265.8125,661.6451036349189
59.330267,-145.9062,588.0312,265.6250,661.5330871472908
59.354704,-145.6875,588.2500,265.4375,661.6040935200598
59.378623,-144.8125,588.3125,265.6875,661.5679144794962
59.402521,-145.7812,588.0000,265.5625,661.4526545852035
59.428461,-145.1562,587.9375,265.5625,661.2596178707441
59.451853,-145.6562,587.9062,266.3438,661.6558736361278
59.476786,-145.3750,587.8125,266.4688,661.5610482093188
59.501201,-145.2188,588.6875,266.0000,662.1158946950394
59.527243,-145.3750,588.1875,265.3438,661.4421603173723
59.552255,-145.6875,588.5000,265.9688,662.0396314668877
59.576251,-145.5625,588.0312,265.0000,661.2066185261704
59.602529,-145.6875,588.2188,265.5312,661.613928386015
59.627865,-145.4375,588.1562,266.2500,661.7921904346655
59.653083,-145.3125,588.2188,265.7188,661.6067371251406
59.677362,-145.6562,588.0938,265.8438,661.6214184616362
59.701815,-145.8438,587.9375,265.4688,661.3732384568301
59.730140,-145.7188,588.2812,266.2188,661.9525708498212
59.760434,-144.7812,588.2812,265.9062,661.6211704912317
59.817170,-145.3438,588.3438,265.7812,661.74983693212
59.839420,-145.2500,587.9688,266.2500,661.5843679959212
59.867409,-145.2812,587.8125,266.0625,661.3769202686639
59.891851,-145.3750,588.3750,266.6250,662.1237964874847
59.915671,-145.4062,588.4688,265.8438,661.8998010875116
59.940484,-145.1250,588.6562,266.1875,662.142908627218
59.964041,-145.3125,588.2188,265.9688,661.7071833404674
59.987700,-145.1250,588.2188,266.1875,661.7539940437175
60.013041,-145.6250,588.3125,266.2500,661.9722809765149
60.040133,-145.2812,587.7500,266.1562,661.3590957381814
60.064066,-145.5938,588.0938,266.2188,661.7584315138625
60.086737,-145.7812,587.9062,265.2500,661.243899133009
60.112374,-145.3750,588.0312,266.0312,661.5793736038972
60.137001,-145.3438,588.0938,265.5312,661.4271760214328
60.160177,-145.3750,588.2812,265.9688,661.7764695900913
60.184040,-145.4062,588.1562,266.5938,661.9236961253068
60.207572,-145.5625,587.9688,266.7500,661.8544061066698
60.230831,-145.0312,588.6562,266.0625,662.0721245052347
60.253712,-145.4375,588.3438,265.5625,661.6826096978539
60.277141,-145.0625,587.9688,266.0312,661.4552183325603
60.301452,-145.3750,588.1562,266.1250,661.7281773236368
60.325983,-145.5000,587.7812,266.0312,661.3846640406209
60.349377,-145.0312,588.2188,265.8438,661.5952393587695
60.392985,-145.1875,588.0312,265.9375,661.5005026748373
60.417859,-145.1250,588.4375,265.8125,661.7977351030298
60.442172,-145.8750,588.0312,265.5000,661.476013625258
60.465744,-145.5625,588.2812,266.7188,662.119447010413
60.490324,-145.6875,588.0312,265.8750,661.5853038405648
60.513992,-145.5625,587.6250,266.2500,661.3475973580383
60.540620,-145.2188,588.2500,265.9062,661.6892636582711
60.565290,-145.1875,588.3125,265.1250,661.4244276087027
60.589229,-145.0625,588.7812,266.1875,662.2403449005976
60.612598,-145.0625,588.0938,265.8125,661.4783993839576
60.636234,-145.3750,588.0625,266.0625,661.6197158772553
60.664682,-145.9688,587.8750,265.9062,661.5209939152536
60.694692,-145.4375,588.0312,266.4062,661.7439893356607
60.719845,-145.6250,588.1875,266.1875,661.8360529145417
60.747205,-144.8438,588.3750,265.1562,661.4171826110394
60.773981,-145.3750,588.0938,266.0312,661.6349260661993
60.801435,-145.2500,588.2188,265.9375,661.6809006294594
60.825235,-145.2812,588.1875,266.4375,661.8611018665945
60.851365,-145.2500,587.9375,266.0938,661.493726497321
60.884579,-145.3438,588.2812,266.0625,661.8072896787063
60.920297,-145.6250,587.9062,265.9688,661.4981295443132
60.943718,-145.5625,588.2188,266.4062,661.9380856975031
60.970933,-145.4688,588.5312,265.7812,661.944002393471
60.994910,-145.3438,587.6875,266.5312,661.4682989734845
61.018446,-145.4375,588.3125,266.1250,661.8807896347347
61.041781,-144.8125,588.2812,266.5625,661.8920271948156
61.065448,-145.0625,588.3750,266.0312,661.8163608644112
61.088793,-145.4375,588.6875,266.2500,662.2643743721234
61.117092,-145.5625,588.2500,265.5625,661.6267416848415
61.140512,-145.3750,588.5625,265.8125,661.9637393298065
61.163163,-144.8750,587.9375,265.8750,661.3235102098291
61.186774,-145.1250,588.1250,265.4375,661.3692974853384
61.211611,-145.0938,588.1562,266.3125,661.7418819746676
61.234479,-145.1562,587.9688,266.2188,661.5512155095685
61.257713,-145.1250,588.2188,266.1250,661.7288561802051
61.283201,-144.6875,588.0312,266.0938,661.4537832848755
61.307030,-145.3125,587.8125,265.8750,661.3083799843307
61.331173,-145.3438,588.0000,266.2812,661.6453051035918
61.354565,-145.6250,588.4062,265.8125,661.8797782228374
61.379629,-145.5312,588.4062,266.0625,661.959601238531
61.403350,-145.4375,588.3750,265.6562,661.7480262118751
61.426058,-145.0312,588.4062,266.0000,661.8247339859889
61.449845,-145.2500,588.7188,265.5938,661.9874388087926
61.473237,-145.0000,588.1562,266.1875,661.6710357649883
61.496275,-145.1562,588.2500,266.0000,661.7132304964609
61.519699,-145.5938,588.6875,265.8438,662.1354937694965
61.543459,-145.6250,587.9688,266.2500,661.666799908808
61.567516,-144.6875,588.0312,265.9688,661.4035074063147
61.590747,-145.2500,588.2812,265.1875,661.4354101178833
61.613986,-145.0000,588.0000,265.5938,661.2934598490011
61.639223,-145.3438,588.0000,266.6562,661.7963140786786
61.662306,-145.1250,588.2500,265.7188,661.5933662201901
61.685265,-145.1875,588.0625,265.8125,661.4780413730678
61.708939,-145.0625,588.1562,266.0312,661.6218929999785
61.732189,-145.2812,587.9375,266.5000,661.66411079022
61.755859,-145.6562,587.9062,266.2812,661.6307172847157
61.779418,-145.4688,588.5000,266.1562,662.0668823016485
61.802242,-145.5625,588.1250,266.2500,661.7919004726864
61.825224,-145.6250,588.0625,266.2812,661.7626830162097
61.849285,-145.1250,587.8438,266.4062,661.5087528356106
61.872653,-145.6875,587.9688,266.0312,661.5925669242173
61.896625,-145.5000,588.5938,265.5938,661.9311841710776
61.920598,-145.0625,588.7188,265.9688,662.0968746976345
61.944453,-145.4688,588.3125,266.0000,661.8374081923841
61.967203,-145.4062,588.5625,266.2812,662.1589673536673
61.992438,-145.5625,588.3750,266.2500,662.0140818224716
62.033424,-145.5312,587.8125,265.8438,661.3439190745424
62.056832,-145.2500,588.2500,266.2500,661.8343353891516
62.080048,-145.1250,588.1250,265.8750,661.5450074446939
62.103890,-145.0938,588.1250,265.6250,661.4377162961472
62.127104,-145.4375,587.9688,265.9688,661.5124287263052
62.150376,-145.9062,588.0312,265.6875,661.5581852126652
62.173724,-145.5938,588.0000,266.0625,661.6122685873596
62.197967,-145.5625,588.3438,266.2500,661.986308068613
62.222175,-145.0312,588.1562,265.8438,661.5396717542249
62.246107,-145.5938,588.5312,266.5938,662.298120037108
62.269586,-145.2500,588.5312,265.8750,661.9336147617543
62.293331,-145.7188,587.8750,265.8438,661.4407525550758
62.316316,-145.7188,587.8750,266.0000,661.5035674329825
62.340279,-144.9688,587.8750,265.3750,661.0876225785523
62.363147,-145.0000,588.4062,266.0312,661.8304473319621
62.388016,-145.1562,588.0938,266.0938,661.6120309457707
62.412388,-145.3438,588.0000,266.3750,661.6830406539543
62.436569,-145.1250,588.4062,266.1562,661.9080979094643
62.470446,-145.0938,588.1250,265.7500,661.4879246169672
62.495456,-145.5938,588.2188,266.2188,661.869519423721
62.526659,-145.3750,588.0000,266.4062,661.7024865179686
62.549836,-145.3750,588.1875,265.8750,661.6554552078068
62.574024,-144.6875,588.3750,266.2500,661.8222388083148
62.600017,-145.1250,588.2188,266.0938,661.7162891040426
62.625230,-145.3125,588.1562,266.4062,661.8276113228995
62.649580,-145.0312,588.0938,265.9375,661.5217881308786
62.673434,-145.7500,588.0938,266.0312,661.7174225193296
62.698151,-145.0938,588.3125,265.9062,661.7174077613305
62.721442,-145.0625,588.2188,265.5312,661.4765842298387
62.744543,-144.3125,588.0000,265.8750,661.2560875192379
62.768203,-145.1562,587.9688,265.9062,661.4255223981665
62.795587,-145.4375,588.4062,266.4688,662.1023910029891
62.820802,-145.7500,588.4688,265.5000,661.8374288498366
62.844089,-145.2812,588.0312,266.3750,661.697085684322
62.867546,-145.1875,588.4375,266.1250,661.937019049018
62.891482,-145.0625,587.9375,266.2500,661.5154535704363
62.916909,-144.8125,587.7812,266.4062,661.3847201492298
62.944863,-145.3750,588.0312,266.1250,661.6170774901162
62.969221,-145.7812,588.2188,266.0938,661.8605249538512
62.993072,-144.9375,588.2500,265.2188,661.351590878719
63.016391,-144.7500,587.9062,266.2500,661.4192193980022
63.039067,-145.1562,587.8438,265.9062,661.3144071598527
63.062581,-145.5625,588.0625,266.0312,661.6483743568501
63.087471,-145.2188,588.0000,265.8438,661.4418982538263
63.110665,-145.4688,588.0000,266.2188,661.6476253098208
63.133396,-145.5000,588.2188,265.9062,661.7232666610907
63.156653,-145.4062,588.0000,265.8438,661.4830889396379
63.181466,-145.3750,588.0938,266.3438,661.7606384321487
63.204843,-144.3750,587.7812,265.7188,661.0123997158639
63.228296,-145.2188,588.2188,266.4375,661.8751578729746
63.253033,-145.5000,588.1562,265.6875,661.5798304591159
63.277349,-145.3750,588.1250,266.4062,661.8135661113804
63.300707,-145.1875,588.0938,265.9688,661.5686244992843
63.324908,-145.1250,588.5312,266.5000,662.1574947484643
63.348849,-145.7500,588.0625,265.4375,661.4511567852157
63.372789,-145.1250,588.2500,265.9375,661.681254102948
63.397205,-144.8438,588.2188,265.8438,661.5541619396612
63.421309,-145.5000,588.3125,266.0938,661.8819618673049
63.446755,-144.9688,587.9375,266.3438,661.532641331382
63.471401,-145.2500,588.2500,266.0938,661.7714928803314
63.495286,-145.0000,588.2812,266.1875,661.7821501504951
63.518055,-145.3438,588.2812,266.0000,661.7821656448782
63.541276,-145.3750,587.8750,266.1875,661.5033570634771
63.565345,-145.4375,588.4375,265.5625,661.7659701274689
63.588425,-145.8438,587.9062,265.7812,661.4709600992983
63.612122,-145.2188,588.1562,266.5938,661.8825328596363
63.636521,-145.0312,588.2812,265.7812,661.6256988884935
63.660352,-144.8125,588.3125,266.0312,661.706040314778
63.684754,-145.3438,588.3438,266.1250,661.8879734918327
63.708685,-145.1250,588.2812,266.2812,661.8472624617593
63.732736,-145.3438,588.5938,266.0000,662.0599732676225
63.756212,-145.7812,588.4062,266.5312,662.2031373507584
63.779651,-144.6250,587.8438,265.5938,661.0723901949959
63.803357,-145.2500,587.9688,266.2500,661.5843679959212
63.828340,-145.5000,588.3125,265.9688,661.8317185152223
63.852403,-145.9062,588.3438,266.0000,661.9614807170618
63.875041,-145.2500,588.4062,265.9062,661.835033318821
63.899252,-144.7812,588.4375,266.3125,661.9234467928013
63.922980,-145.0938,587.8750,265.8438,661.3033428980417
63.947711,-144.8125,588.3438,265.6562,661.5831553813738
63.973433,-145.2812,588.1250,266.5312,661.843308082151
63.998536,-145.3125,588.2188,266.1875,661.795138743148
64.022281,-145.0625,588.1562,265.9375,661.5842026730705
64.046259,-145.4375,588.3438,266.3125,661.9839742973862
64.070156,-145.1250,587.9375,265.8125,661.3531996501566
64.094151,-144.8125,588.1875,266.2500,661.6828982318494
64.117727,-145.5625,587.7500,266.1562,661.4209350484097
64.141248,-144.5312,588.0625,266.3125,661.5354365331176
64.166061,-145.4688,587.8750,266.0000,661.4485413481252
64.190714,-145.5625,587.8750,265.2812,661.1804584474745
64.214817,-145.0625,588.2812,265.7188,661.60744562722
64.238156,-145.1875,588.0000,265.7812,661.4099205544263
64.262315,-145.8438,588.3125,266.1562,661.9827388115003
64.286359,-144.5625,588.2188,265.7500,661.454969561657
64.310687,-145.0938,588.3750,266.0625,661.8357733005315
64.334806,-144.8438,587.8125,266.5938,661.4948787476552
64.358334,-145.1562,588.2500,265.7500,661.6127733909484
64.382642,-145.4688,588.3438,265.6875,661.7396565469497
64.405020,-145.0625,588.4375,266.3438,661.9975932558687
64.428374,-145.3438,588.4688,266.3125,662.0744845158096
64.452257,-145.0625,588.3438,267.2188,662.2668324941806
64.477798,-144.3750,587.8438,266.2500,661.2816930318444
64.502112,-145.3125,588.5625,266.0312,662.0378879181028
64.525722,-145.5312,588.2188,265.8438,661.7050264220361
64.549173,-145.6875,587.9688,266.6875,661.8567226288953
64.573711,-145.5625,587.9688,266.0938,661.5901874815519
64.596779,-145.5312,587.9062,266.0625,661.5151981790555
64.620902,-145.7188,587.9062,266.2188,661.6193284224604
64.644862,-145.5312,588.0312,265.3438,661.3375850253692
64.667973,-145.7812,588.1250,266.5000,661.9406608424674
64.692453,-145.6250,587.8750,266.2812,661.5960703870319
64.715202,-145.3438,587.4688,266.0000,661.0600108088713
64.739210,-144.8750,588.0938,265.9688,661.500113673932
64.762745,-145.1562,588.5312,266.0625,661.9883858851869
64.786613,-145.1875,587.9375,266.3125,661.5680325701583
64.810219,-145.5625,588.0000,266.5000,661.7814529028824
64.834594,-145.0625,588.1875,266.4062,661.8005395144088
64.857360,-145.4375,588.1875,266.1250,661.7696859085493
64.880629,-145.2188,588.3750,266.2188,661.9260146180425
64.904334,-145.5938,588.2188,265.9062,661.743886771678
64.927202,-145.4062,588.0312,266.2188,661.6616592845527
64.951484,-145.2500,588.1562,266.1875,661.7258662545333
64.975208,-145.4062,588.2188,265.7812,661.6524376454662
64.998503,-145.0625,588.1250,265.5938,661.418312847711
65.021795,-144.8750,588.0000,266.4062,661.5928171194595
65.046063,-145.4062,588.0938,265.6875,661.5036537951812
65.070755,-145.1875,587.9375,265.6562,661.3041336832566
65.093752,-145.0000,588.1250,265.4375,661.3418798407145
65.117398,-145.0312,588.2500,265.8438,661.6230236249529
65.142569,-145.9062,588.2500,265.4688,661.6648347279951
65.167451,-145.5625,588.2500,265.6562,661.6643764555505
65.191639,-145.3125,588.0312,266.8438,661.8927862931239
65.214641,-144.8750,588.2812,265.8750,661.6291335420187
65.238143,-145.5000,588.0938,266.5000,661.8510095097404
65.261647,-145.0312,588.2500,266.3750,661.8366615725987
65.287220,-145.1562,588.0000,266.5000,661.6922146391497
65.311219,-145.1250,588.1562,265.5000,661.4221723219313
65.334281,-145.0000,587.9375,266.1875,661.4765975168737
65.357515,-145.2188,588.1562,265.7812,661.5556912438948
65.380565,-145.4375,588.0000,266.0312,661.5653349313372
65.403420,-145.2500,588.2500,265.5000,661.5329734790247
65.427322,-144.9688,588.0312,265.3438,661.2140312464546
65.450469,-144.9375,588.1875,265.9375,661.5845886723405
65.474435,-145.6250,588.1250,266.6250,661.9566049787554
65.498436,-145.1562,588.2812,265.2500,661.4398903268724
65.521951,-144.6250,588.1875,266.1875,661.6167402186103
65.545250,-145.7188,588.1250,265.8438,661.6629573586729
65.568494,-145.0312,588.1875,265.7812,661.5423429262672
65.592049,-145.2812,588.2500,266.7188,662.0299054447049
65.615496,-145.2812,588.0625,266.1562,661.6368300826935
65.640143,-145.3438,587.7188,266.0938,661.3199063650568
65.664711,-145.4688,588.1250,266.0000,661.6707435360601
65.687888,-144.8750,588.1250,265.2812,661.251784762478
65.711712,-144.8125,587.9062,265.8750,661.282038596477
65.735391,-145.4688,588.4062,266.7188,662.2099092185102
65.758488,-145.6250,588.2500,266.0312,661.8287762719013
65.781187,-145.2188,587.9688,266.1562,661.5397839451438
65.805165,-145.5625,588.3438,266.2500,661.986308068613
65.830154,-144.8438,587.8125,266.1250,661.306103627747
65.853593,-145.7812,588.4688,265.9062,662.0073839219525
65.877023,-145.0938,588.4375,265.4688,661.6528885464606
65.900552,-145.1875,588.2500,266.2812,661.833194058603
65.924642,-144.4375,588.4375,265.8125,661.6473138831216
65.947730,-145.3750,588.0625,265.2812,661.3059323284591
65.971832,-145.4062,587.7812,266.0000,661.3514764409505
65.995067,-145.4688,587.5312,266.2188,661.2310865383505
66.018780,-146.0000,588.0938,266.1875,661.8353601503266
66.047062,-144.9688,588.5625,266.3750,662.1007442284085
66.070873,-146.0312,588.0312,266.3750,661.8621590468252
66.095586,-145.1562,587.6875,266.2188,661.3012607139616
66.119658,-145.4062,588.3750,266.2812,661.9923128448132
66.143759,-145.5312,588.5312,266.0625,662.0707143949013
66.168313,-145.5625,588.5000,266.1562,662.0874872857155
66.193958,-145.8125,587.8750,265.3438,661.2606191550443
66.217766,-145.2500,588.4688,266.4688,662.1167774291216
66.242744,-145.2500,587.8750,266.1875,661.4758977326762
66.267988,-145.0312,588.1250,266.2812,661.6878291181764
66.292478,-145.2500,588.1562,265.8750,661.6002210845024
66.317590,-145.1562,588.4375,266.0938,661.9176022054218
66.344756,-145.7812,587.8125,266.2188,661.5497946937744
66.370353,-145.0938,588.2812,265.7188,661.6142981316135
66.394182,-144.9688,588.4688,266.5000,662.0677142129232
66.418435,-144.7812,588.1562,265.8438,661.4849085048634
66.441920,-145.1562,588.4062,266.2188,661.9400839990637
66.465406,-145.3750,587.7500,265.5625,661.14097931625
66.489312,-145.8750,587.9375,265.8125,661.5181816756815
66.512817,-145.7812,588.0000,265.8438,661.5656220403423
66.536981,-145.1250,588.4688,265.8125,661.8255211970995
66.560773,-145.1875,588.6250,266.0312,662.0660290014981
66.584610,-145.1875,588.0312,265.8750,661.475378799402
66.608169,-144.7812,588.1562,265.3125,661.2715837096548
66.632086,-145.9062,588.3438,266.3125,662.0871163293959
66.656172,-145.4688,588.1875,266.8438,662.0659176372659
66.680400,-145.4688,588.7188,266.2812,662.3115791904046
66.704088,-145.8750,588.0625,265.7500,661.6041732269001
66.727309,-144.5000,587.9062,266.4062,661.4274705726434
66.750270,-145.5938,588.2188,266.5000,661.9826945552467
66.773881,-145.1250,588.0625,265.7500,661.4392126501498
66.799384,-145.8438,587.7188,266.1562,661.4551216293419
66.822763,-145.0625,587.9688,265.9688,661.4300838783907
66.845937,-144.8125,587.9062,266.0312,661.3448759322741
66.869595,-145.1562,587.8438,265.8438,661.2892791677388
66.894656,-145.1250,588.1250,265.9375,661.5701286759023
66.918569,-145.2500,588.1562,266.0312,661.663028202895
66.942300,-145.1562,587.9688,266.0000,661.463217337612
66.965799,-144.6250,588.0000,265.3750,661.12349924201
66.989272,-145.3438,587.7812,266.9688,661.7279780938596
67.012861,-145.2500,588.0000,266.4688,661.7002019242268
67.039729,-145.3750,588.3438,266.0312,661.8571483074161
67.063718,-145.2812,588.1562,265.8438,661.5945249393222
67.089183,-145.1875,588.0000,265.5938,661.3345977607042
67.112511,-145.0000,588.4688,265.7812,661.7855714490344
67.136463,-145.2500,588.1875,265.9062,661.6405606107537
67.159231,-145.6875,588.3750,265.8750,661.8908549800715
67.182449,-145.2812,588.1875,266.2812,661.7982176308539
67.206224,-145.7500,588.4375,265.5625,661.8347190292301
67.230260,-145.1875,588.4062,265.9688,661.8464332244112
67.253147,-145.5000,588.1875,265.9375,661.7080466961997
67.277309,-145.8438,588.5000,266.6562,662.3505152697663
67.300784,-145.2500,587.9688,265.9688,661.4712310094257
67.324083,-145.2188,588.0000,266.0000,661.5047130229402
67.347417,-145.6562,588.5312,266.6875,662.3496040965639
67.370291,-146.0938,587.9062,266.3438,661.7523220527356
67.393708,-145.2812,588.0000,266.6562,661.782590633529
67.416418,-145.4375,588.0000,265.8125,661.4774006438164
67.441141,-145.5000,588.2188,266.7812,662.0753606675943
67.465768,-145.2188,588.4688,266.1562,661.984217706274
67.490126,-145.3750,588.4375,266.0938,661.9656077322389
67.513569,-145.5938,588.0000,265.1875,661.2608790752047
67.536774,-145.3750,587.9688,266.3750,661.6621360079195
67.560844,-145.7500,587.8438,265.6562,661.3445244939471
67.586338,-145.4688,588.3438,266.5312,662.0788719006124
67.609859,-144.9062,587.9375,266.5000,661.5818733878011
67.633343,-145.7188,588.2500,265.0938,661.4731384497975
67.657253,-145.4688,588.1562,265.7812,661.6106139506738
67.680334,-145.2188,588.3750,266.1562,661.9008803367956
67.703370,-145.3750,588.2812,265.5625,661.6133018106668
67.727931,-145.5625,588.2188,266.1875,661.8500769918082
67.752314,-145.2812,588.3125,266.0625,661.8213453524014
67.776135,-144.6562,588.2812,265.7812,661.5435984250679
67.801733,-145.3125,587.8438,265.9688,661.3738527087951
67.824922,-145.3438,588.3750,266.4375,662.0414546652744
67.847751,-145.5000,588.1250,265.3750,661.426606850677
67.872085,-145.5938,588.3750,266.3750,662.0712358115723
67.896569,-145.2188,588.7188,265.7812,662.0558320902305
67.919951,-145.3438,587.9062,266.6562,661.713019455706
67.944025,-145.5000,587.7500,266.2500,661.4449145620518
67.966859,-145.2812,588.0938,265.7812,661.5138496223549
67.992198,-145.4375,588.4062,266.2500,662.0143834882385
68.016915,-145.1875,588.2500,266.0312,661.7326489095218
68.039982,-145.3750,587.9688,265.7188,661.3982126549217
68.064485,-144.6562,588.2188,266.6562,661.8400744739529
68.087567,-145.5000,588.0000,265.6562,661.4283734192709
68.111026,-145.1562,587.9375,266.5312,661.6492636184786
68.134057,-144.8125,588.0312,266.4688,661.6320774111357
68.158337,-145.4062,588.2500,266.1562,661.8309372136702
68.182475,-144.9375,587.9375,265.5938,661.224185017126
68.206611,-144.9688,587.5938,266.0000,661.0887637190826
68.230556,-144.9375,588.2500,266.1250,661.7155408717933
68.254367,-145.2500,588.5312,266.3125,662.1094640486666
68.278396,-144.9688,588.1250,266.0000,661.5609980202601
68.303869,-144.8438,588.3125,266.7500,662.0021692338421
68.329731,-145.4375,588.5312,266.4688,662.2134802005884
68.358254,-144.6875,588.5938,266.0312,661.9287734884132
68.382237,-145.5000,588.3438,265.8750,661.8218293385785
68.406978,-145.5625,588.3125,266.5625,662.0842887946745
68.434162,-144.7812,588.4062,265.0938,661.4062455705174
68.460449,-145.0312,588.0000,266.1562,661.526426449182
68.484731,-145.2812,588.0938,266.4375,661.7777888361584
68.512878,-144.9375,587.9062,266.0312,661.3722580150115
68.538657,-145.1875,588.0938,266.1875,661.6565983208832
68.563578,-145.4062,588.0312,265.9375,661.5485488018812
68.593451,-145.5312,588.0312,266.0938,661.6388588136185
68.626882,-144.9375,588.0625,266.4062,661.6620533562149
68.653692,-145.0938,588.2500,265.8438,661.6367267641095
68.676501,-144.9375,588.5938,266.4062,662.134254879156
68.700918,-145.7812,588.2500,266.0000,661.8506140750815
68.724245,-145.2812,588.1562,266.1250,661.7075877157712
68.747873,-145.4375,588.0938,265.8125,661.5607382180132
68.771561,-145.1875,588.2812,266.0312,661.7604288822164
68.795628,-145.2188,588.5625,265.6875,661.8792559176202
68.819393,-144.8125,588.0312,265.3750,661.1923334082244
68.842869,-145.1875,587.9375,266.2500,661.5428758308111
68.867963,-144.9688,588.2500,265.9062,661.6344419433022
68.891314,-145.3750,588.1562,266.6875,661.9545964001704
68.915318,-145.3438,588.0938,265.7812,661.5275786425593
68.940973,-145.0625,587.8438,266.1250,661.3818253817627
68.965036,-145.4062,588.2812,266.4375,661.9718634858093
68.988732,-144.8125,587.9688,266.2500,661.488453136419
69.012760,-145.6562,588.6875,266.5000,662.4129873578208
69.037329,-145.7500,588.0000,266.4688,661.8101368418004
69.066666,-145.1562,588.0625,265.7812,661.4586258201454
69.091253,-145.4375,588.2500,265.8750,661.72474982522
69.114877,-145.7188,588.8438,266.3125,662.4901989251426
69.138923,-145.7188,588.2188,266.0625,661.8341981639926
69.163040,-145.3750,587.9062,266.1250,661.5059826177405
69.186612,-145.0000,587.9688,265.6562,661.2907788111256
69.210945,-145.4688,587.7812,265.9062,661.3275201193335
69.234483,-145.3125,587.9375,266.0938,661.507452982627
69.258111,-145.9062,587.9062,266.2812,661.685799061524
69.282704,-145.2500,588.1562,266.0312,661.663028202895
69.306069,-145.0000,588.3438,265.7188,661.6493197046491
69.329698,-144.9688,588.0625,266.3125,661.6311586065627
69.353653,-145.3750,588.5938,265.5625,661.8911803086006
69.377489,-145.1875,588.0625,265.8125,661.4780413730678
69.402604,-145.5312,588.1875,266.0625,661.7651651371976
69.426873,-144.6875,587.7812,265.9688,661.181250856658
69.450621,-145.3750,588.1562,265.9688,661.66535425064
69.474176,-145.0312,588.2812,266.5938,661.95250593769
69.499064,-145.3438,588.1562,266.3438,661.8093178870992
69.522987,-145.2188,588.1250,265.3125,661.3397187775829
69.547434,-145.2188,588.4688,266.0625,661.9465303061683
69.572327,-145.5938,588.4375,266.6562,662.2399769791725
69.596441,-145.6250,588.3750,266.3438,662.0655363436935
69.619723,-144.6250,588.0625,266.0938,661.4678966664312
69.643572,-145.4062,588.1562,265.7812,661.5968748450127
69.667659,-144.6875,588.5000,266.4062,661.9962331428424
69.690558,-145.5312,587.6875,266.4375,661.4717558513458
69.714184,-145.6562,588.1250,266.3750,661.8628252244285
69.738435,-145.4688,588.0938,265.6875,661.5173948369574
69.761471,-144.8125,588.0000,266.9062,661.7806331748554
69.785629,-144.8438,588.0625,266.1562,661.5409021628028
69.808796,-145.0625,588.3438,265.8125,661.7006741923137
69.831765,-145.0625,588.6250,265.8125,661.9507569959416
69.854685,-145.1562,588.1562,266.5312,661.8436511402731
69.878314,-145.0000,588.0625,266.2500,661.6128523587265
69.902595,-145.3438,588.4375,266.1562,661.9838717705856
69.926957,-145.4688,587.7812,266.5625,661.591657659296
69.950491,-144.5938,588.2188,266.5938,661.801237479719
69.973845,-144.9375,588.1562,266.4688,661.7705403286512
69.997477,-145.4688,588.7812,265.8438,662.1913749001776
70.022259,-144.9062,588.2188,266.2188,661.7186275088435
70.045666,-145.2812,587.8750,265.3750,661.1562204589491
70.068905,-145.1562,587.9688,266.9688,661.8533835882291
70.093637,-145.0938,587.9375,265.7188,661.3086679432495
70.118434,-145.1250,588.5000,265.6875,661.8031151945796
70.142215,-145.4062,588.0625,265.9688,661.5888885266098
70.165800,-145.1250,588.1875,265.5312,661.462504990126
70.189086,-145.4688,588.4062,266.4375,662.0966800036646
70.214915,-145.0938,588.3125,265.6250,661.6044396543243
70.238938,-145.6875,588.0625,265.9688,661.6507594940571
70.261544,-145.5000,587.8750,265.8125,661.380035063994
70.286980,-145.3750,588.1250,266.1875,661.7255408447297
70.311017,-145.1875,587.7812,266.1250,661.3537053897956
70.334208,-144.6250,588.3125,266.2500,661.7530134281596
70.357923,-145.3750,588.2188,266.0938,661.7711630659234
70.382026,-145.3125,588.2188,265.8125,661.6443951731644
70.405456,-145.5000,587.9688,265.8125,661.4633671888508
70.429069,-145.5312,588.0938,266.0938,661.6944062818482
70.452861,-145.3438,587.9688,265.9375,661.4792593474681
70.477602,-145.5625,588.3750,267.1562,662.3790787346114
70.501094,-145.7500,587.6875,266.0938,661.3815418843442
70.523760,-145.2812,588.3125,266.2188,661.8841757508446
70.547535,-145.0312,588.3750,265.9062,661.7592748806964
70.572843,-145.8438,588.2812,266.5000,662.0932551503792
70.597021,-145.6562,588.2500,265.2500,661.5220088281739
70.621318,-145.0312,588.1875,266.8750,661.9825256438515
70.644086,-145.3750,588.5625,266.5625,662.2652591201655
70.668608,-145.2500,588.0312,266.2812,661.6524900415059
70.692755,-145.1562,588.3438,265.6875,661.6710305993266
70.716138,-145.4688,588.2188,266.4375,661.9300540724639
70.740427,-145.5938,588.2188,265.7812,661.6936683558242
70.764901,-145.2500,587.8125,266.3125,661.4706685201544
70.790098,-145.5625,587.9375,265.9688,661.5121474992447
70.813219,-145.2500,588.5312,266.1875,662.0591966605498
70.836099,-145.3125,588.0000,266.6250,661.776860642052
70.859752,-145.2500,588.2188,266.2500,661.8065599943556
70.884031,-145.7188,587.9062,266.0000,661.5313393110148
70.907165,-145.3438,587.9062,266.2188,661.5368374510126
70.930044,-145.9688,588.0938,266.3750,661.9039019303519
70.954307,-145.0625,587.9688,266.0312,661.4552183325603
70.978307,-145.2812,588.1875,266.2188,661.7730725931473
71.001885,-145.3750,587.9375,265.5000,661.2825754027169
71.025131,-145.0000,587.9062,266.0312,661.3859574904997
71.049633,-145.2812,588.1562,266.2188,661.7452975784471
71.072949,-144.9688,588.2812,266.2812,661.8130186689345
71.096511,-144.7500,588.0000,266.0312,661.4145360336153
71.120595,-144.9375,588.2500,265.4375,661.4393455279932
71.144071,-145.5625,588.1250,266.0938,661.729053933944
71.167023,-145.0938,588.1250,266.7500,661.8903039130143
71.190785,-145.1250,588.3438,266.4062,661.9531130133954
71.214722,-144.9375,587.9375,266.5625,661.6138973893686
71.239293,-145.2812,588.0000,266.3750,661.6693148594413
71.262891,-145.0938,588.2188,265.8438,661.6089430733895
71.285936,-145.6250,588.0938,265.9375,661.6522147777581
71.309601,-145.5938,588.0312,266.3750,661.7657679576853
71.334378,-145.0938,588.1250,266.6562,661.8525270618259
71.358489,-145.0000,587.9688,266.2500,661.5295257783756
71.382133,-144.8750,588.0938,266.1875,661.5880966056694
71.406445,-144.9688,587.8438,265.8438,661.2481472977354
71.431547,-145.3125,588.1875,265.5625,661.5162123627432
71.454740,-145.4062,588.7188,266.5000,662.3858347976842
71.478121,-145.2812,587.9062,265.5312,661.2467354302685
71.503589,-145.0312,588.3125,266.2812,661.8544894721007
71.526980,-145.2500,587.9688,266.3438,661.6221025937881
71.550572,-145.3750,588.1875,266.1250,661.755953056903
71.574160,-145.4062,588.3438,266.3750,662.0022555309952
71.598855,-145.5312,588.4375,267.0625,662.3899267342933
71.623498,-145.4375,588.2500,266.4062,661.9383800213676
71.647077,-145.3125,588.2812,265.6562,661.6372079333772
71.670491,-145.4375,588.0938,265.7812,661.5481827099784
71.693720,-145.5625,588.5938,265.8750,662.0578219236689
71.717922,-145.2812,587.9062,266.2188,661.5231086229622
71.741563,-145.3125,588.0625,265.8750,661.5306056317424
71.765972,-144.7188,588.4375,266.1250,661.834362686626
71.791174,-145.1562,587.8750,266.1562,661.4427427624594
71.814746,-145.4062,588.2188,265.9375,661.7152176706193
71.839110,-145.7188,588.3438,266.0625,661.9452969633329
71.862600,-145.2812,588.1250,266.4375,661.8055595360412
71.886113,-144.9375,588.2812,266.0312,661.7056248698321
71.911292,-145.4375,588.2500,266.0312,661.7875451251803
71.934828,-145.4062,588.2500,266.3750,661.9189381367347
71.958201,-145.1875,588.2500,266.3438,661.8583427141434
71.981464,-145.8750,588.4688,266.0312,662.0782516652582
72.006346,-145.1875,588.5312,265.9062,661.9324558985418
72.030711,-145.0625,587.9688,266.2500,661.5432279018602
72.053157,-145.3438,588.8125,265.6250,662.1039242032269
72.076601,-145.4688,588.1875,266.4375,661.9022841696972
72.099687,-145.6875,588.2188,265.8750,661.7519634521778
72.123530,-144.9375,587.7188,265.8125,661.1176091771134
72.147476,-145.5625,588.3125,266.0312,661.8705802791528
72.170988,-145.6875,588.4688,266.6250,662.2757794210902
72.194823,-145.2188,588.1875,266.5312,661.8851318275513
72.219420,-145.7188,588.2500,266.2188,661.9247989410316
72.243268,-145.3438,588.3438,266.0000,661.8377246939955
72.267052,-145.3750,587.6562,265.8125,661.1581081294493
72.292322,-145.5312,588.3750,266.5938,662.1455375449003
72.316617,-145.0312,588.0938,265.9062,661.50922597851
72.340439,-145.3750,588.1875,265.9375,661.6805722457779
72.364134,-145.5312,588.2500,266.3750,661.9464085948065
72.387366,-144.8750,588.1562,266.3125,661.6939531953669
72.410771,-145.3438,588.0938,265.8438,661.55269167859
72.433682,-145.0625,588.2500,265.5938,661.5294637771718
72.457063,-145.5312,588.1562,266.4688,661.9008338619823
72.480885,-145.4688,588.1250,265.6250,661.5200779088739
72.504077,-145.3125,588.5625,265.9688,662.0127755859871
72.527791,-145.6562,588.1562,265.9375,661.7146450581058
72.552060,-145.3438,587.5938,265.7500,661.0705584150038
72.576347,-145.2500,588.4375,265.8750,661.8502621675465
72.599757,-145.7812,587.7812,265.6875,661.3084139487225
72.623604,-145.0312,588.0938,266.5312,661.7607041009518
72.647706,-144.9062,588.4375,266.0938,661.862823011215
72.670417,-145.0625,588.2188,266.1250,661.715151997302
72.694629,-145.5625,588.0000,266.5625,661.8066241830011
72.718027,-145.4375,588.2812,266.0312,661.8153227935834
72.741945,-145.5000,588.1562,266.0938,661.7430832302858
72.765932,-145.4062,588.0000,265.7812,661.4579732610568
72.790215,-144.9375,588.3125,265.7500,661.6203889410452
72.813401,-145.5312,588.8125,266.0938,662.3332912302347
72.837186,-144.9062,588.4688,266.4375,662.028875821799
72.860174,-145.6250,588.1250,266.6250,661.9566049787554
72.883171,-145.8438,588.4375,266.2188,662.1189573421644
72.906958,-144.8750,588.2500,265.7188,661.5385719869723
72.930131,-145.1562,588.4688,266.1250,661.9579459947777
72.954167,-145.4375,587.9375,266.0312,661.5097854824693
72.977338,-144.9375,588.4375,265.6562,661.6938971129797
73.001395,-145.0938,588.2188,266.0000,661.6717419843657
73.025958,-145.4688,588.1562,266.2188,661.7864870879334
73.050499,-145.5312,588.2812,266.2188,661.9113208577774
73.073750,-145.6562,588.3125,265.9375,661.8535296623887
73.097036,-145.3438,588.4062,265.8438,661.8305070916476
73.120662,-145.3125,588.3125,266.5625,662.0293699819896
73.144652,-145.2812,588.1562,265.4688,661.4439305354517
73.168374,-145.0312,588.3125,265.6875,661.6158317249236
73.190811,-145.0000,587.9062,266.3125,661.4991356345921
73.214895,-145.5938,588.0312,266.8125,661.9419923013459
73.239191,-144.9062,588.2188,265.5312,661.4423360106211
73.263309,-144.9062,588.2500,266.3750,661.8092809972239
73.286750,-145.2500,587.8438,265.6562,661.2345121650299
73.311877,-144.7188,588.2500,266.0625,661.642526601648
73.335510,-145.4375,588.0312,266.0312,661.5931101208469
73.359258,-145.1875,588.1875,266.3438,661.802794249588
73.382926,-144.8438,588.1250,265.3125,661.257476475928
73.406244,-145.2188,588.4688,265.7188,661.8084384319133
73.430004,-145.5938,587.9688,265.6250,661.4086721843198
73.453869,-144.7812,588.4688,266.2188,661.9135162010876
73.476761,-145.1875,588.5000,266.2812,662.0554087520262
73.501002,-145.0312,588.0938,266.9062,661.9118283840285
73.525126,-145.5312,588.4375,266.1250,662.0125012096165
73.547797,-144.2812,587.6250,265.9062,660.9284027151693
73.571830,-145.2500,587.9375,266.6250,661.7076069014546
73.595817,-145.3438,588.0938,265.8438,661.55269167859
73.619860,-145.2812,588.5312,266.0000,661.990690137048
73.642446,-145.2500,588.0000,266.5625,661.7379609076768
73.666473,-145.5625,587.8125,265.9062,661.3759221135606
73.691020,-145.2188,588.1250,265.9375,661.5907004204431
73.713879,-144.8750,587.8125,266.1875,661.3381025901199
73.737776,-145.1562,588.2500,266.0000,661.7132304964609
73.761082,-144.6562,588.0938,266.6562,661.7289816210164
73.784269,-145.0625,588.0938,265.9688,661.5412033062453
73.807459,-144.7812,588.2188,266.4688,661.7918879297989
73.830704,-145.1250,587.9688,265.9375,661.4312288574017
73.855373,-145.4062,588.0625,265.6250,661.4507707080796
73.879097,-145.1562,588.0938,265.7812,661.4864084429003
73.902533,-144.6875,587.9688,266.2500,661.461099485686
73.925958,-144.8438,588.1250,266.7188,661.8229515063866
73.950422,-145.7812,587.9375,265.9062,661.5351922209996
73.972863,-145.4688,588.5938,266.3750,662.2381749722867
73.996518,-144.9062,588.1250,266.4375,661.7233397125361
74.020443,-145.0938,587.9688,266.0000,661.4495046982989
74.044916,-145.1562,588.0938,265.4688,661.3609097381607
74.068476,-145.2188,587.9375,266.1250,661.4994367970486
74.092132,-144.9375,588.4688,266.6875,662.1363691031195
74.116076,-144.9375,588.5625,266.2500,662.0436222882145
74.139637,-145.1250,587.8125,266.1250,661.3677618437794
74.163040,-144.9062,587.6250,265.5312,660.9143716402489
74.187030,-144.7812,588.0625,265.7812,661.3764337420672
74.211761,-146.0938,587.9375,266.6562,661.9059173019796
74.235495,-145.4375,588.5000,266.1875,662.0725802829324
74.259006,-144.9062,588.4375,265.8438,661.762353197411
74.283544,-145.5312,588.4062,265.8438,661.8717090038579
74.306914,-145.1875,588.2812,266.5625,661.9741729584791
74.331198,-145.3750,588.2188,265.8125,661.6581244364891
74.354470,-145.2812,588.0000,266.5938,661.7574095849815
74.377964,-144.9688,588.3750,266.1250,661.8335098244592
74.401169,-145.4375,587.9375,265.8750,661.4469638130482
74.425158,-144.6875,588.0938,265.3438,661.2080134945243
74.449096,-145.6562,588.0938,266.1250,661.7344766431057
74.472342,-145.0625,588.1250,266.0312,661.5941131145383
74.496733,-145.1562,588.4062,266.1562,661.9149502520603
74.521668,-145.0938,588.3125,266.0000,661.7550860743818
74.545836,-144.8125,588.0938,266.3125,661.6247173447819
74.572265,-144.8125,587.4688,266.3438,661.0818296904514
74.603964,-146.0312,587.9375,266.1562,661.6908487329072
74.627992,-145.2500,588.1250,265.6562,661.4845586172534
74.652055,-145.3125,588.3125,266.2500,661.9036053780792
74.678442,-145.1875,588.3438,265.8125,661.7280887770766
74.702624,-145.0312,588.6250,265.6250,661.8686385730649
74.727597,-144.5312,587.8125,266.3750,661.3383838911911
74.751464,-145.0000,588.2812,266.8750,662.0589813049609
74.775772,-145.3438,588.4688,265.9375,661.9237337464755
74.798985,-145.2812,588.0000,266.6562,661.782590633529
74.823078,-145.5625,588.0312,266.2500,661.7085875843024
74.846639,-145.5625,588.0625,265.8125,661.5604511068886
74.870600,-145.1250,588.3438,266.2500,661.8902448964349
74.895002,-145.2812,588.4375,266.2812,662.0204204625225
74.918502,-144.8125,588.2500,265.6562,661.4997852005037
74.941782,-145.2500,588.0312,265.7188,661.4263130373065
74.965534,-145.0938,587.8750,266.1562,661.4290296986707
74.989862,-145.4688,588.8125,265.3750,662.0311231413615
75.013070,-145.4375,587.9375,266.6250,661.7487899025581
75.036463,-145.0000,588.5938,266.1875,662.059957779741
75.060020,-145.2812,588.1875,265.9375,661.6599811565321
75.083258,-145.8125,588.1562,267.0000,662.1767585549288
75.107167,-144.8750,588.0312,266.7812,661.77167660238
75.131016,-145.1875,587.7188,266.3125,661.3736363917619
75.154360,-145.2188,588.3438,266.0625,661.8354081052743
75.177677,-145.5938,588.2812,265.9688,661.824557656474
75.201741,-145.3750,587.9375,265.7188,661.3704322335649
75.225692,-144.9688,588.6562,266.0938,662.0709953847
75.249647,-145.3438,587.7188,266.2812,661.3953725776946
75.273753,-145.0938,588.0625,266.2812,661.6459810932694
75.296624,-145.0312,587.9375,266.3125,661.5337595611145
75.321687,-145.3438,588.0938,265.5312,661.4271760214328
75.345243,-145.1875,588.0625,265.8125,661.4780413730678
75.368983,-145.4062,587.9375,266.4688,661.6789827188672
75.392869,-145.5625,588.1250,265.5000,661.4905192300566
75.416234,-145.5312,588.1875,266.2812,661.8531438199678
75.439457,-144.8438,587.8125,266.2812,661.3689977401988
75.462737,-144.9688,588.3125,266.0625,661.752816419441
75.486330,-145.2500,587.8438,266.1875,661.448125003248
75.509712,-145.0000,587.8125,265.8125,661.2146552463125
75.533809,-145.1875,588.0000,265.8125,661.4224786870341
75.557651,-145.1562,588.4062,266.2812,661.9652226927692
75.580980,-145.0625,588.2812,265.3125,661.4443896988337
75.604541,-145.1875,588.4375,265.8125,661.8114434782387
75.627342,-145.5625,588.0000,266.1875,661.6556706947352
75.650931,-145.3125,588.5625,265.8125,661.9500164051286
75.674370,-145.9375,588.5312,267.0000,662.5373847058086
75.697738,-145.1875,588.2812,266.2500,661.8483978660162
75.724775,-145.1250,588.3750,266.1250,661.8677525571102
75.748710,-145.6250,588.1562,266.0938,661.7705786963674
75.772046,-145.3125,588.1562,266.4062,661.8276113228995
75.795953,-145.6250,588.2188,265.7188,661.6754435356695
75.819529,-144.9375,588.5000,266.1875,661.9629249908941
75.843722,-145.2500,588.2500,266.0312,661.7463645359621
75.867661,-145.1562,588.0312,265.9062,661.4810818758822
75.890111,-144.8125,588.3125,265.7500,661.5930171279773
75.913205,-145.3438,588.4688,266.7500,662.2505854211266
75.936105,-145.3438,588.2500,266.0625,661.7795116731195
75.959031,-144.5000,588.3438,266.0312,661.6655077458889
75.983017,-145.5938,588.0000,265.8438,661.524330204963
76.006726,-144.8125,588.2500,266.3438,661.7761825725617
76.030404,-145.5312,588.2812,265.0938,661.4596511633854
76.053606,-145.1562,588.2188,265.7500,661.5849886942909
76.077394,-145.5625,588.3750,265.8125,661.8382485075186
76.100687,-145.0938,587.8125,266.5312,661.5244807804735
76.123534,-145.2500,587.8750,266.0938,661.4381769402659
76.147246,-145.7812,587.6875,266.0000,661.3507167213266
76.171504,-144.8125,588.5000,266.4062,662.0235646827932
76.195082,-144.7812,588.1875,266.3750,661.7263680199032
76.217606,-144.8438,587.8750,265.5312,661.1229630451699
76.240427,-145.1562,587.9062,266.1562,661.4705171942189
76.265002,-145.0000,588.8750,265.7500,662.1342976504087
76.288993,-145.3125,588.2500,266.4688,661.9360844392852
76.312513,-145.5938,588.4375,265.9375,661.9508934592977
76.336316,-145.4062,588.0312,266.0625,661.5988077542727
76.359351,-145.3125,588.0312,266.0938,661.5907779147734
76.382947,-144.8750,588.4062,266.9375,662.1678862420863
76.405995,-145.5000,588.5625,265.7188,661.9535637095796
76.430337,-145.0625,588.4062,266.0312,661.844143225484
76.454608,-145.3125,588.0312,266.4062,661.7165281839914
76.477719,-144.8438,588.1250,266.0938,661.5713199105029
76.501436,-145.7188,588.0938,265.9062,661.6602955291238
76.528669,-145.5625,588.2812,265.8750,661.7800133978152
76.553735,-145.0625,588.1250,265.9375,661.5564212049491
76.577461,-144.1875,588.4375,266.0312,661.6807028613291
76.600493,-145.0938,587.7812,266.2188,661.3708619165101
76.624244,-144.6875,588.3438,265.5312,661.5056201929618
76.647534,-145.5000,588.0938,266.0312,661.6624024120042
76.670565,-145.2188,588.9688,265.6875,662.2405314418432
76.693604,-145.5625,588.0625,266.2500,661.7363582367981
76.717116,-144.9375,588.2812,265.8125,661.6177092279669
76.741150,-145.1562,588.0625,266.6562,661.8106953535694
76.765267,-145.3750,588.4375,266.6250,662.1793357212606
76.789619,-145.1250,588.5000,265.2188,661.6150700948116
76.813131,-144.8438,588.7812,265.6250,661.9665496765112
76.836390,-145.1562,588.7500,266.2188,662.2456660980312
76.860837,-145.3125,588.0938,266.0312,661.6211963214865
76.885463,-145.6250,588.1250,266.4062,661.8685264378889
76.908290,-144.9375,588.2812,265.4062,661.4545982506094
76.932616,-145.6562,588.0312,265.7188,661.5156447448446
76.957150,-145.3750,588.5312,265.8125,661.935954611783
76.979989,-144.9375,587.7812,266.0312,661.261145640945
77.003616,-145.3125,588.5938,266.4062,662.21644138029
77.028505,-145.0000,588.3125,265.5938,661.5713398382011
77.052413,-144.9688,588.0625,265.7500,661.4049477308229
77.076717,-145.5000,587.9375,266.5625,661.7373499452029
77.100686,-144.9688,588.0625,265.9375,661.4803068036588
77.124899,-145.1562,588.0938,265.7500,661.4738530003473
77.147952,-144.8125,587.9688,266.2500,661.488453136419
77.171839,-145.2188,588.6562,266.2188,662.1760255907695
77.194898,-145.5625,588.3438,266.2812,661.9988773947241
77.217855,-145.7188,588.5625,266.0000,662.114620370078
77.240466,-145.5625,587.8125,266.7500,661.7156028555621
77.264356,-145.5938,588.4062,265.7812,661.8603537980557
77.288926,-145.1875,588.8125,265.5625,662.0445692842363
77.312688,-145.0312,588.0000,265.4062,661.2250305422693
77.335719,-144.8125,588.2500,265.8750,661.587664849678
77.359665,-145.2188,588.0000,266.2188,661.5927056755727
77.382726,-145.0938,588.0625,265.6250,661.3821443162134
77.405592,-145.3750,588.3750,265.3750,661.6214339597834
77.429365,-144.9688,588.0938,266.1562,661.5960600545377
77.452953,-145.4375,588.4688,266.1250,662.0196762618257
77.476206,-144.8438,587.7500,265.7812,661.1122803772631
77.499673,-144.9688,588.5312,265.8438,661.8594035874896
77.522998,-145.3438,588.1250,265.7500,661.5428057118168
77.546542,-144.5000,588.3125,265.6562,661.487029971346
77.570749,-145.2812,588.5312,266.9062,662.3553578836571
77.595046,-144.6250,587.9375,265.3750,661.0679126657487
77.619022,-145.2812,588.1562,265.3438,661.3937720297096
77.644011,-145.7500,587.9688,266.0312,661.6063326881969
77.668096,-145.4375,588.0625,265.9688,661.5957574599935
77.692015,-145.6562,588.0312,266.3125,661.7543666624913
77.715867,-145.8750,588.2500,266.5625,662.0975340017889
77.739830,-145.1562,588.1875,265.5312,661.4693619487414
77.763956,-145.2188,588.3750,265.8750,661.7878373025319
77.787216,-145.0938,588.0000,266.4375,661.6533364952621
77.811724,-145.1562,588.4062,265.6250,661.7015132052555
77.837436,-144.7500,588.1875,266.1875,661.6440756271456
77.861387,-144.8438,587.8125,266.1562,661.3186799753769
77.885090,-144.6562,587.9375,266.2188,661.4139077929001
77.908302,-145.3438,588.1250,266.2812,661.7563942952308
77.931810,-145.0625,588.2812,266.4688,661.9090214934187
77.956154,-145.5938,588.0625,266.2812,661.7558069612045
77.978747,-145.1875,588.0938,266.5625,661.8075515975642
78.001565,-145.5312,588.2812,266.1250,661.8736204541808
78.025424,-145.0938,588.3438,266.4375,661.95884000395
78.049473,-145.2500,588.2188,266.7500,662.0078721975763
78.073665,-144.7500,588.3438,266.3438,661.8458459702871
78.096352,-145.7500,588.0312,266.0312,661.6618769833464
78.120456,-145.3438,587.9062,266.4375,661.624898155575
78.143790,-145.1250,588.1250,266.6250,661.8467888227607
78.167225,-145.1875,587.6875,266.4062,661.3836238156812
78.190735,-145.2188,588.4688,266.6562,662.1854051111271
78.216018,-145.5625,588.1562,266.3125,661.8448182743161
78.240669,-145.2188,588.3750,265.6875,661.7125309625113
78.269401,-145.5312,588.0625,266.0938,661.6666323926838
78.293469,-145.4688,587.9688,266.0625,661.5569983828868
78.317621,-145.2500,588.7188,266.7812,662.4647646879984
78.341930,-144.6250,588.0000,267.0000,661.777447957393
78.365751,-145.4688,588.1562,266.0625,661.7236474139903
78.389654,-145.0938,588.1250,265.2500,661.2872102302165
78.412505,-144.8125,588.6250,266.7812,662.2856529721994
78.436640,-145.2188,588.3750,266.1250,661.8883150513858
78.461780,-145.7500,587.9688,266.3125,661.7194731401007
78.485854,-144.8438,588.1562,266.3750,661.7122690060423
78.509235,-145.1562,588.1875,265.9375,661.6325460378763
78.533003,-145.6250,588.0938,266.1875,661.7527367305046
78.558265,-145.2500,587.7500,266.3438,661.4277119716579
78.582245,-144.9375,588.5000,265.8125,661.8122196382445
78.606399,-144.8438,587.9688,266.0938,661.4324203421597
78.629441,-145.6250,588.2812,266.2500,661.9445084193708
78.653581,-145.0312,588.5312,265.9062,661.8982017592944
78.676951,-145.8750,587.9375,266.2500,661.6941000426481
78.699795,-144.9062,587.9688,266.1562,661.4712553691865
78.723740,-145.5625,588.0312,266.3125,661.7337380238841
78.747568,-145.0625,588.6250,266.5312,662.239704908889
78.771104,-145.4688,587.5938,265.8438,661.1357437619656
78.793784,-145.0000,588.0312,265.5000,661.2836010189293
78.817636,-145.3125,588.2500,266.4062,661.9109269345178
78.841988,-145.2812,588.0625,266.0625,661.599122893964
78.865521,-145.7812,588.0625,266.5000,661.8851310898383
78.889051,-145.1562,587.9688,265.8438,661.4003986275541
78.914202,-145.6250,588.4062,266.5625,662.1813362443195
78.937911,-145.1562,587.9062,265.8750,661.3574005998005
78.962224,-145.4062,588.0625,265.1562,661.262669715579
78.986228,-145.4688,588.2812,265.5625,661.633907636523
79.010246,-145.6562,588.5625,266.0625,662.1259800646419
79.033753,-145.2188,587.8438,265.7812,661.27787851794
79.057751,-145.4375,588.0000,265.8750,661.5025185373446
79.081084,-144.2812,588.3750,265.5625,661.457225474794
79.104895,-145.5938,588.4062,266.2188,662.0361605907093
79.129095,-144.6250,588.5625,266.0625,661.8998873980113
79.152481,-145.4062,588.5625,266.0000,662.0459152848181
79.175030,-145.5000,588.2188,265.9688,661.748384076701
79.198511,-145.1875,588.3125,266.0312,661.7882091644293
79.222253,-144.9062,588.0000,266.0000,661.4361808134346
79.245746,-144.4688,588.1875,266.3750,661.6580653992004
79.269452,-144.9375,588.3750,265.4375,661.5505165423878
79.293191,-144.9375,588.2188,266.2812,661.750618329424
79.315694,-145.1875,588.0625,266.3125,661.6791229279869
79.339426,-145.2812,587.9688,266.2812,661.6038064277499
79.362570,-145.5000,588.0938,266.0625,661.6749675598379
79.386063,-145.0625,588.1250,266.5625,661.8079109058006
79.409559,-145.4375,588.7812,266.0938,662.2849164422175
79.434813,-144.7188,588.2188,265.5000,661.3887392850933
79.459179,-145.3750,588.0938,266.1875,661.6977667865538
79.483191,-145.5938,588.3438,266.6875,662.1692614878579
79.507797,-145.2188,588.0000,265.3125,661.2285595827002
79.532921,-145.7500,588.0625,266.1875,661.7524851200031
79.556625,-145.3438,588.1562,266.2188,661.7590217969737
79.579693,-145.0938,588.1250,266.2188,661.676382203283
79.603926,-144.8125,587.9688,266.0625,661.4130064030057
79.627599,-145.4688,588.3125,265.7500,661.7369699380657
79.650304,-145.6250,588.5000,266.1875,662.113793679946
79.673268,-145.1562,588.1875,266.0625,661.6827986101516
79.696848,-145.4688,587.9062,265.3125,661.2001502358231
79.720166,-144.8438,588.1250,265.8438,661.4708058207293
79.742715,-145.2812,588.5625,266.0000,662.0184725578376
79.765690,-145.0625,588.4062,265.9062,661.7939088072471
79.789725,-145.6250,588.3750,266.0312,661.939881882458
79.813144,-145.1250,588.7812,266.1875,662.2540382155571
79.836114,-145.1250,588.0312,266.4062,661.6753785963514
79.860478,-145.1250,588.0312,265.9375,661.4867878558214
79.884407,-145.5000,588.3750,266.6250,662.1512525473315
79.908056,-145.3750,588.3125,265.9375,661.791690932653
79.932885,-144.9688,588.1250,265.7812,661.4730734906184
79.956879,-144.9062,588.1875,265.8438,661.5400636842602
79.981192,-145.0000,587.8125,266.5625,661.5165164699216
80.005005,-144.9688,587.6875,265.3125,660.8958002507374
80.029320,-145.6250,588.2812,265.7188,661.7310056421152
80.052641,-144.9688,588.5312,266.1562,661.9849848124861
80.076659,-145.4375,588.6250,266.3125,662.2339501169507
80.101534,-144.8750,587.9375,266.5000,661.575029404262
80.125885,-145.5312,588.0000,265.7500,661.472907401779
80.150085,-145.2188,588.0938,265.6250,661.4373626925114
80.172962,-144.8125,588.2188,266.6250,661.8616536957044
80.196867,-145.3750,588.5000,266.0938,662.0211661375054
80.221448,-145.5938,588.0625,266.0625,661.6678153360359
80.244306,-145.2500,587.7812,265.7500,661.2166232420072
80.267340,-145.0938,588.1250,265.1875,661.2621432308919
80.291413,-145.2812,588.1562,265.7812,661.5694134912734
80.315276,-145.8438,588.0312,265.9375,661.6448475556014
80.338491,-145.7188,587.9688,265.6250,661.4361992687768
80.361605,-145.4062,587.7500,265.8438,661.2608709527012
80.386079,-146.0625,587.9375,266.5000,661.8360883273895
80.409757,-145.2188,588.5000,265.2500,661.6481677232715
80.433757,-145.3438,588.2812,266.6562,662.0462147234795
80.457162,-145.3125,587.9688,265.3750,661.2464474443794
80.480972,-145.3438,587.9062,265.7812,661.3608979253971
80.505780,-145.2188,587.9688,265.9375,661.4518049218515
80.530763,-144.5625,588.4688,265.8125,661.7024038713041
80.554511,-145.2188,588.1562,266.3438,661.7818771541629
80.577725,-145.1875,588.1250,266.0312,661.6215321147072
80.601828,-145.4062,588.1562,266.1250,661.7350433354161
80.625915,-145.2500,587.6875,265.7500,661.1332866043351
80.648721,-145.1562,588.1562,266.3750,661.7807431114364
80.672304,-144.9062,588.0000,265.7812,661.3482396896699
80.695775,-145.4062,587.9688,266.3750,661.6690027049967
80.719295,-145.2188,588.2188,265.9375,661.6740414353392
80.742691,-144.9062,588.3438,265.9062,661.7041055050116
80.766735,-145.6562,588.5938,265.9688,662.1160938080931
80.791763,-145.1875,587.9375,265.8750,661.3920393287932
80.816281,-145.0938,588.3438,265.3438,661.5193648844964
80.839955,-145.3125,587.7188,265.5000,661.0743541825022
80.863153,-145.2188,587.9375,266.6562,661.7133404442402
80.886414,-145.4062,588.0000,266.4688,661.7345179644363
80.909342,-145.0938,588.2812,266.1562,661.7901289719329
80.932335,-145.5312,587.5938,265.7188,661.0992466091514
80.956066,-145.0000,587.8750,266.1875,661.4210465212383
80.980655,-145.2500,588.4375,265.6562,661.7624173903445
81.004214,-145.0938,588.0625,266.3125,661.6585583603998
81.027022,-145.4688,587.9375,266.3750,661.6549718379002
81.050856,-145.5312,588.3750,266.8125,662.2336411779551
81.075062,-145.7812,588.4062,266.1562,662.0522919714782
81.099244,-145.9062,588.4375,266.0938,662.0824789891174
81.122890,-145.4688,587.8750,265.9062,661.4108455722699
81.147180,-145.1875,588.1875,266.0938,661.7022208679389
81.171181,-145.4062,588.1875,266.0938,661.7502523493097
81.193996,-144.9062,588.4375,266.2188,661.91308760809
81.217753,-144.9688,587.8438,265.9375,661.2858434874249
81.241019,-145.1250,588.0000,265.9375,661.4590082017554
81.264528,-145.5312,588.5938,265.2500,661.8002038120153
81.288574,-145.3438,588.3438,266.5625,662.0640001045027
81.312009,-145.3750,588.0312,265.6562,661.4286694463924
81.335166,-145.4375,588.2812,265.7812,661.7148693805929
81.358992,-145.2812,588.2500,266.2812,661.8537664795185
81.382181,-145.0312,588.2812,266.0000,661.7136031381892
81.406754,-144.8750,588.0000,266.0938,661.4670433317615
81.430269,-145.2188,587.8438,266.2812,661.4789972986198
81.453270,-144.6562,587.8438,266.0000,661.2425463308641
81.476574,-145.1562,588.3125,266.0625,661.7939169232085
81.500696,-144.9375,588.2812,266.4062,661.8564784353742
81.523396,-145.3438,587.8750,266.3125,661.5468002683654
81.547309,-145.0312,588.5312,266.0000,661.9358697812992
81.570783,-145.0625,588.0938,266.5000,661.7549680170996
81.593615,-145.0312,588.2500,265.6250,661.5351590063543
81.622263,-145.3438,588.4375,265.5625,661.7453728410668
81.645642,-144.8125,587.6562,265.7188,660.9969609777908
81.670831,-145.1875,587.7812,266.6250,661.5550609229836
81.694431,-145.0312,588.5312,265.9062,661.8982017592944
81.718245,-145.5312,587.8750,265.4688,661.2488318160758
81.742034,-145.0000,588.0312,265.9688,661.4719396566456
81.765974,-145.5312,587.9688,266.3750,661.6964835391866
81.788914,-145.1875,588.1875,265.6562,661.526407996357
81.812765,-145.0625,588.6250,266.0312,662.0386284106181
81.837609,-145.0000,587.8750,265.4375,661.1195671217499
81.862303,-145.4375,588.0625,266.4062,661.7717585025539
81.885883,-145.6875,588.2812,266.2812,661.9708308221557
81.909543,-145.7188,587.8750,266.8125,661.8307033394661
81.934028,-145.1875,588.5625,265.9375,661.9727943569509
81.958275,-145.3750,588.2500,265.4375,661.5353501750682
81.981348,-145.1875,588.2812,266.2812,661.8609698111643
82.005233,-145.3438,588.3125,266.6562,662.0739830142663
82.028832,-146.0000,588.3125,266.7812,662.2687015160934
82.052611,-145.2188,587.9688,266.5000,661.6781591741751
82.076271,-144.9375,587.6562,265.7188,661.0243574724573
82.100906,-145.3125,587.6562,265.8125,661.1443684828319
82.124868,-145.4688,587.9688,265.9375,661.5067362539667
82.148223,-145.5625,588.2500,266.2812,661.9155595752471
82.172005,-145.1875,588.3750,265.8750,661.7809806924417
82.196562,-144.9062,587.9062,266.2188,661.4408536896459
82.219218,-145.2812,588.3438,266.5938,662.0628650699928
82.242692,-144.7500,588.3438,266.1875,661.7829824196997
82.266565,-144.7812,587.7812,266.4375,661.3904668268019
82.290857,-145.5938,588.5000,266.9062,662.3962079662933
82.314964,-145.0312,588.0938,266.5312,661.7607041009518
82.338991,-145.0625,588.0000,266.5625,661.6968303630447
82.362155,-145.1562,588.0625,265.5625,661.3707600329504
82.386850,-145.1562,588.5938,266.4375,662.1947454181247
82.410976,-144.1875,587.8750,266.5625,661.3944490147313
82.435066,-144.8125,588.1250,265.7812,661.4388472359425
82.459283,-145.0938,587.6562,266.4375,661.3478705336361
82.483848,-145.3750,588.3125,266.4062,661.9801948097182
82.509076,-145.0625,588.1250,265.8750,661.531299453208
82.532238,-145.5312,588.5312,265.6250,661.8950200584115
82.555050,-145.6250,587.9688,266.0938,661.6039414866156
82.579077,-145.0938,587.8438,265.8438,661.2755629215309
82.603832,-144.9375,588.5312,266.5625,662.141584209195
82.626721,-145.5000,588.5938,265.6875,661.9688060591017
82.649697,-145.3750,588.3125,266.1875,661.8921917030749
82.673844,-145.1875,587.6875,266.3438,661.3584512021922
82.698387,-145.7500,588.0938,266.1250,661.7551185401308
82.721569,-145.7188,588.1250,266.0625,661.7508773192617
82.745271,-144.9688,588.0312,265.6250,661.3269464327951
82.768884,-145.7500,588.2500,266.1875,661.9191114904071
82.794084,-144.7812,588.3125,265.5938,661.5234297036462
82.818671,-145.3125,587.9375,266.2812,661.582897801978
82.842617,-144.9688,587.5938,266.2188,661.1768117282907
82.866815,-144.7500,587.7188,266.0312,661.1645162727087
82.890827,-145.4688,588.2188,266.8125,662.0810866007085
82.913349,-145.5000,587.8750,265.5938,661.2921484972148
82.935921,-144.7500,587.9688,266.3125,661.499932829031
82.959407,-144.8750,588.0312,266.3125,661.582847614577
82.983420,-145.3750,587.6875,266.3438,661.3996382258706
83.007596,-145.0625,588.2188,266.6875,661.941575529187
83.031828,-145.4375,588.0312,266.0312,661.5931101208469
83.056174,-145.4688,588.2812,266.9062,662.1743974340804
83.081215,-145.2812,588.4375,266.1562,661.9701522137347
83.105980,-145.3438,588.2188,266.1562,661.7894324705461
83.130414,-145.3438,588.2500,266.3750,661.9052113324555
83.154163,-145.3125,587.8438,265.7188,661.273355861156
83.177164,-145.0938,588.0938,266.0938,661.5983213908478
83.200731,-145.9688,588.1562,266.2188,661.8965729192042
83.225700,-145.1875,588.4062,265.4375,661.6331246253943
83.249537,-145.0312,588.3750,265.9062,661.7592748806964
83.273806,-144.6875,588.4062,265.8750,661.6992544353609
83.298681,-145.7500,587.6250,266.0312,661.3008612587485
83.322985,-145.0938,588.4375,266.2188,661.9541604574104
83.346102,-145.1562,588.1250,265.9062,661.564423414776
83.369282,-145.0938,588.3438,266.7188,662.0720927925353
83.392986,-145.3125,587.7500,265.8125,661.2276992931406
83.415893,-145.1250,587.9375,265.7500,661.3280819920246
83.438611,-145.2812,587.8125,266.0000,661.3517798855709
83.462731,-145.0000,588.1562,264.9688,661.181679185551
83.486433,-145.2188,588.1250,266.8125,661.9429062485771
83.510595,-144.8125,587.9062,266.1875,661.4077442104549
83.533943,-145.7188,588.2188,265.7500,661.7086325967986
83.557913,-144.6562,588.0938,266.2188,661.5528038673009
83.581479,-145.4062,588.4375,266.1562,661.9975969438069
83.605119,-145.1250,588.0938,265.8750,661.5172258067529
83.629208,-144.9688,587.8125,266.0000,661.2832022914331
83.653161,-144.9062,587.9375,265.6250,661.2298887832525
83.676246,-144.6875,588.2500,265.8125,661.5351996020318
83.699967,-145.8125,588.1250,266.3125,661.8720786054507
83.723081,-145.0938,588.2812,266.2188,661.8152674592718
83.746623,-145.1562,588.2500,265.8438,661.650435523264
83.771540,-145.5312,588.5938,266.4375,662.2770482750213
83.795576,-145.0938,587.7812,266.2812,661.3960222455133
83.818642,-145.6875,588.0625,266.4062,661.8267459098057
83.842531,-144.9062,588.4062,266.5000,661.9984790980452
83.865676,-145.6250,588.7500,266.3125,662.3862549760902
83.888711,-145.7812,588.0312,265.8438,661.5933972177984
83.911972,-145.4375,587.9688,265.9688,661.5124287263052
83.936214,-145.0312,587.8750,266.4375,661.5285485206307
83.959867,-144.6562,587.8750,266.2188,661.3583515316224
83.982788,-145.4688,588.6562,266.5938,662.3817369385175
84.005889,-145.1875,588.0625,266.1875,661.6288228446143
84.029029,-145.2188,588.6562,265.4688,661.8748546683032
84.053958,-145.1250,588.3438,265.9062,661.7520438790688
84.077787,-144.6875,587.8750,265.8750,661.2268929091209
84.100920,-145.4688,588.5312,265.4062,661.7935229300658
84.124540,-144.9062,587.7188,265.6875,661.0605101251133
84.147918,-145.3750,588.2500,265.6562,661.6231527758551
84.172104,-145.1250,587.7188,265.5938,661.070824318866
84.196210,-144.5625,588.2812,265.8750,661.560776597897
84.218889,-145.0000,588.3125,266.1875,661.8099295209313
84.241752,-145.6562,587.7812,266.5312,661.6203203062822
84.264747,-145.2500,588.2500,266.1250,661.784058908191
84.287944,-146.0312,587.7500,265.6875,661.3357968028137
84.311813,-145.3125,588.0938,266.4062,661.772069132851
84.336685,-145.0000,587.9688,265.6562,661.2907788111256
84.359727,-144.8750,588.4688,266.6250,662.0975199897388
84.382860,-145.3438,588.3438,265.8438,661.774941533893
84.407367,-145.4375,588.0312,266.4062,661.7439893356607
84.432098,-145.5938,588.0938,265.7812,661.5825509183926
84.456147,-145.0000,588.3125,265.2188,661.420881895796
84.479990,-144.9375,588.1875,265.9375,661.5845886723405
84.504342,-145.1250,588.0312,265.5625,661.336115759462
84.527353,-145.1875,588.3750,266.3125,661.9568705266983
84.550925,-145.3438,588.4375,266.2188,662.0090029009235
84.574840,-145.8125,587.9375,266.0312,661.592332965749
84.600429,-145.1250,588.0625,266.2500,661.6402587745474
84.624196,-145.7188,588.1562,265.5625,661.5777882621778
84.647831,-145.2500,588.4062,266.0312,661.8852646158736
84.671772,-145.5312,588.2812,265.9375,661.7982530457261
84.695090,-145.0938,587.8125,266.4375,661.4867140400951
84.718376,-145.2500,588.0312,266.5625,661.7657288518442
84.742670,-145.2188,588.4062,266.1562,661.928659150431
84.765847,-145.9688,587.6562,266.2188,661.4523164916633
84.790921,-145.3438,588.1250,266.5000,661.8444464442249
84.814206,-145.1562,588.3125,265.8438,661.7060026812323
84.838047,-144.8125,588.4062,266.4688,661.9653842323441
84.861537,-145.0625,588.4062,265.6562,661.693499370649
84.886006,-145.2500,588.3438,266.6875,662.0937647496105
84.909311,-145.1250,588.2812,266.7812,662.0485858893779
84.932802,-145.4062,587.9062,265.6875,661.3369670480964
84.956340,-145.4062,588.0938,266.3750,661.7800820160161
84.980681,-145.8125,587.9688,265.2188,661.2938238668005
85.004642,-145.3750,588.0938,265.5938,661.4591366464938
85.028553,-145.1250,588.1250,265.8125,661.5198911644683
85.051929,-145.4062,588.2812,266.2812,661.9089897729049
85.075843,-145.8438,588.0000,266.1562,661.7050315874325
85.098752,-145.0312,587.9688,265.9062,661.3981011782446
85.122662,-145.2188,587.8438,265.7500,661.26531911603
85.145968,-144.6875,588.0625,266.1875,661.5192829530746
85.169346,-145.2188,588.2812,266.5938,661.9936117457536
85.193485,-145.1562,587.9688,266.2188,661.5512155095685
85.216119,-145.6250,588.2500,266.4688,662.0047566683811
85.240584,-145.4688,587.7812,265.7812,661.2772700839546
85.264610,-145.2812,588.1875,266.1250,661.7353643132673
85.287631,-145.1562,588.3750,265.7188,661.7113658088585
85.311824,-145.7812,588.2500,265.6250,661.6999894034777
85.335317,-145.0312,588.6250,266.5312,662.2328603505907
85.360542,-144.8125,588.4688,266.6250,662.0838470373767
85.384658,-144.5938,588.5000,266.0625,661.8374849200613
85.408544,-145.2500,587.9375,266.1562,661.5188703433278
85.432312,-144.9688,588.5000,265.6875,661.7688691173169
85.455806,-145.4688,588.2188,266.3125,661.879749451798
85.480081,-145.5000,588.1875,265.8750,661.6829307011403
85.503681,-144.9062,587.8750,266.0000,661.3250614592362
85.527566,-145.3750,588.0938,265.9375,661.597236481768
85.552992,-145.2812,588.1250,265.8438,661.5667439046683
85.576844,-145.0000,588.1875,266.7812,661.937890219175
85.600720,-144.7500,588.1250,265.7188,661.4000546012696
85.624038,-145.3125,588.2188,266.1875,661.795138743148
85.647091,-145.5938,587.8438,266.2812,661.5614246271373
85.670849,-145.4062,588.0312,266.1250,661.6239446548357
85.694524,-145.5938,588.0000,266.2188,661.6751188390153
85.717613,-145.4062,588.0938,266.4688,661.8178231618483
85.741471,-145.5000,587.9688,265.9375,661.5136089929008
85.765531,-145.3750,587.8750,266.3438,661.5662471847113
85.789003,-145.1875,588.0312,266.1562,661.5884752222298
85.812138,-144.5000,588.3438,266.4062,661.8163704556763
85.835993,-144.7500,587.6250,265.8125,660.9931832335716
85.860080,-145.0938,588.4062,266.2188,661.9263812386446
85.885070,-145.3750,588.1562,265.8125,661.6025621136246
85.908640,-144.6250,588.1250,266.4062,661.6492245057516
85.933133,-145.4062,587.7812,265.6250,661.2007380634303
85.957831,-145.2500,588.0312,265.6875,661.4137594069332
85.981523,-145.4688,588.2188,266.1250,661.8043296195069
86.004913,-145.0625,587.5625,265.8750,661.0312669893157
86.028656,-145.0625,587.9062,266.5312,661.6009332837092
86.052880,-145.2500,588.1875,266.6250,661.9297457292956
86.077080,-145.0938,587.9688,266.1562,661.5123556515687
86.100803,-145.1250,587.8750,265.3750,661.1219039443482
86.124272,-145.7500,587.9688,266.2500,661.694322158323
86.147677,-145.5938,588.1562,266.3438,661.864266762595
86.171004,-145.0938,588.0000,266.7500,661.7792372000367
86.194800,-144.9688,588.0938,266.3125,661.6589339847797
86.218189,-145.9375,588.5625,266.3125,662.2883948618985
86.241926,-145.3125,588.1250,265.9062,661.5987243566243
86.265761,-145.5938,588.6875,266.1562,662.2610226409033
86.294708,-145.2500,588.1562,266.2500,661.7510101345237
86.319158,-145.2188,588.3750,265.6250,661.6874387515321
86.350866,-145.3438,588.1875,265.6250,661.5481701624701
86.375954,-145.2188,588.4688,265.8438,661.8586363357265
86.402844,-145.4688,588.0312,266.2188,661.675397045022
86.428738,-145.0312,588.4375,265.3125,661.5765092104333
86.455631,-145.4062,587.9062,265.6250,661.3118605870645
86.478824,-145.7188,587.6562,265.6875,661.1835372435365
86.502603,-145.2188,588.2812,266.3125,661.8803986441773
86.528473,-145.8750,587.9375,266.2812,661.7066749193426
86.551642,-145.3438,588.2812,266.4375,661.9581377790253
86.575613,-145.4375,588.4062,266.1562,661.9766845285225
86.600125,-145.0625,588.0938,266.1875,661.6291807739154
86.625240,-145.3750,588.0625,266.3125,661.7202899923049
86.649805,-145.5000,588.1875,265.7188,661.6201623724994
86.674027,-144.9375,588.5000,266.5625,662.1138084291099
86.700447,-144.9062,588.3750,265.4688,661.5562101141709
86.725806,-145.3438,588.0312,265.5938,661.396701443005
86.751900,-145.1875,588.2812,266.1875,661.8232576859644
86.779188,-145.4375,588.1875,266.4062,661.8828382739368
86.803474,-145.2188,587.7500,266.1250,661.3327932868311
86.827620,-145.2500,588.9688,265.7188,662.2599225969551
86.852842,-145.2812,588.4375,266.7188,662.1965150990867
86.876969,-144.8750,587.9375,265.7188,661.2607077642014
86.900723,-145.3750,587.9375,265.9375,661.4583497375326
86.925966,-145.5938,588.2812,266.6562,662.101143938513
86.950700,-144.9688,588.0625,266.1562,661.5682820366126
86.974386,-145.4375,588.1250,265.6562,661.5257555041319
86.998094,-145.2188,588.2812,265.9062,661.71704545235
87.021955,-144.7188,588.2188,266.3438,661.7278954503788
87.046013,-146.0312,588.2500,266.4375,662.0816640587568
87.070912,-145.1875,588.0625,266.8438,661.8931189977446
87.095088,-144.5938,588.6562,266.2188,662.0392405701399
87.118810,-145.1250,588.3438,266.2812,661.9028160467554
87.142297,-145.8750,588.2500,265.7500,661.770836940553
87.165323,-144.9062,588.6250,266.0000,661.9918518486935
87.189252,-145.0312,587.9375,265.7812,661.3200739690086
87.213128,-145.2188,587.5938,266.5938,661.3827393648004
87.235942,-146.0000,587.9062,265.9375,661.5682222532402
87.258965,-144.9062,587.9062,266.0000,661.3528408331856
87.282704,-145.5000,587.9375,266.1875,661.5863806507053
87.307580,-145.4062,588.3125,265.6875,661.6981357473833
87.331869,-144.8750,588.4688,265.6562,661.7080009457533
87.356899,-144.7500,588.0000,266.0312,661.4145360336153
87.381116,-144.9688,587.9375,266.3125,661.5200601939918
87.406091,-145.2188,588.0312,265.4688,661.3190557928053
87.430124,-144.8438,588.3750,266.0000,661.7558859119142
87.454399,-145.2812,588.1875,265.3125,661.4090258032941
87.479819,-145.3438,587.9062,266.6875,661.7256131580332
87.503477,-145.4062,588.0625,265.9375,661.5763261722433
87.527737,-145.0938,588.4688,265.9688,661.8814410392449
87.552040,-144.6562,588.0000,266.2812,661.4946218720338
87.575749,-145.0938,588.2812,266.1562,661.7901289719329
87.599962,-145.6562,588.4375,265.7812,661.9018865525879
87.624149,-145.5938,588.2188,265.9062,661.743886771678
87.647718,-145.7188,588.2188,266.5312,662.0227784447356
87.671723,-145.0000,588.2188,266.2500,661.7517361908184
87.695620,-145.2500,587.9062,266.4062,661.5917255589923
87.719860,-145.3125,588.2188,265.8750,661.6695067273483
87.744030,-145.2500,587.9375,266.0312,661.4685876009627
87.768557,-144.7500,587.8125,265.5000,661.0343014218324
87.791702,-145.0312,588.2500,266.1250,661.7360815321789
87.815899,-144.8125,588.0312,266.1562,661.5062815626734
87.840409,-144.8750,588.0938,266.4062,661.6761401570446
87.864827,-145.4375,588.0938,266.0938,661.6737934846559
87.887697,-145.5625,588.0625,266.6250,661.8873287331462
87.913318,-145.5625,588.3125,265.8125,661.7826865510687
87.937393,-145.7188,588.1875,266.1562,661.8441196172064
87.960840,-144.9688,588.1562,266.0000,661.5887792961917
87.985284,-145.7812,588.4688,266.4375,662.2209480108395
88.009029,-144.8750,588.0938,265.8125,661.4373058501558
88.032786,-145.5938,588.0312,266.2188,661.7028894203104
88.056515,-145.3125,587.6875,266.5000,661.448841795418
88.079809,-144.9688,588.3125,265.5625,661.5519462136458
88.103899,-145.7188,587.8750,267.1250,661.9567473419713
88.127288,-145.9062,588.1875,265.7188,661.7096213951214
88.150188,-144.6875,587.5938,266.4062,661.1907271993271
88.173823,-145.1562,588.2812,266.4688,661.9295738537352
88.197941,-145.0000,587.8750,266.0312,661.3581795075664
88.221097,-145.3750,587.8750,265.9062,661.3902327968433
88.244144,-144.9375,587.7500,266.4688,661.409507138212
88.267683,-144.7812,588.0938,266.0625,661.5172885472268
88.292588,-145.5938,587.7812,266.2812,661.5058896126228
88.316857,-145.1875,588.0625,265.1250,661.2020717507621
88.340588,-145.4375,587.9375,265.3125,661.2210621030988
88.364382,-145.2188,588.0625,266.4375,661.7362999443679
88.388396,-144.9375,587.9375,266.6250,661.6390809478382
88.412795,-145.4688,588.1562,266.2812,661.8116316159663
88.436926,-145.4688,588.4062,266.0000,661.9207447010745
88.460833,-145.2188,587.9062,266.3750,661.5722823438305
88.484022,-144.9062,588.5625,266.2812,662.0493499708878
88.507689,-145.1875,588.3438,266.9375,662.1807964797548
88.531276,-145.5625,588.1562,266.1875,661.794530784716
88.554945,-144.6562,588.1562,266.3125,661.6460932661622
88.578323,-144.8750,588.1875,266.0312,661.6085902992891
88.602110,-144.9062,588.3750,265.9062,661.7318911032813
88.625619,-144.7188,588.1875,265.7188,661.4487930742447
88.649651,-145.9062,588.0938,266.3750,661.8901216993082
88.673046,-145.3750,588.1250,266.4062,661.8135661113804
88.696414,-145.6250,588.2188,266.6562,662.0524859409751
88.720369,-145.2188,588.1875,265.4062,661.4329127333134
88.743666,-145.1250,588.0938,266.3438,661.7057635974807
88.772797,-145.4375,588.4375,267.0000,662.3441385054298
88.796646,-145.4062,588.2500,266.2812,661.8812160354945
88.819988,-145.3125,588.2188,266.6250,661.9712313483211
88.843430,-145.3750,588.5625,266.6875,662.315581643298
88.866393,-145.8438,588.0938,266.0000,661.7255157564389
88.889572,-145.5312,587.6562,266.5938,661.5069466223975
88.915686,-145.7188,588.2500,265.9375,661.8117334316554
88.938591,-145.2500,588.7812,265.6562,662.0680977177688
88.961695,-145.5312,587.6875,266.5000,661.4969330108889
88.985807,-144.7188,588.0625,266.1562,661.5135447758232
89.009106,-144.8750,587.8438,265.8125,661.2150370305507
89.032932,-145.5625,588.0938,265.9688,661.6510229508264
89.056626,-145.1875,587.9375,266.0938,661.4800056324926
89.080642,-145.0625,587.9375,266.0938,661.452580765668
89.104584,-145.1562,588.3750,266.4375,662.0003164238764
89.128096,-144.9062,588.2500,265.5938,661.4952182957372
89.151799,-144.8750,588.3125,266.1875,661.7825537421638
89.175897,-145.2188,587.7188,266.0000,661.2547273578655
89.198630,-145.6562,588.1875,266.6562,662.0315959109316
89.222121,-145.2188,588.0625,266.1250,661.6105386727244
89.245934,-145.3125,587.9375,266.2500,661.5703205725753
89.270031,-144.9375,588.4688,265.9375,661.8346489411555
89.294581,-145.7188,588.0625,265.6250,661.5195376047577
89.317226,-144.7812,587.9062,266.5312,661.5393233717762
89.341028,-144.7188,587.7188,266.5938,661.3842100036767
89.365249,-145.2500,588.3750,266.4062,662.0083029419363
89.389505,-145.1875,588.3125,267.0000,662.1782296425185
89.413464,-145.0938,587.8438,266.0000,661.3383934893883
89.436499,-144.9062,588.3125,266.4375,661.889991125083
89.460783,-145.1875,588.0625,266.4062,661.7168609772328
89.486842,-145.2188,587.9688,266.2188,661.564931945223
89.510869,-145.2500,588.1562,265.9688,661.6379016430551
89.534768,-145.2500,587.9375,266.2500,661.5565953916944
89.557606,-145.0938,588.0938,265.6875,661.4350328901357
89.581593,-145.5625,588.0625,265.1250,661.2845158761091
89.605706,-144.9688,588.4688,266.2188,661.9545536173065
89.629732,-145.2500,587.8750,265.8125,661.3250813943548
89.652836,-145.1250,588.1875,265.7500,661.5503482587324
89.676254,-144.9062,588.4375,265.5312,661.6368773140407
89.700124,-145.1250,588.1875,265.8750,661.6005716489747
89.723564,-145.4688,588.0000,266.4688,661.7482542123741
89.747442,-145.3125,588.6250,265.6562,661.9428649402548
89.771192,-145.1562,588.1562,265.7188,661.5168670787522
89.794222,-144.8125,588.2812,266.3438,661.8039607178813
89.818105,-145.0312,588.0000,266.7188,661.7529411178502
89.842084,-145.9375,588.4688,265.5938,661.9163570058342
89.864956,-144.9062,587.9062,266.0000,661.3528408331856
89.888152,-144.9688,588.0625,266.0625,661.5305709406501
89.911441,-145.0000,588.3125,266.4062,661.897943564801
89.935784,-144.8125,588.2812,266.0312,661.6782565827406
89.959632,-145.2812,588.1250,265.6250,661.4788718104022
89.982606,-145.5312,587.8750,266.4375,661.6383466500506
90.005959,-145.0000,587.9688,265.5938,661.265673550068
90.029014,-144.9688,588.0000,266.2812,661.5630299360182
90.053517,-145.3750,588.0000,266.4062,661.7024865179686
90.077337,-145.0312,588.3125,265.8438,661.6785930849471
90.101644,-145.0938,588.3438,266.3750,661.9336863146677
90.125632,-144.6875,588.2812,266.1250,661.6886105887062
90.149936,-145.6562,587.8750,266.4375,661.6658523721112
90.173371,-145.0312,588.2188,265.9375,661.6329157730705
90.197109,-144.6250,588.3438,265.9062,661.6425716186384
90.220338,-145.0000,587.9688,265.5312,661.2405732432977
90.243448,-144.8438,588.2812,266.8125,661.9995854771172
90.267313,-145.6562,588.1562,265.4062,661.5013190592953
90.290359,-144.8750,587.9375,265.6562,661.2355954539294
90.314763,-145.2500,587.9688,265.7500,661.383304881944
90.339054,-145.5000,588.0312,265.7188,661.4812582969566
90.361849,-145.0000,587.9688,265.4375,661.2029320736657
90.386326,-145.8438,588.5000,265.9375,662.0614800154987
90.409833,-145.2188,588.1250,265.6875,661.4902483278287
90.433258,-145.5938,588.2188,265.4062,661.5431319496013
90.456162,-145.1562,588.3125,265.9375,661.7436727892172
90.479930,-144.8750,588.4375,266.7812,662.132684877293
90.504116,-145.2500,588.4688,266.1250,661.9785101131022
90.527066,-145.8125,587.7500,266.0312,661.4257128603427
90.551194,-145.5625,587.9688,265.8125,661.4771179255278
90.575878,-145.0312,588.0000,265.7812,661.3756393518928
90.599313,-145.6875,588.3125,266.3438,662.0237446470953
90.623278,-145.3125,587.7500,265.8750,661.2528266716521
90.647215,-145.2188,588.1562,265.8438,661.5808032127954
90.670365,-145.7812,588.2500,266.2812,661.9636994980351
90.693683,-145.3125,587.9375,266.0312,661.4823146079285
90.717067,-145.0000,588.0625,265.2812,661.2235972103631
90.740686,-145.0938,587.8438,265.0938,660.9744072142184
90.763446,-145.2812,588.0625,266.2812,661.6871236539026
90.787078,-144.9688,588.0000,266.1562,661.5127269301967
90.810838,-144.8125,588.1250,266.2500,661.6273409414472
90.834270,-145.2188,588.4688,265.2500,661.6203727048654
90.858322,-145.9688,588.0938,265.7188,661.6400750160071
90.883012,-145.5938,588.2188,265.7500,661.6811168460416
90.905993,-145.2188,588.3750,265.4062,661.5996550147415
90.929279,-145.2188,588.3750,266.0938,661.8757510028789
90.953239,-145.4062,588.0938,266.1562,661.6920626259525
90.977375,-145.0312,588.1250,266.3750,661.7255622435653
91.001723,-144.5000,588.1250,266.3438,661.5967493791535
91.025909,-145.0000,588.0625,265.8750,661.4620318138071
91.049327,-145.3750,587.9375,266.0312,661.4960472352141
91.074059,-145.3125,588.0938,265.9375,661.5835059548889
91.097872,-145.3125,587.8125,265.6562,661.2204632167417
91.121436,-145.1250,587.7500,266.6250,661.5135816821904
91.144960,-145.2188,587.8750,266.8750,661.7459985534953
91.167744,-145.4062,588.7188,266.5312,662.3984083368464
91.191416,-144.7500,588.1250,265.5938,661.3498455160193
91.215699,-145.6250,587.9688,266.0312,661.5788067782439
91.239161,-145.4375,588.5000,266.3125,662.1228466549844
91.262863,-145.1562,588.1875,265.6875,661.5321002994204
91.286723,-145.0312,588.5938,266.3438,662.1296392547969
91.310391,-145.1875,588.1875,266.2500,661.7650699549652
91.334685,-145.2188,588.3125,266.3125,661.90817389126
91.359098,-145.8125,588.0312,266.0938,661.7007782388313
91.383174,-145.1562,587.9375,265.7500,661.3349403443859
91.406658,-145.3438,588.3125,266.1562,661.8727617407858
91.430631,-145.4062,588.4375,266.0000,661.9347920643788
91.453114,-144.8750,587.9688,265.6562,661.2633815399315
91.476572,-145.0625,588.1875,265.7500,661.5366403779159
91.502575,-145.2812,587.8750,266.5312,661.621163849166
91.525933,-145.2188,588.0625,265.5312,661.3719331695102
91.550278,-144.5000,588.1250,265.6562,661.3202770133867
91.573850,-145.3125,587.8125,265.8750,661.3083799843307
91.598937,-145.0000,588.6875,266.3125,662.193567102928
91.623088,-145.3125,588.2812,265.6562,661.6372079333772
91.646521,-145.1875,588.0938,266.5312,661.7949653570016
91.670891,-145.0312,588.3125,266.0938,661.7790756150235
91.693828,-145.3125,588.4062,265.9688,661.873865379103
91.716797,-144.9688,588.2812,266.5312,661.9136460329909
91.740744,-145.3125,587.9375,266.0938,661.507452982627
91.763836,-145.2500,588.1562,266.4688,661.8390526711347
91.787006,-145.5000,588.0938,266.5312,661.8635932090727
91.810773,-145.0312,587.9688,266.4375,661.6118619397441
91.835250,-145.5938,588.1562,266.0938,661.7637027234023
91.858000,-145.1250,587.9062,266.6250,661.6524125544034
91.881184,-145.6875,587.9375,265.8125,661.4768603048409
91.904703,-145.4062,588.0312,266.7500,661.8755857528097
91.928862,-145.1250,588.0312,265.8125,661.436544014475
91.952978,-145.2812,587.8125,265.6875,661.2261522460092
91.976996,-144.6250,587.6875,266.1562,661.1596915233963
92.001743,-145.7188,588.0625,266.5000,661.8713681734636
92.029275,-145.3750,588.3125,266.0312,661.8293694433728
92.054286,-144.9375,588.1875,265.6562,661.4715845949563
92.077812,-144.9688,587.7812,265.5312,661.0670019405654
92.107592,-145.5938,587.8438,265.6250,661.2975541147306
92.130685,-144.9062,588.1875,266.0000,661.602869133223
92.154744,-145.2812,588.5000,266.1562,662.0257102376198
92.177745,-145.4062,588.3125,266.4688,662.0122128192764
92.201201,-144.9062,587.9062,266.4688,661.5415140448009
92.224885,-145.2500,588.4688,266.1875,662.003638496657
92.248721,-145.2500,587.9375,266.0938,661.493726497321
92.272777,-144.8438,587.9062,265.6875,661.2135194922855
92.301773,-144.9375,588.0000,265.6562,661.3048631836247
92.325986,-144.7188,588.0000,266.4375,661.5712040346167
92.350339,-144.9688,587.9688,266.5312,661.6359245685557
92.376249,-145.1250,588.2500,265.5938,661.5431718066951
92.399459,-145.1562,587.9375,265.5625,661.2596178707441
92.423870,-145.8438,588.3125,265.8438,661.857157160346
92.448279,-145.4375,588.3125,266.5625,662.0568181574373
92.472862,-145.5312,587.9688,265.9062,661.5079209595207
92.496932,-145.6562,588.2188,266.3750,661.9461319779919
92.522336,-145.3125,588.0938,266.6250,661.860160509992
92.547853,-145.2188,587.9062,266.1562,661.4842353032213
92.574051,-145.5625,587.5000,266.4062,661.2994642711519
92.598640,-145.2188,588.3750,266.4375,662.0140235544958
92.621502,-145.0938,588.2500,265.3750,661.4485236313272
92.647021,-145.1250,588.2188,265.6562,661.5404799712751
92.673013,-145.9062,588.6250,265.7812,662.1236268746381
92.697378,-145.3125,588.0938,265.8125,661.5332694593391
92.721714,-145.5000,588.0625,265.1875,661.2958219000783
92.746923,-145.3125,588.0000,265.7500,661.4248144394418
92.771095,-144.8438,588.4688,266.5938,662.0780990031973
92.795272,-145.4688,588.1250,266.5938,661.9096618048607
92.819815,-145.1562,588.1250,266.4375,661.7781304525804
92.844097,-145.4688,587.8125,266.3750,661.5439010434701
92.867726,-145.3125,588.2812,266.0312,661.7878646019244
92.892225,-145.1250,587.9688,266.2500,661.5569356461789
92.916799,-145.3750,588.1250,266.3438,661.7884098517158
92.941415,-145.6562,588.3750,266.0000,661.9341989873785
92.966525,-144.7188,588.2188,266.0625,661.6147431544849
92.990601,-145.0312,587.8750,265.4062,661.113875698147
93.014819,-145.5625,587.9688,265.9688,661.539921969472
93.043781,-145.1250,588.0000,265.6562,661.3459826664576
93.068286,-145.3125,588.4062,266.2500,661.9869335533085
93.092562,-145.1875,588.3750,265.9062,661.7935362107373
93.118143,-145.0312,588.3125,266.4375,661.9173683618391
93.141934,-144.9062,588.1562,265.9062,661.5373984078205
93.165907,-146.0625,588.4375,265.7500,661.9788575268095
93.190469,-144.7812,587.9688,266.3750,661.5319357016144
93.215067,-145.0625,588.2500,265.5625,661.5169180092827
93.239241,-145.2500,587.9688,266.4062,661.647265176563
93.263554,-144.5312,588.5000,266.2812,661.9118040404817
93.288271,-145.1875,587.8438,265.9375,661.3338328533953
93.312044,-144.7500,588.4688,266.3438,661.9569664189848
93.334707,-145.0312,588.2500,266.0000,661.68582119958
93.358654,-145.5938,587.9375,266.2188,661.6195786075825
93.382287,-144.9375,587.3438,265.6562,660.7214259688988
93.405628,-145.4062,588.4688,266.2188,662.0505042043148
93.429056,-144.8750,588.0938,265.3750,661.2616086232911
93.452651,-144.7500,587.9062,265.8125,661.2432279012863
93.476493,-145.5312,588.1875,266.5938,661.978932762875
93.501253,-145.5000,588.5000,266.6250,662.2623276504561
93.525685,-145.2812,588.0938,266.4375,661.7777888361584
93.549372,-145.7812,587.6250,266.0000,661.295178779161
93.574270,-145.1875,588.2500,266.7812,662.034521764396
93.598566,-145.2188,588.2500,265.8438,661.664149902067
93.622646,-145.1875,588.3125,265.9375,661.7505283101405
93.646945,-145.0938,588.3438,266.0625,661.8079920636914
93.670646,-145.1562,588.1875,265.7812,661.5697581675533
93.696943,-145.5938,588.2188,265.4688,661.5682089680455
93.721493,-145.3750,588.3438,266.1875,661.9199679306498
93.745550,-145.2188,587.7500,265.3125,661.0062560277418
93.769556,-145.2500,588.1875,265.8125,661.6028890599707
93.793086,-145.7500,588.4062,266.4688,662.1711049763686
93.817397,-145.7188,588.0938,265.6875,661.5724151949468
93.841484,-145.2188,587.9062,266.0625,661.4465194154967
93.866006,-145.1562,588.2812,266.5938,661.9799041924819
93.890721,-145.0000,588.0000,266.2812,661.5698784720798
93.915204,-145.6250,588.0625,266.7812,661.9640321670147
93.939380,-145.5000,587.7812,266.3125,661.4978424060146
93.964070,-145.7188,588.3125,266.0625,661.9175217986472
93.988242,-145.2188,588.1562,266.0625,661.6687340897067
94.011855,-145.1875,587.9062,266.0312,661.4270896492485
94.035598,-144.5625,588.2500,265.9688,661.5706726290189
94.060541,-144.7500,588.0312,266.4688,661.618400744058
94.087091,-145.4062,587.9375,266.5000,661.6915682138564
94.111109,-145.3125,588.1875,266.6875,661.9686400946423
94.135157,-145.6562,588.4062,266.3438,662.1001822739422
94.159180,-145.5938,588.0312,266.4688,661.8035099198156
94.184034,-145.4375,588.2812,265.8125,661.7274217259419
94.208075,-144.5625,588.4375,266.3438,661.8882088212197
94.231825,-145.1250,588.0312,265.8750,661.461663459465
94.255776,-145.3438,588.2812,266.1250,661.8324186609666
94.278803,-145.6875,588.5000,265.4375,661.826385136238
94.302426,-145.0625,588.4375,265.7500,661.7589310409796
94.328000,-145.9688,587.8750,265.7812,661.470758577524
94.351060,-144.5000,588.1562,265.5000,661.285319974716
94.374979,-145.3438,588.2188,265.5312,661.5383195569154
94.398232,-145.3125,588.3438,266.4062,661.9942453370535
94.421208,-144.7188,588.1562,266.1250,661.5843155944864
94.445356,-145.2812,588.0000,266.5312,661.7322334812814
94.469277,-145.3750,588.3750,266.0312,661.8849274810256
94.493466,-145.1250,588.1250,266.2812,661.708383921167
94.517452,-145.1875,588.0000,265.8125,661.4224786870341
94.542682,-144.5938,588.3125,266.1250,661.69590131745
94.566539,-145.1875,587.9062,266.0312,661.4270896492485
94.591956,-145.0625,588.1875,266.4062,661.8005395144088
94.616660,-145.8750,588.0312,266.4688,661.8654404998988
94.640674,-144.9688,588.5312,266.3750,662.0729652599666
94.665714,-145.0625,587.9688,266.5312,661.656472128381
94.689567,-145.3438,588.0938,265.9062,661.5778096657924
94.713420,-145.2500,588.5625,265.9062,661.9739516743182
94.736945,-146.2812,588.0000,265.8438,661.675980760693
94.760424,-145.5938,588.5625,266.3750,662.2378704591821
94.783694,-145.2500,588.0312,266.6250,661.7909066325726
94.806998,-145.3750,588.2812,265.7500,661.688584023151
94.831820,-145.1562,587.6250,266.4375,661.3338180868361
94.855584,-145.5625,588.5625,266.6875,662.356762227691
94.878912,-144.9375,588.0312,267.0938,661.911399789938
94.902132,-144.8750,588.1250,265.5938,661.3772155805358
94.925512,-145.2188,588.2812,266.9688,662.1447182676061
94.949514,-145.5625,588.2500,266.2812,661.9155595752471
94.972599,-145.6250,587.9688,265.5938,661.4030024430075
94.995974,-145.4688,588.5000,265.4688,661.7908011245887
95.019872,-145.4688,588.3125,265.7500,661.7369699380657
95.045602,-144.9375,587.8125,265.8125,661.2009522215996
95.068853,-144.8125,587.8438,265.7188,661.1636625464795
95.097330,-144.9062,588.5938,266.2188,662.0519969607278
95.121710,-145.0000,587.9375,265.8750,661.3509049901195
95.144578,-144.7812,588.4375,266.6562,662.0618229605714
95.168219,-144.9062,588.1562,266.0625,661.6002188704105
95.192741,-145.1875,587.4062,266.6875,661.2471061196128
95.215543,-145.6875,588.2500,265.9688,661.8174114760146
95.240148,-144.5938,588.2812,265.6875,661.4922745557011
95.263586,-145.1562,587.7500,266.2812,661.3819649156038
95.287794,-145.3125,587.8750,266.1875,661.4896245879447
95.312444,-145.5000,588.1562,266.4062,661.8688045625998
95.335286,-145.4375,588.3438,266.7812,662.1726888975979
95.359346,-145.3750,588.3438,266.0938,661.8822724458822
95.383635,-145.2812,588.0938,265.4688,661.38835612459
95.408168,-145.3125,588.1250,266.1875,661.7118129801673
95.433129,-145.4375,587.9688,266.5000,661.7262027325294
95.456925,-145.0938,588.0938,266.4688,661.7492348349846
95.480028,-145.3750,587.8438,265.3438,661.1364992973274
95.503281,-145.1562,588.2812,265.9062,661.7033321698535
95.527225,-145.0938,588.3438,265.6875,661.6573222668778
95.550449,-145.4375,588.4375,266.0312,661.9542157801116
95.573672,-145.5938,588.2812,265.8438,661.7743335569063
95.597951,-145.3750,587.9062,266.3125,661.5814364613872
95.622322,-145.0312,588.2812,266.9688,662.1036218407867
95.646088,-144.9062,588.2188,266.1562,661.6934853500429
95.670456,-145.5312,588.0000,266.5000,661.7745799942473
95.693793,-144.7188,588.4688,265.7500,661.7114543576565
95.717106,-145.4062,588.5000,265.6875,661.864846623019
95.740479,-145.4688,588.1562,266.3438,661.8367810908422
95.764694,-145.3750,588.2500,266.0312,661.7738126441409
95.788345,-144.9062,588.4375,266.2812,661.9382273270483
95.812046,-145.9062,588.0938,266.1562,661.8021169444742
95.835427,-145.0938,587.9688,266.8125,661.7766673296022
95.859324,-144.9062,588.0938,266.0625,661.5446575888698
95.882570,-144.8438,588.4375,266.1250,661.8617068129206
95.906691,-145.4375,588.3750,265.9688,661.873540042063
95.929592,-145.4375,587.8750,265.5625,661.2658492902079
95.953778,-145.0938,588.2812,265.0938,661.3635321664534
95.977264,-145.7500,587.8438,265.5312,661.2943230064999
96.000810,-144.9688,588.6562,266.3125,662.1589437566142
96.026233,-145.0312,588.2500,265.6250,661.5351590063543
96.050756,-145.6250,587.9062,266.1250,661.5609684972826
96.073483,-145.0000,588.0625,265.4375,661.2862998070503
96.097023,-145.9062,587.8125,265.6875,661.3637551314424
96.121477,-145.5938,588.1250,266.2188,661.7862030260414
96.144995,-144.8125,588.0625,265.8125,661.3958339895634
96.168702,-145.1875,588.2188,266.1250,661.7425659822802
96.192434,-145.3750,588.5312,266.1875,662.0866317996554
96.215779,-144.7188,588.1875,266.8125,661.8889347270149
96.239586,-145.0625,588.1562,265.9375,661.5842026730705
96.262463,-145.0625,588.5625,265.7500,661.8700837872187
96.285396,-145.2500,587.8438,265.9688,661.3601234506243
96.308956,-144.8438,588.0938,266.0938,661.5435393775587
96.333457,-145.0312,588.0000,265.0938,661.0996594807964
96.357083,-145.2500,587.9688,265.7188,661.3707489586495
96.380098,-145.2500,588.5938,265.4375,661.8135926719189
96.404007,-145.0938,588.0000,265.5312,661.2889240079747
96.426986,-145.4688,588.2812,266.3125,661.9352944090343
96.450593,-145.1875,588.2500,266.0312,661.7326489095218
96.474439,-144.8438,588.3125,266.1250,661.7505762712357
96.497685,-145.2812,588.4062,265.3125,661.6035665690406
96.520458,-144.6250,588.1875,265.8125,661.4659559928235
96.545692,-145.0938,587.9688,265.9375,661.424372979916
96.569599,-145.7500,588.3438,266.4688,662.1155680020105
96.592677,-145.3125,588.1562,266.1875,661.739587924557
96.616183,-144.9688,588.1875,266.3750,661.7674170415256
96.639917,-145.7188,588.3750,266.1562,662.0107583269512
96.663479,-145.4062,588.1562,266.0625,661.709910655247
96.688131,-145.5312,588.2188,265.4688,661.5544571724141
96.711656,-145.2812,588.0625,265.5625,661.398206010617
96.735637,-145.5000,588.1250,266.1875,661.7530134281596
96.760416,-145.0625,587.6562,266.4062,661.3284260557496
96.784287,-145.0312,588.3750,265.2500,661.4958553169948
96.808619,-145.2812,588.1875,265.5312,661.4968038353436
96.832343,-145.1875,588.3125,265.8125,661.7003044949805
96.857171,-145.3438,588.5625,265.6875,661.9066926135152
96.881466,-145.0625,588.1250,266.3438,661.7198332340603
96.905028,-145.7188,588.5938,266.2812,662.2554346641389
96.929485,-145.1875,588.0000,265.7188,661.3848080034894
96.953583,-145.2500,588.1250,266.4062,661.7861196520084
96.977018,-145.0938,587.8125,266.3750,661.4615423970713
