0.008583,-8192.0000,-8192.0000,-8192.0000,14188.9602
0.037183,146.6875,-630.3125,-174.9375,670.3836
0.059368,146.9375,-629.8750,-174.0000,669.7829
0.087275,147.1250,-630.0625,-173.5000,669.8707
0.109669,146.6875,-629.8125,-174.0000,669.6693
0.134140,147.7500,-629.7500,-173.6250,669.7468
0.160087,146.8125,-630.1250,-173.5625,669.8771
0.183389,147.2500,-630.3750,-173.1875,670.1113
0.208776,147.0625,-630.0625,-173.2500,669.7923
0.235317,147.1250,-630.3125,-173.3750,670.0735
0.260034,146.4375,-630.4375,-173.4375,670.0567
0.283459,147.0625,-630.1875,-173.7500,670.0393
0.308438,147.5625,-630.0000,-174.1875,670.0865
0.333519,146.9375,-629.9375,-173.4375,669.6958
0.358962,147.4375,-629.8750,-173.1250,669.6660
0.384553,147.1875,-629.8125,-172.6875,669.4393
0.408008,146.3750,-630.1875,-172.8750,669.6624
0.433346,147.4375,-630.0625,-173.0000,669.8101
0.458520,148.1250,-630.1250,-173.6250,670.1822
0.484013,147.1875,-630.0625,-173.1250,669.7874
0.508105,147.5000,-629.5625,-173.3750,669.4506
0.535014,147.1250,-629.8750,-172.7500,669.5004
0.559032,146.6875,-630.1875,-172.2500,669.5697
0.583566,148.0000,-630.3750,-172.1250,670.0027
0.609011,147.9375,-630.0625,-172.3750,669.7592
0.636265,147.2500,-630.0625,-172.3125,669.5916
0.661804,146.8125,-629.6875,-172.6875,669.2393
0.684701,148.6250,-630.1250,-173.6250,670.2929
0.708667,147.6875,-629.8125,-172.5000,669.5010
0.734917,147.4375,-630.3750,-172.5000,669.9752
0.760385,148.1875,-629.5625,-172.0625,669.2638
0.783550,148.0000,-629.5000,-172.1250,669.1795
0.808815,148.5000,-630.5000,-173.1875,670.5046
0.834254,148.0625,-630.1875,-173.5625,670.2110
0.860820,148.3750,-629.6875,-173.3750,669.7614
0.883792,148.4375,-630.0000,-172.2500,669.7789
0.908793,147.7500,-629.7500,-173.3750,669.6820
0.933861,147.5000,-629.8125,-172.7500,669.5242
0.959991,147.6875,-629.9375,-173.8750,669.9742
0.983712,147.8125,-629.8750,-172.6875,669.6357
1.009314,147.8750,-629.7500,-173.0625,669.6288
1.034776,147.7500,-630.0000,-172.8750,669.7879
1.059093,147.4375,-629.5625,-173.0000,669.3398
1.084367,148.4375,-629.9375,-172.2500,669.7201
1.109571,148.3750,-629.5000,-173.3750,669.5852
1.134412,147.7500,-629.4375,-172.6250,669.1943
1.158880,147.8125,-629.3750,-172.2500,669.0527
1.184328,148.3125,-629.5625,-173.1250,669.5654
1.209187,148.3125,-630.0625,-171.9375,669.7297
1.233829,147.5000,-629.1875,-172.7500,668.9363
1.259466,148.3750,-629.8125,-172.1250,669.5565
1.285784,149.0000,-630.2500,-172.1250,670.1068
1.309820,147.6875,-630.2500,-173.5625,670.1870
1.334519,148.2500,-629.6875,-171.8750,669.3470
1.359968,148.8750,-629.4375,-172.3125,669.3631
1.385778,148.2500,-630.0625,-171.8750,669.6998
1.409209,148.6250,-629.8750,-172.7500,669.8317
1.434369,149.0000,-629.9375,-172.6250,669.9415
1.459388,148.3125,-629.8750,-171.9375,669.5533
1.486618,147.2500,-630.1250,-172.6250,669.7309
1.510127,147.8750,-629.8750,-172.0000,669.4726
1.534868,148.2500,-630.0625,-171.8750,669.6998
1.560383,148.4375,-629.6875,-171.9375,669.4046
1.584452,148.6875,-629.9375,-172.2500,669.7756
1.610786,148.0625,-629.8125,-172.6875,669.6322
1.635055,147.8125,-630.1250,-172.2500,669.7582
1.660864,148.1875,-629.8125,-172.8125,669.6921
1.684743,147.6250,-630.3750,-172.3125,669.9682
1.709354,147.4375,-630.1875,-171.6250,669.5739
1.734639,148.3750,-629.6250,-172.1250,669.3802
1.759584,148.0625,-629.7500,-171.0625,669.1561
1.784573,148.7500,-630.2500,-172.8750,670.2443
1.809542,148.5625,-630.5000,-172.2500,670.2769
1.834539,148.3750,-629.6250,-171.5625,669.2357
1.859921,147.5625,-629.8125,-172.3750,669.4413
1.884369,148.3125,-630.3125,-172.6875,670.1578
1.910692,147.1250,-629.5000,-172.6250,669.1154
1.935639,147.3750,-629.9375,-172.0000,669.4211
1.959265,148.0625,-629.6875,-172.2500,669.4019
1.985268,148.5000,-629.5000,-172.6250,669.4191
2.010073,148.7500,-629.7500,-171.4375,669.4045
2.035383,147.8125,-630.1250,-173.0000,669.9515
2.059809,149.6875,-629.7500,-172.3750,669.8541
2.085831,147.8125,-629.7500,-171.1875,669.1328
2.110253,147.3750,-630.1875,-172.0000,669.6564
2.134303,148.8750,-630.0625,-172.1250,669.9026
2.160116,148.3750,-629.5000,-172.1250,669.2626
2.185664,148.5000,-629.6250,-172.0000,669.3757
2.210003,149.2500,-629.7500,-171.2500,669.4678
2.234305,148.3125,-630.2500,-171.5000,669.7939
2.260572,148.5000,-629.5000,-171.5625,669.1459
2.285550,148.0000,-629.7500,-172.0000,669.3826
2.310470,148.0625,-629.7500,-172.2500,669.4607
2.334491,147.7500,-629.5000,-172.0000,669.0922
2.360325,148.3125,-629.8125,-171.9375,669.4945
2.385786,148.5625,-630.0000,-171.8125,669.6942
2.409661,148.4375,-630.0000,-171.6250,669.6184
2.434528,147.6875,-629.6875,-172.5000,669.3834
2.459736,148.8125,-629.3750,-171.8125,669.1619
2.485628,148.8125,-630.1250,-171.8125,669.8673
2.510074,147.1875,-629.6875,-172.5000,669.2733
2.535099,148.0625,-629.6250,-172.2500,669.3431
2.559976,149.0000,-629.8125,-171.8750,669.6311
2.584476,148.0625,-630.2500,-172.0625,669.8829
2.609653,148.3125,-630.0625,-172.8125,669.9549
2.634846,148.6250,-629.8125,-170.9375,669.3077
2.660181,149.8125,-630.3750,-172.0625,670.3894
2.684866,148.8750,-630.0625,-172.1250,669.9026
2.712364,148.2500,-630.2500,-172.0000,669.9083
2.735267,148.6875,-629.5625,-172.0625,669.3746
2.759860,148.1875,-630.1875,-173.1250,670.1254
2.786038,148.8750,-629.8750,-171.8750,669.6621
2.810229,147.6875,-629.8125,-173.0000,669.6300
2.834743,148.6875,-629.5000,-172.2500,669.3641
2.859841,148.4375,-629.8750,-172.3750,669.6935
2.884839,148.9375,-630.0625,-172.8125,670.0935
2.909850,148.1875,-629.1250,-172.0625,668.8522
2.934842,148.3750,-629.6250,-171.1250,669.1237
2.960222,149.1250,-629.3750,-172.8750,669.5050
2.985248,148.9375,-629.6250,-171.9375,669.4569
3.010299,148.9375,-629.5000,-172.5000,669.4840
3.034749,149.3750,-629.7500,-172.0000,669.6880
3.060452,149.4375,-629.6875,-172.3750,669.7395
3.084696,148.6250,-629.7500,-172.3125,669.6014
3.109245,148.4375,-629.5000,-172.0625,669.2604
3.134775,148.8750,-629.6875,-172.7500,669.7109
3.160657,148.6875,-629.1875,-171.3125,668.8295
3.184923,148.9375,-629.5000,-172.8125,669.5646
3.209584,148.8125,-630.1250,-172.6875,670.0923
3.234824,148.6250,-629.0625,-173.0625,669.1485
3.260377,148.9375,-629.2500,-174.0000,669.6372
3.285276,148.9375,-629.6250,-173.0000,669.7306
3.309479,148.4375,-629.3125,-173.1250,669.3580
3.334865,148.8750,-629.5625,-173.1875,669.7064
3.359743,149.3125,-629.6250,-172.8125,669.7656
3.385999,149.4375,-629.6250,-173.2500,669.9065
3.411076,149.5000,-629.2500,-172.4375,669.3583
3.434872,149.6875,-629.1875,-173.8750,669.7132
3.461351,149.4375,-629.1875,-173.1250,669.4630
3.485595,148.5625,-628.9375,-172.6875,668.9202
3.509770,150.0000,-629.3125,-172.6250,669.5772
3.535372,149.2500,-629.3750,-172.7500,669.5006
3.560800,148.9375,-629.5000,-174.0000,669.8721
3.585076,148.5625,-629.6875,-173.5625,669.8516
3.610186,148.8125,-629.6875,-173.0000,669.7615
3.634777,149.0625,-629.1875,-173.2500,669.4118
3.660312,149.2500,-629.3125,-173.5000,669.6357
3.686063,149.0000,-629.4375,-172.4375,669.4231
3.712021,149.4375,-629.3125,-173.1250,669.5805
3.734846,148.7500,-629.5000,-173.0625,669.5875
3.759813,149.9375,-629.0000,-173.5625,669.5119
3.786074,149.5000,-629.2500,-173.5000,669.6328
3.810398,148.8750,-629.1875,-173.9375,669.5483
3.835095,149.6250,-629.2500,-173.5000,669.6607
3.861618,149.5000,-629.1875,-173.1875,669.4931
3.884852,149.8750,-629.4375,-172.8750,669.7312
3.909969,149.1875,-629.4375,-173.4375,669.7231
3.935748,149.8125,-629.1250,-173.0000,669.4558
3.961083,150.2500,-629.2500,-173.5000,669.8006
3.984880,150.5000,-628.8750,-173.8125,669.5855
4.010685,149.2500,-629.3750,-173.8125,669.7755
4.036884,150.1875,-629.2500,-173.8750,669.8838
4.060592,150.6875,-629.0625,-174.5000,669.9825
4.085111,149.8125,-629.0625,-173.4375,669.5103
4.110278,150.0625,-629.5625,-173.8750,670.1494
4.136279,150.3125,-629.1875,-174.1875,669.9344
4.160091,150.1250,-629.5000,-173.6250,670.0399
4.185131,149.5000,-629.3750,-174.1250,669.9124
4.210601,150.3750,-629.6875,-174.1250,670.4017
4.235799,150.3125,-629.0625,-175.0625,670.0450
4.260171,150.6875,-629.3125,-174.0000,670.0873
4.285936,150.8125,-629.2500,-173.5625,669.9432
4.310107,149.5000,-629.2500,-173.9375,669.7463
4.335626,151.8125,-629.2500,-173.4375,670.1367
4.360632,150.6875,-629.0000,-174.5000,669.9239
4.385911,150.4375,-629.2500,-174.1875,670.0211
4.410746,149.8125,-629.2500,-174.1875,669.8811
4.434936,150.7500,-628.8750,-174.2500,669.7555
4.459924,150.9375,-628.9375,-174.1875,669.8401
4.485669,150.7500,-629.2500,-173.8125,669.9940
4.509795,150.9375,-629.6875,-173.7500,670.4309
4.535276,150.9375,-629.1875,-174.0000,670.0261
4.560406,150.6250,-628.8125,-173.9375,669.5874
4.586637,150.1250,-629.3750,-175.7500,670.4763
4.611032,151.6250,-629.1250,-174.1250,670.1551
4.635601,150.5000,-628.9375,-174.2500,669.7579
4.660859,150.8125,-628.6250,-175.0625,669.7467
4.686032,150.9375,-629.1875,-174.1875,670.0749
4.710404,150.1250,-629.4375,-173.6250,669.9811
4.735469,150.5000,-629.6875,-173.9375,670.3811
4.760472,150.8125,-629.1250,-174.5000,670.0693
4.785341,150.7500,-629.1875,-173.9375,669.9677
4.810439,151.2500,-629.4375,-174.5625,670.4776
4.835429,150.6875,-629.1250,-174.6250,670.0738
4.860208,151.3125,-629.5625,-174.1875,670.5115
4.885821,149.6875,-629.3750,-173.5625,669.8083
4.910440,151.4375,-629.4375,-174.0000,670.3737
4.936242,150.8750,-629.0000,-173.9375,669.8198
4.960464,150.7500,-629.2500,-174.2500,670.1076
4.985864,150.5000,-629.4375,-174.8750,670.3902
5.011854,149.8750,-629.0000,-174.8750,669.8394
5.036190,150.3750,-629.4375,-173.5000,670.0048
5.061060,150.6875,-629.1250,-173.7500,669.8463
5.085544,150.6250,-629.3125,-173.3750,669.9112
5.111444,150.1250,-629.1875,-174.5625,669.9899
5.135859,150.8750,-629.3125,-173.8125,670.0808
5.160097,150.6250,-629.2500,-174.1250,670.0470
5.186113,150.5625,-629.1875,-174.5000,670.0718
5.210371,152.1250,-628.8750,-175.3125,670.3434
5.235703,150.7500,-629.1250,-174.2500,669.9902
5.260765,151.3125,-629.1875,-174.5000,670.2407
5.285350,151.0625,-629.5000,-174.3125,670.4289
5.311098,150.9375,-629.7500,-174.9375,670.7983
5.336912,150.0625,-628.6875,-173.7500,669.2950
5.360525,151.3750,-629.1875,-175.3125,670.4668
5.386069,150.5000,-629.7500,-173.6250,670.3588
5.411303,151.0000,-628.8125,-173.0625,669.4451
5.436486,151.1875,-629.6875,-173.8750,670.5196
5.460679,151.3750,-629.0000,-174.2500,670.0138
5.486820,150.5625,-629.2500,-174.0000,670.0005
5.512155,150.3125,-629.2500,-173.7500,669.8794
5.536282,150.8125,-629.6250,-174.1875,670.4576
5.561297,150.7500,-629.4375,-174.1250,670.2512
5.586455,151.3125,-629.5000,-173.4375,670.2584
5.610789,151.3750,-629.1250,-174.6875,670.2450
5.635963,151.3750,-629.4375,-173.8125,670.3109
5.661024,150.5625,-628.7500,-173.2500,669.3364
5.687198,151.7500,-628.8750,-173.9375,669.9001
5.710824,151.0625,-629.5000,-174.6250,670.5103
5.735498,150.5625,-629.1875,-174.0000,669.9418
5.761549,151.3125,-628.6875,-173.8750,669.6088
5.786688,150.4375,-629.5000,-174.1875,670.2559
5.810394,151.2500,-629.1875,-173.8125,670.0480
5.836219,151.5000,-629.1250,-173.8125,670.0457
5.861149,151.4375,-629.3125,-173.8750,670.2239
5.885492,151.0000,-629.5000,-172.8750,670.0425
5.910662,150.5625,-629.5625,-174.3125,670.3752
5.936867,150.7500,-628.8125,-174.8750,669.8597
5.963046,151.2500,-629.1250,-173.5000,669.9083
5.985882,151.1250,-629.3750,-173.0625,670.0017
6.010601,151.9375,-629.4375,-174.3125,670.5680
6.035945,151.0625,-629.3750,-173.2500,670.0361
6.061746,151.2500,-629.5000,-173.0625,670.1473
6.087299,150.9375,-629.5625,-173.7500,670.3135
6.112737,150.7500,-629.1250,-173.8125,669.8766
6.135902,151.2500,-629.1875,-173.8125,670.0480
6.161389,151.3125,-629.0000,-174.0000,669.9347
6.186645,150.8750,-629.4375,-173.8125,670.1982
6.211503,151.3125,-629.2500,-173.8750,670.1370
6.236634,151.8750,-629.3125,-173.1875,670.1449
6.261408,151.5000,-629.3750,-173.9375,670.3129
6.286088,151.4375,-629.6875,-174.1875,670.6571
6.312022,151.3125,-629.3125,-174.6250,670.3906
6.335973,151.2500,-629.3125,-173.1875,670.0035
6.362412,151.6250,-629.1875,-173.9375,670.1651
6.386884,151.1875,-629.0625,-174.7500,670.1603
6.411995,151.1250,-629.1875,-173.8125,670.0197
6.435971,151.2500,-629.1875,-174.5625,670.2429
6.461378,151.3750,-629.6250,-174.3750,670.6330
6.486967,152.3125,-629.1875,-172.6875,669.9977
6.511564,151.8750,-628.6875,-174.1250,669.8011
6.536268,151.3125,-629.5625,-174.6250,670.6253
6.561591,150.9375,-629.3125,-174.0000,670.1435
6.586013,151.5000,-629.1875,-172.8750,669.8619
6.611438,151.3750,-629.1250,-174.2500,670.1311
6.636470,151.5000,-628.8750,-173.5000,669.7300
6.662707,150.8750,-629.0625,-175.3125,670.2368
6.686535,151.8750,-629.3125,-173.6250,670.2581
6.712578,151.0625,-629.9375,-173.5625,670.6453
6.737010,151.9375,-629.0625,-173.8750,670.1023
6.761661,152.1250,-629.1875,-174.2500,670.3596
6.786663,151.1250,-629.1875,-174.1250,670.1009
6.812571,152.1875,-628.8750,-173.4375,669.8697
6.837202,150.8750,-629.3125,-174.3750,670.2269
6.861703,151.5625,-630.1875,-173.5625,670.9929
6.886491,151.9375,-629.0000,-174.3125,670.1573
6.913520,151.8125,-629.2500,-173.2500,670.0882
6.936290,151.1875,-629.1250,-173.8750,669.9914
6.961788,151.8125,-629.2500,-174.9375,670.5265
6.987990,151.6250,-629.5000,-173.0625,670.2321
7.011522,151.2500,-628.8125,-173.8125,669.6958
7.036285,151.1875,-629.0000,-174.9375,670.1506
7.062759,151.1875,-629.5625,-174.0000,670.4346
7.087981,150.3750,-629.1875,-174.5625,670.0460
7.111559,151.5625,-628.7500,-173.7500,669.6916
7.136337,151.6875,-629.0000,-174.0000,670.0195
7.162834,152.0000,-629.3750,-173.5000,670.3127
7.187923,151.7500,-629.0000,-175.1250,670.3267
7.211370,151.1250,-629.6875,-172.8750,670.2469
7.236798,151.2500,-629.5000,-174.3750,670.4875
7.262420,151.1875,-629.3125,-174.1875,670.2486
7.287424,151.9375,-629.3750,-174.3125,670.5093
7.311500,151.1250,-629.1250,-174.2500,670.0747
7.336621,152.5000,-629.1875,-173.5000,670.2503
7.361621,151.3125,-629.6250,-174.3125,670.6027
7.386988,150.9375,-629.5000,-173.0000,670.0607
7.411771,152.2500,-629.3750,-173.6250,670.4018
7.436673,151.4375,-629.0000,-172.8125,669.6555
7.462343,150.8125,-628.9375,-173.4375,669.6173
7.486404,151.6250,-629.3125,-174.1250,670.3312
7.511598,151.5000,-629.6875,-174.1250,670.6550
7.537190,151.0625,-629.0000,-173.4375,669.7324
7.562408,151.1875,-629.1875,-174.6250,670.2451
7.586655,151.6875,-629.3125,-173.8750,670.2804
7.611666,151.1875,-629.0625,-173.7500,669.9003
7.637281,151.4375,-629.0000,-174.0000,669.9629
7.662538,151.9375,-628.8125,-174.9375,670.1442
7.687039,151.5625,-629.2500,-174.1875,670.2746
7.712701,151.2500,-628.8125,-173.3750,669.5824
7.737132,151.8750,-629.1250,-173.9375,670.1631
7.761436,151.8125,-629.5000,-173.5625,670.4038
7.787413,151.4375,-629.0000,-173.7500,669.8980
7.811686,150.8750,-629.2500,-174.1250,670.1032
7.836461,151.3125,-629.3750,-175.2500,670.6124
7.862146,152.1250,-629.0000,-173.3750,669.9566
7.886314,151.1250,-629.6250,-174.1250,670.5117
7.912019,151.3125,-629.2500,-173.0000,669.9105
7.937148,151.9375,-629.5625,-173.8750,670.5717
7.962235,151.8125,-629.0625,-173.8750,670.0740
7.987153,151.1875,-629.5000,-174.1875,670.4246
8.012186,152.4375,-629.0625,-172.2500,669.7962
8.037908,151.6875,-629.3750,-173.1250,670.1449
8.061710,152.1250,-629.1250,-173.3750,670.0740
8.087047,151.3125,-629.5625,-174.0000,670.4628
8.112001,151.6250,-629.0625,-174.3750,670.1615
8.136953,152.3125,-628.5625,-173.7500,669.6857
8.162024,152.4375,-629.0000,-173.1250,669.9630
8.188115,151.8750,-629.7500,-173.3750,670.6042
8.211463,151.5625,-629.1875,-173.5625,670.0538
8.237009,151.2500,-628.8125,-173.5000,669.6148
8.261979,151.7500,-629.3125,-174.1250,670.3595
8.288611,151.7500,-629.6250,-172.7500,670.2971
8.311791,151.7500,-629.7500,-173.5000,670.6082
8.336855,151.1875,-629.0625,-173.8750,669.9327
8.362423,152.5625,-629.1250,-173.1250,670.1088
8.387946,152.4375,-629.4375,-173.7500,670.5355
8.411832,151.9375,-628.8125,-173.7500,669.8352
8.438240,152.5000,-629.1250,-172.8750,670.0301
8.463155,151.6250,-629.3125,-174.2500,670.3637
8.487130,151.6250,-629.4375,-174.1250,670.4485
8.511765,151.8125,-629.7500,-173.5625,670.6385
8.538238,152.1250,-628.9375,-174.2500,670.1250
8.563333,152.3125,-629.5625,-173.2500,670.4950
8.587449,151.3125,-629.0000,-173.8750,669.9022
8.612221,152.1250,-629.5000,-173.3750,670.4261
8.637177,151.0000,-629.0625,-173.5000,669.7932
8.662900,151.5000,-629.5000,-173.8125,670.3979
8.686855,151.6250,-629.4375,-173.3750,670.2541
8.711915,151.5625,-629.4375,-173.1250,670.1754
8.738068,151.6875,-628.6875,-173.2500,669.5317
8.763349,152.1250,-629.5000,-173.9375,670.5718
8.786776,152.2500,-629.6250,-173.8125,670.6851
8.811979,152.1250,-629.5000,-173.8125,670.5394
8.836939,151.9375,-629.1875,-173.2500,670.0578
8.862553,151.6250,-629.4375,-173.3750,670.2541
8.887599,152.1250,-629.7500,-173.9375,670.8065
8.912479,152.3750,-629.3750,-173.5000,670.3979
8.938963,152.4375,-629.0625,-173.1250,670.0217
8.962620,151.0625,-629.1875,-173.8750,670.0219
8.986922,151.4375,-629.7500,-172.8125,670.3600
9.012848,152.5000,-629.0000,-173.9375,670.1877
9.038354,151.4375,-628.8125,-173.7500,669.7220
9.061800,151.6250,-629.6875,-173.5000,670.5212
9.087646,151.6875,-629.8125,-172.8125,670.4752
9.112547,151.8750,-629.6250,-172.4375,670.2450
9.138120,153.1250,-628.9375,-173.3750,670.1258
9.162516,152.0625,-629.1875,-173.2500,670.0862
9.187150,151.4375,-629.5000,-173.0000,670.1735
9.213287,151.1875,-629.0625,-172.3750,669.5449
9.239033,152.0625,-629.1875,-175.2500,670.6061
9.262566,151.3750,-629.3125,-173.5000,670.1126
9.288124,151.7500,-629.4375,-173.6250,670.3471
9.312559,152.1875,-629.0625,-173.1250,669.9649
9.336999,152.1875,-628.7500,-173.1250,669.6715
9.362743,152.3125,-629.4375,-173.5625,670.4585
9.387356,151.7500,-629.4375,-173.6250,670.3471
9.411943,151.6250,-629.0625,-172.3125,669.6278
9.437069,152.2500,-628.6250,-173.5000,669.6654
9.462180,152.0000,-629.3125,-173.3750,670.2217
9.486948,151.8750,-629.4375,-174.6875,670.6514
9.512292,151.8125,-629.2500,-172.0625,669.7821
9.538432,151.5000,-628.8750,-172.8750,669.5684
9.563345,152.5625,-629.1875,-174.0000,670.3941
9.587529,152.0625,-629.5000,-174.1875,670.6225
9.613108,152.0000,-629.4375,-173.1875,670.2906
9.638007,152.8125,-629.2500,-173.7500,670.4448
9.662790,151.6875,-629.4375,-174.1875,670.4789
9.688440,151.5000,-629.7500,-173.6250,670.5840
9.712957,152.6875,-628.9375,-172.3750,669.7679
9.738398,152.3750,-629.1875,-173.3750,670.1895
9.762023,152.2500,-629.2500,-173.6250,670.2845
9.788189,152.7500,-629.5000,-173.8125,670.6814
9.812445,152.0000,-628.6875,-173.8125,669.7483
9.837227,152.1250,-628.9375,-173.1875,669.8495
9.862394,152.6875,-629.0000,-173.2500,670.0523
9.887083,151.6875,-629.6250,-172.2500,670.1543
9.912570,151.5000,-629.5000,-173.6250,670.3493
9.939584,152.7500,-629.3750,-173.8125,670.5641
9.962114,152.0625,-629.6250,-173.7500,670.6264
9.987513,152.1875,-629.0625,-173.2500,669.9972
10.012336,152.1250,-629.0625,-173.0625,669.9345
10.038141,151.1875,-629.4375,-172.6875,669.9778
10.062376,152.0000,-629.5000,-173.8125,670.5110
10.087575,152.8125,-629.3125,-172.2500,670.1164
10.113061,152.2500,-628.8125,-173.3750,669.8090
10.138109,152.1875,-629.1875,-174.5000,670.4388
10.163003,152.4375,-629.1250,-173.8750,670.2746
10.188341,153.0625,-629.3125,-173.0000,670.3666
10.212930,152.5000,-629.2500,-173.8125,670.3899
10.237975,152.0000,-629.0625,-173.5000,670.0193
10.263253,151.6250,-629.6250,-172.3125,670.1562
10.287722,151.6875,-628.8125,-173.5625,669.7299
10.312551,151.2500,-628.5625,-173.8125,669.4611
10.338177,153.1250,-629.3750,-173.6250,670.6011
10.363189,151.9375,-628.9375,-173.0000,669.7585
10.387401,152.1250,-629.2500,-174.1250,670.3858
10.413199,151.3750,-628.8750,-173.3750,669.6694
10.438271,152.0625,-628.8750,-172.8125,669.6797
10.462462,152.1875,-629.2500,-173.8750,670.3351
10.487416,152.2500,-629.3750,-172.7500,670.1757
10.513918,152.1875,-629.8750,-172.3750,670.5346
10.538700,152.8125,-628.6875,-172.5000,669.5938
10.563582,152.3750,-628.9375,-173.3750,669.9548
10.588684,152.5625,-629.4375,-173.2500,670.4345
10.612934,151.1875,-629.5625,-173.4375,670.2889
10.637687,151.8125,-629.1250,-174.0000,670.1651
10.662773,151.5625,-629.1875,-173.7500,670.1024
10.688110,152.1250,-629.2500,-173.3750,670.1914
10.712509,152.1250,-628.8125,-173.9375,669.9264
10.737899,153.1250,-628.5625,-173.3750,669.7738
10.763100,152.1250,-629.0625,-172.8750,669.8861
10.788238,151.8750,-629.2500,-172.7500,669.9732
10.812772,152.2500,-629.4375,-173.8125,670.5091
10.837615,152.1250,-629.3125,-173.6250,670.3148
10.863436,151.9375,-628.7500,-174.3125,669.9227
10.889084,151.9375,-629.1875,-174.0000,670.2521
10.912734,151.8750,-629.1250,-173.0625,669.9365
10.938086,152.7500,-630.0625,-172.6250,670.9029
10.963332,152.0000,-629.2500,-173.8125,670.2763
10.988019,152.6875,-629.0625,-173.1250,670.0786
11.012511,152.5625,-629.3125,-172.6875,670.1720
11.037973,152.1875,-629.2500,-173.4375,670.2217
11.063787,152.7500,-628.8750,-173.0625,669.9007
11.088022,152.5625,-629.5625,-172.6875,670.4068
11.112866,153.1250,-629.3750,-173.0625,670.4557
11.139024,152.6250,-629.1875,-173.6250,670.3111
11.164025,152.8125,-628.8750,-173.2500,669.9634
11.187891,152.5000,-629.1250,-172.8750,670.0301
11.212981,151.4375,-629.7500,-172.6875,670.3278
11.237754,153.6250,-629.0000,-173.3750,670.2988
11.263945,152.6875,-629.0000,-172.5000,669.8587
11.289076,152.4375,-629.5625,-173.2500,670.5234
11.313199,152.5625,-629.5625,-172.6875,670.4068
11.339417,152.0625,-628.8125,-173.7500,669.8636
11.364014,152.1875,-629.3125,-173.5625,670.3128
11.388236,152.5000,-629.6250,-173.1875,670.5802
11.413369,151.8750,-628.7500,-173.5000,669.6976
11.438715,152.4375,-628.9375,-172.8125,669.8237
11.462883,152.7500,-629.1250,-173.5000,670.2485
11.487883,153.2500,-628.8125,-173.0625,669.9562
11.513066,152.1875,-629.1875,-172.2500,669.8567
11.539284,152.2500,-629.1250,-173.1875,670.0539
11.563623,152.3750,-628.6875,-173.5000,669.7525
11.588795,152.3750,-629.3125,-172.8750,670.1777
11.613813,152.6875,-629.1875,-173.7500,670.3577
11.638128,152.5625,-629.1250,-171.6250,669.7229
11.663254,152.3125,-628.7500,-172.8125,669.6192
11.688650,152.6875,-629.3750,-173.1250,670.3720
11.713208,151.8750,-629.1250,-173.3750,670.0173
11.738483,153.2500,-629.0000,-173.3750,670.2130
11.764467,153.1250,-629.0625,-173.1875,670.1946
11.787933,152.8125,-629.1875,-173.8750,670.4186
11.813682,152.1250,-629.0625,-173.0625,669.9345
11.839426,152.1250,-629.5000,-172.8750,670.2970
11.863267,152.0625,-629.5000,-173.1250,670.3473
11.888475,153.0625,-629.0000,-172.5000,669.9443
11.913643,152.1250,-629.3125,-172.6250,670.0564
11.938654,152.3125,-629.1250,-172.8125,669.9713
11.963050,152.4375,-629.2500,-173.4375,670.2785
11.987795,152.5625,-629.0625,-172.8125,669.9695
12.013502,153.3125,-629.1875,-173.1250,670.3386
12.037691,152.0000,-629.0625,-172.8750,669.8577
12.064032,152.6250,-629.1250,-172.8750,670.0585
12.089765,152.5000,-629.0000,-173.5000,670.0742
12.113289,152.4375,-628.7500,-173.2500,669.7606
12.138072,152.8750,-628.6875,-174.1250,670.0285
12.162998,151.9375,-629.3750,-172.5000,670.0404
12.188676,153.0625,-629.3125,-173.1250,670.3988
12.212861,152.2500,-629.0625,-172.3125,669.7696
12.238153,152.3750,-629.5000,-173.3750,670.4829
12.264417,152.6250,-629.3125,-173.5000,670.3960
12.288744,152.6875,-629.8125,-173.5625,670.8958
12.313067,152.3125,-628.9375,-172.6875,669.7630
12.338170,151.2500,-629.1875,-172.4375,669.6926
12.364175,152.2500,-629.3750,-173.3750,670.3371
12.387805,152.6250,-629.3750,-172.3125,670.1484
12.413224,153.1250,-628.8125,-173.3750,670.0084
12.438311,152.0000,-628.5000,-172.3125,669.1845
12.463095,152.0000,-629.1250,-173.3750,670.0456
12.487932,152.6875,-629.5625,-173.4375,670.6288
12.514694,151.4375,-629.1250,-173.5625,669.9668
12.538520,152.0000,-628.9375,-173.1875,669.8211
12.563447,153.1875,-628.8750,-173.0000,669.9845
12.588512,152.1250,-629.0625,-173.3750,670.0153
12.615078,151.3125,-629.1250,-173.1250,669.8254
12.638108,152.5625,-629.1250,-172.6875,669.9959
12.663404,152.8750,-629.1250,-173.3750,670.2447
12.688719,152.6250,-628.9375,-173.3750,670.0117
12.713907,152.4375,-628.9375,-173.7500,670.0661
12.740013,152.9375,-629.8125,-172.3750,670.6466
12.763286,152.0000,-628.9375,-173.0625,669.7888
12.788021,152.8125,-629.1875,-173.7500,670.3862
12.813925,151.7500,-628.6250,-172.8750,669.3902
12.840336,153.1875,-629.6875,-173.2500,670.8117
12.863565,152.8750,-629.0000,-172.6250,669.9337
12.888702,152.8750,-629.1875,-172.4375,670.0615
12.915040,151.9375,-628.8750,-173.1250,669.7321
12.940527,151.5625,-629.3750,-173.4375,670.1975
12.964185,152.5000,-629.1250,-172.6250,669.9656
12.988740,152.2500,-629.0625,-173.3750,670.0437
13.015126,153.0625,-628.9375,-172.2500,669.8213
13.039283,153.1250,-628.8125,-172.8750,669.8792
13.063373,152.3125,-629.5625,-172.5000,670.3016
13.089218,151.7500,-629.2500,-173.8125,670.2197
13.114658,152.8125,-629.0000,-173.1250,670.0485
13.139177,152.5625,-628.8125,-172.6875,669.7025
13.163427,152.1250,-629.0625,-173.3750,670.0153
13.188798,152.1875,-628.6875,-172.2500,669.3871
13.214551,152.8125,-629.1875,-172.0625,669.9508
13.238184,152.6250,-628.7500,-172.8750,669.7064
13.263563,152.5000,-628.7500,-173.1875,669.7587
13.288979,151.9375,-628.6250,-174.0000,669.7241
13.314211,153.3750,-629.0000,-172.8750,670.1124
13.338272,152.7500,-629.5000,-173.8125,670.6814
13.364325,152.6250,-628.5000,-172.8750,669.4717
13.389892,152.2500,-628.8750,-173.3750,669.8677
13.414018,152.3750,-629.0000,-173.0625,669.9327
13.438647,153.3750,-629.0625,-173.9375,670.4460
13.465735,152.8125,-628.5625,-173.0000,669.6055
13.489246,152.1250,-629.4375,-172.8750,670.2383
13.513292,152.8750,-629.1250,-172.8750,670.1155
13.538568,153.2500,-628.8750,-173.1875,670.0472
13.563557,151.8750,-628.8125,-172.4375,669.4818
13.589561,151.8750,-628.8125,-173.5000,669.7562
13.613365,151.6875,-629.0000,-173.8750,669.9870
13.638530,152.4375,-628.8125,-172.6875,669.6740
13.664770,152.2500,-628.6875,-173.1875,669.6431
13.689166,151.8125,-629.1875,-172.0625,669.7234
13.713645,152.4375,-628.9375,-173.1250,669.9043
13.738235,152.7500,-629.5625,-172.6250,670.4334
13.763714,151.9375,-628.9375,-173.1250,669.7907
13.788720,152.5625,-628.7500,-173.5625,669.8700
13.814626,152.6875,-629.0625,-172.6875,669.9657
13.838480,151.8125,-628.5625,-173.1250,669.4103
13.863778,152.8750,-629.0000,-173.5000,670.1597
13.888945,152.2500,-628.3750,-172.7500,669.2367
13.914956,152.8125,-628.9375,-173.2500,670.0221
13.939371,152.2500,-629.2500,-173.6250,670.2845
13.964109,153.8125,-628.6250,-172.6875,669.8124
13.988631,152.5000,-629.0625,-172.8750,669.9714
14.013771,152.9375,-629.1250,-172.6875,670.0814
14.040249,152.9375,-628.8750,-173.1250,669.9596
14.063856,153.0625,-628.8125,-174.5000,670.2862
14.089209,152.8125,-628.7500,-173.7500,669.9756
14.113974,152.2500,-628.8125,-172.8750,669.6798
14.140270,152.3750,-628.6250,-173.1875,669.6129
14.164019,153.0625,-629.1250,-172.8125,670.1422
14.189092,153.0000,-628.8125,-173.0625,669.8991
14.215238,152.9375,-629.0000,-172.6875,669.9641
14.240324,153.2500,-629.2500,-172.8750,670.3185
14.264205,153.5625,-628.6875,-173.2500,669.9589
14.289009,151.8750,-628.8750,-173.5000,669.8149
14.313815,152.5000,-629.0625,-174.2500,670.3275
14.338991,152.3125,-628.6250,-172.6875,669.4695
14.364757,152.7500,-629.0000,-172.6250,669.9052
14.389307,152.9375,-629.0625,-173.4375,670.2164
14.413818,153.1875,-629.5000,-174.1875,670.8785
14.438951,152.4375,-628.6250,-173.2500,669.6433
14.464537,153.0000,-628.5625,-172.4375,669.5032
14.489523,152.5625,-629.0625,-173.1250,670.0502
14.513570,152.5625,-628.5625,-173.0000,669.5485
14.539150,153.0000,-629.0625,-172.3125,669.9405
14.563946,152.6875,-628.7500,-172.2500,669.5596
14.589868,152.0625,-628.9375,-173.1250,669.8191
14.613711,152.3125,-629.1250,-174.1875,670.3273
14.639018,152.6250,-628.8750,-173.6250,670.0178
14.664368,153.0000,-628.7500,-173.6250,669.9860
14.690321,151.9375,-629.1250,-173.2500,669.9991
14.714216,152.4375,-628.5625,-173.8750,669.7466
14.739071,152.1875,-628.6250,-173.1250,669.5541
14.763871,153.5000,-628.7500,-172.3125,669.7615
14.788766,153.1250,-628.7500,-173.6250,670.0145
14.814199,152.6875,-628.0625,-173.5625,669.2533
14.839280,152.0000,-628.6250,-172.1250,669.2536
14.865635,153.0000,-628.6250,-172.8750,669.6747
14.889208,152.6875,-628.9375,-173.8750,670.1555
14.914004,152.9375,-628.8750,-172.6875,669.8467
14.939359,153.3125,-628.9375,-173.7500,670.2657
14.965226,153.3125,-628.8125,-173.2500,670.0190
14.989140,153.3125,-628.8125,-173.2500,670.0190
15.014596,152.6875,-628.8125,-172.6875,669.7310
15.039256,152.7500,-628.4375,-173.3750,669.5709
15.063685,152.3125,-628.5000,-174.5000,669.8221
15.090993,153.2500,-629.0625,-172.0000,669.9173
15.114747,152.9375,-629.0625,-173.4375,670.2164
15.139444,152.4375,-628.9375,-172.6875,669.7914
15.163945,152.6875,-628.8125,-173.7500,670.0057
15.189141,152.5625,-628.9375,-171.8125,669.5948
15.214379,153.0625,-629.5000,-172.3750,670.3816
15.240027,153.1875,-629.0000,-173.2500,670.1664
15.263890,153.6250,-628.9375,-173.3750,670.2402
15.289183,153.3125,-628.7500,-173.1250,669.9280
15.314736,152.0625,-628.6875,-172.8125,669.5036
15.339846,152.5625,-628.5625,-173.2500,669.6131
15.364037,153.2500,-629.1250,-173.0625,670.2495
15.389297,153.2500,-629.0000,-172.7500,670.0516
15.414746,153.1875,-628.8750,-173.5625,670.1299
15.440332,153.3125,-628.8750,-172.2500,669.8198
15.464220,153.0000,-628.7500,-172.8750,669.7920
15.490799,152.1875,-629.1250,-173.1250,670.0236
15.514496,153.1875,-629.1250,-173.8750,670.4455
15.539273,153.3750,-628.5000,-173.0625,669.6915
15.564489,152.4375,-628.8750,-171.9375,669.5397
15.589977,153.3750,-628.9375,-173.9375,670.3287
15.614904,153.1250,-628.6250,-173.0625,669.7517
15.639144,152.6875,-628.5625,-173.1250,669.6093
15.664348,153.0000,-628.7500,-173.0625,669.8404
15.689463,153.8125,-629.0625,-173.2500,670.3682
15.715207,153.3750,-628.6250,-173.1875,669.8412
15.739149,153.1250,-628.3125,-173.3750,669.5392
15.764340,153.0625,-628.3750,-172.5000,669.3575
15.789283,152.6250,-628.8125,-172.3125,669.6202
15.815623,152.3750,-628.6250,-172.3125,669.3871
15.839432,153.0000,-628.8750,-172.4375,669.7966
15.864249,153.3125,-628.5000,-173.2500,669.7257
15.889800,152.6875,-628.8750,-173.4375,669.9834
15.915664,152.8125,-628.6875,-173.1250,669.7551
15.939227,153.0000,-628.2500,-173.5000,669.4844
15.964432,153.5625,-629.0000,-173.5625,670.3330
15.989386,152.2500,-629.1250,-171.8750,669.7159
16.015277,152.6250,-628.3125,-172.8750,669.2957
16.039224,152.4375,-628.2500,-173.4375,669.3398
16.064543,152.1875,-629.0625,-172.8125,669.8842
16.089763,153.3125,-629.1250,-173.1250,670.2800
16.115824,152.2500,-628.6250,-173.5000,669.6654
16.139619,153.0000,-628.5625,-171.8750,669.3585
16.164369,153.3750,-628.6875,-172.8750,669.8191
16.189990,153.1875,-628.8750,-173.4375,670.0976
16.215436,152.9375,-628.7500,-172.8125,669.7616
16.239800,153.5000,-628.5625,-173.5000,669.8920
16.264472,152.6250,-629.0000,-172.6250,669.8767
16.289684,152.4375,-628.8750,-173.4375,669.9265
16.315145,152.9375,-629.0000,-172.6875,669.9641
16.340123,153.1250,-629.1250,-172.7500,670.1404
16.364306,152.6250,-629.1250,-173.0625,670.1069
16.389508,152.2500,-629.1250,-172.4375,669.8604
16.414560,153.1250,-629.0000,-172.3125,669.9103
16.440445,153.1250,-628.6250,-173.0625,669.7517
16.464459,152.3750,-628.7500,-172.8750,669.6495
16.489778,153.0625,-628.6250,-172.5000,669.5922
16.515016,153.3750,-628.6875,-172.4375,669.7063
16.539394,153.1250,-628.8125,-173.1875,669.9600
16.564670,153.6875,-628.5625,-172.8125,669.7573
16.589846,153.1875,-628.5625,-173.2500,669.7558
16.616090,153.6250,-628.8750,-172.8750,670.0524
16.639735,152.5625,-628.8125,-172.2500,669.5898
16.664519,153.5000,-628.6250,-172.1250,669.5959
16.689937,153.4375,-628.7500,-172.2500,669.7311
16.715680,152.6250,-629.3125,-172.7500,670.2023
16.739903,153.0625,-628.7500,-173.1250,669.8709
16.764647,152.5000,-628.6250,-172.8750,669.5606
16.789893,153.3125,-629.0625,-173.2500,670.2536
16.815384,153.3750,-629.1250,-173.1875,670.3104
16.840237,152.8750,-628.7500,-173.1875,669.8442
16.864516,153.5000,-629.0625,-172.8750,670.1997
16.889688,153.3125,-629.1250,-173.1250,670.2800
16.915129,152.8750,-628.7500,-172.3125,669.6185
16.940625,152.1875,-628.6875,-173.7500,669.7746
16.964387,153.6875,-628.8750,-173.5625,670.2444
16.989814,153.3125,-629.6250,-172.6875,670.6365
17.014954,153.2500,-628.6875,-172.8750,669.7905
17.040608,152.9375,-629.1875,-171.6250,669.8671
17.064823,152.4375,-629.1875,-172.8125,670.0584
17.089751,153.0625,-629.0625,-173.4375,670.2450
17.115162,153.3125,-629.1875,-171.8125,670.0009
17.140849,153.3750,-628.8125,-172.3125,669.7915
17.165543,151.8750,-628.9375,-172.3125,669.5670
17.190365,152.8750,-628.6875,-171.8750,669.4473
17.215743,153.3750,-628.8125,-172.7500,669.9042
17.240689,152.8125,-629.0625,-173.1250,670.1071
17.264670,152.5625,-628.7500,-173.2500,669.7891
17.289905,153.6250,-628.7500,-173.3750,670.0642
17.315016,153.1875,-628.7500,-172.8125,669.8187
17.341039,153.4375,-628.6875,-172.8125,669.8173
17.364601,153.6250,-628.6875,-174.2500,670.2326
17.390011,154.3125,-629.6250,-173.5625,671.0916
17.415145,153.3125,-629.6875,-172.2500,670.5827
17.441495,152.4375,-628.5000,-174.0000,669.7204
17.465236,154.3125,-628.7500,-173.7500,670.3193
17.490476,152.4375,-628.6875,-172.2500,669.4440
17.515389,152.4375,-628.8125,-172.2500,669.5614
17.541123,153.9375,-628.4375,-172.3750,669.5846
17.565364,152.6250,-628.6875,-173.1875,669.7285
17.589959,152.3125,-628.9375,-173.2500,669.9082
17.615167,151.5625,-628.5625,-173.8750,669.5480
17.640604,153.3750,-628.6875,-171.4375,669.4495
17.665741,152.6250,-629.0000,-172.7500,669.9089
17.689842,153.7500,-629.1875,-172.3125,670.2295
17.715109,152.6875,-628.8125,-173.1250,669.8439
17.739885,152.8125,-628.8750,-172.6875,669.8182
17.765714,153.0000,-629.1250,-173.0625,670.1924
17.790241,153.0625,-629.3125,-172.0625,670.1253
17.815885,153.0000,-628.8750,-173.0625,669.9578
17.840830,153.2500,-628.7500,-172.4375,669.7364
17.864841,152.5000,-629.0000,-172.7500,669.8804
17.890150,152.8750,-629.1875,-173.1875,670.2549
17.915050,152.8750,-628.9375,-172.8750,669.9395
17.941206,152.9375,-629.1250,-172.8125,670.1137
17.964938,153.1875,-628.9375,-172.5000,669.9142
17.990270,153.1250,-629.1250,-173.1875,670.2533
18.015352,153.8125,-629.1250,-172.5000,670.2334
18.042539,153.0625,-629.1875,-172.2500,670.0560
18.067547,153.3125,-629.2500,-172.3750,670.2040
18.090644,151.8750,-629.1875,-172.8750,669.9468
18.116025,153.4375,-629.0000,-173.1250,670.1913
18.140565,153.2500,-628.7500,-173.0625,669.8976
18.164909,152.9375,-628.6875,-173.1250,669.7836
18.190258,153.6875,-629.1250,-172.3750,670.1726
18.215142,152.9375,-629.0625,-173.0000,670.1034
18.241215,152.8750,-628.8750,-172.0000,669.6555
18.265424,154.1250,-629.1250,-172.6250,670.3374
18.290318,153.5625,-629.0625,-171.6250,669.8927
18.315364,153.0000,-629.1875,-172.6250,670.1383
18.341845,153.5000,-629.5625,-173.8125,670.9113
18.365491,153.7500,-629.4375,-172.7500,670.5768
18.390154,152.8750,-629.0000,-173.3750,670.1273
18.415706,153.5625,-629.4375,-173.4375,670.7112
18.441395,153.5000,-629.5000,-173.0625,670.6587
18.465367,152.8750,-629.0625,-172.3125,669.9119
18.490794,153.7500,-629.0000,-173.3750,670.3275
18.516449,152.1875,-628.8750,-173.1250,669.7888
18.540854,152.9375,-628.6875,-172.6875,669.6707
18.565269,153.3125,-629.1250,-172.6875,670.1671
18.590381,153.1875,-628.8125,-172.3750,669.7647
18.616093,153.5000,-628.8125,-171.8750,669.7077
18.641900,153.0000,-628.6250,-172.8750,669.6747
18.665720,152.6250,-628.4375,-172.3125,669.2680
18.690657,153.6875,-629.4375,-172.6875,670.5463
18.716140,152.3125,-628.5625,-172.6875,669.4109
18.740920,153.4375,-628.7500,-173.7500,670.1184
18.765411,153.3125,-628.7500,-173.0000,669.8957
18.790441,152.9375,-629.1250,-172.2500,669.9688
18.815716,153.0000,-629.1250,-173.5000,670.3055
18.841705,153.4375,-629.3125,-172.3750,670.2913
18.866161,153.0000,-628.8125,-172.8750,669.8507
18.890157,153.5000,-629.3125,-172.4375,670.3217
18.915750,153.3750,-629.1250,-172.4375,670.1170
18.940402,153.3125,-628.7500,-172.0625,669.6542
18.965514,153.2500,-629.4375,-172.8750,670.4945
18.990674,153.1875,-629.0625,-173.2500,670.2250
19.016614,153.1875,-629.3750,-172.5000,670.3250
19.040856,154.2500,-629.4375,-172.1250,670.5309
19.066438,153.2500,-628.7500,-171.5625,669.5116
19.092027,153.4375,-629.0625,-172.2500,670.0244
19.115893,152.3750,-629.1250,-172.8750,670.0016
19.140537,153.3750,-628.6250,-173.6250,669.9544
19.166111,153.5625,-629.1875,-172.0625,670.1223
19.191945,153.0625,-629.0625,-171.9375,669.8584
19.215357,153.6250,-628.8750,-172.4375,669.9396
19.240539,153.9375,-628.9375,-172.5000,670.0861
19.265666,153.1250,-628.6875,-172.8750,669.7619
19.291696,153.2500,-629.5000,-172.3125,670.4084
19.316025,153.3125,-628.9375,-173.7500,670.2657
19.340517,153.7500,-628.9375,-172.4375,670.0270
19.366343,153.1875,-628.9375,-173.1250,670.0754
19.392407,153.0000,-628.8125,-172.1250,669.6575
19.416016,153.4375,-628.6250,-173.4375,669.9202
19.440674,153.4375,-628.8750,-172.2500,669.8484
19.465938,153.0000,-629.1250,-172.1250,669.9510
19.491839,154.0000,-628.8750,-173.1875,670.2191
19.516017,153.7500,-629.1250,-171.6875,670.0104
19.540491,154.0000,-629.0000,-172.8750,670.2557
19.565896,153.0625,-629.0625,-172.5000,670.0030
19.591555,153.0000,-629.1875,-172.1250,670.0096
19.616406,153.4375,-629.3125,-172.3750,670.2913
19.640452,154.8125,-628.9375,-172.5000,670.2877
19.665745,153.5000,-629.0000,-173.5000,670.3025
19.691451,153.0625,-629.5000,-173.0000,670.5426
19.716990,153.5000,-629.0000,-172.6250,670.0766
19.740579,153.8125,-629.3125,-172.3750,670.3772
19.765904,153.1875,-628.8750,-171.9375,669.7109
19.791187,153.5000,-629.2500,-172.8750,670.3757
19.815951,153.1875,-628.5000,-172.6875,669.5518
19.840993,152.6250,-629.1875,-170.9375,669.6200
19.866047,153.3750,-629.0000,-173.0625,670.1608
19.891943,153.1875,-629.0000,-173.5625,670.2472
19.916035,153.5000,-629.4375,-173.0625,670.6001
19.940754,154.1875,-628.6875,-173.4375,670.1510
19.965919,153.5000,-628.8750,-172.1250,669.8306
19.991647,153.0625,-628.9375,-172.6875,669.9339
20.016163,152.8125,-629.0000,-172.5000,669.8872
20.040735,153.3125,-629.2500,-173.0000,670.3650
20.065897,152.4375,-628.6250,-173.0000,669.5787
20.090877,153.0000,-629.3125,-173.1875,670.4007
20.118443,153.1875,-629.3125,-173.5625,670.5405
20.141153,153.3750,-628.6250,-173.1875,669.8412
20.165783,153.0000,-628.6250,-172.6250,669.6102
20.191145,153.6875,-629.3125,-171.9375,670.2362
20.217342,154.0000,-629.1875,-172.6250,670.3673
20.241137,154.1250,-629.0000,-172.7500,670.2522
20.265928,153.7500,-629.2500,-171.8750,670.1758
20.290736,153.3125,-629.2500,-173.2500,670.4296
20.317072,153.8750,-628.8750,-172.1250,669.9166
20.341130,153.6250,-628.5000,-172.8750,669.7004
20.365914,154.1875,-628.5625,-173.2500,669.9852
20.391037,152.7500,-629.0000,-172.7500,669.9374
20.416255,153.4375,-628.8750,-172.6875,669.9610
20.441573,153.3750,-628.8750,-172.8750,669.9951
20.465633,152.6250,-629.4375,-173.1875,670.4326
20.491216,152.9375,-629.2500,-172.8125,670.2310
20.515904,153.0625,-628.6250,-173.7500,669.9154
20.542125,152.4375,-628.9375,-172.2500,669.6788
20.566137,153.2500,-629.5000,-173.0625,670.6016
20.591047,153.9375,-629.2500,-173.5625,670.6536
20.616097,154.0000,-629.0000,-172.8750,670.2557
20.642361,153.2500,-628.6875,-172.4375,669.6777
20.666130,153.3750,-628.5000,-172.4375,669.5303
20.691607,152.6875,-629.0625,-173.0000,670.0463
20.716780,153.0000,-629.0000,-173.1875,670.1074
20.741886,153.5000,-628.2500,-173.0625,669.4856
20.766053,153.0625,-628.9375,-172.6875,669.9339
20.791379,153.0000,-628.9375,-172.4375,669.8553
20.817656,153.7500,-629.1875,-172.6250,670.3099
20.841332,154.4375,-628.4375,-172.6875,669.7803
20.866113,153.2500,-629.0000,-172.3125,669.9389
20.891273,153.1875,-629.1250,-172.5000,670.0902
20.916440,153.5000,-628.7500,-172.6250,669.8419
20.941115,154.1250,-628.6875,-172.8750,669.9912
20.966476,153.1875,-629.2500,-173.0000,670.3365
20.991825,152.8125,-628.8125,-172.5000,669.7112
21.016764,154.0625,-629.2500,-172.3750,670.3760
21.040942,153.3125,-628.4375,-172.8125,669.5540
21.066321,152.8125,-629.0000,-172.3750,669.8551
21.091203,154.1875,-628.9375,-173.0000,670.2725
21.117004,153.9375,-628.7500,-172.6875,669.9584
21.140993,153.5625,-629.0625,-172.0625,670.0049
21.166294,153.4375,-629.0000,-172.5000,670.0301
21.191470,152.7500,-629.4375,-172.7500,670.3482
21.217808,153.6250,-628.5625,-172.4375,669.6463
21.241399,153.8750,-629.3125,-173.1875,670.6010
21.266146,153.6250,-628.9375,-172.7500,670.0788
21.291757,153.0625,-629.3750,-173.1250,670.4575
21.317397,153.8125,-629.0000,-171.9375,669.9715
21.341586,153.4375,-629.4375,-173.0000,670.5696
21.366234,153.4375,-628.6250,-173.7500,670.0011
21.391433,153.8750,-628.8125,-172.1250,669.8580
21.416893,153.3750,-629.1250,-172.1250,670.0367
21.441887,153.7500,-628.7500,-172.3125,669.8188
21.466061,153.1250,-629.3125,-173.1875,670.4293
21.491356,153.4375,-629.2500,-173.7500,670.5876
21.516415,153.3750,-628.8750,-172.4375,669.8823
21.542195,153.3125,-628.2500,-172.6875,669.3458
21.566702,154.0625,-629.3125,-172.5000,670.4668
21.592792,153.8125,-628.5625,-172.2500,669.6411
21.616761,153.0000,-629.0625,-173.1875,670.1661
21.641359,153.6250,-629.1250,-172.4375,670.1743
21.666564,154.7500,-629.1875,-172.1250,670.4114
21.692208,153.6250,-629.0625,-172.3125,670.0835
21.717263,153.5625,-629.1875,-172.8125,670.3152
21.741209,153.9375,-629.0000,-172.5000,670.1448
21.766474,154.5625,-629.3125,-172.8125,670.6623
21.792802,152.6875,-628.9375,-172.5000,669.8000
21.816969,153.1875,-629.1875,-172.6875,670.1972
21.841447,153.4375,-628.8125,-172.8125,669.9346
21.867129,154.2500,-628.6250,-172.3125,669.8164
21.892441,153.1250,-628.8125,-172.8750,669.8792
21.916910,153.5000,-629.3125,-172.6250,670.3699
21.941424,153.3750,-628.5625,-173.1875,669.7825
21.966676,153.1875,-629.4375,-172.5000,670.3836
21.992278,153.9375,-629.2500,-173.0000,670.5083
22.017020,153.5625,-629.6250,-171.8125,670.4690
22.041357,153.6875,-628.6875,-172.3750,669.7619
22.066629,153.2500,-628.6875,-172.3125,669.6455
22.091986,154.1250,-629.2500,-171.6875,670.2139
22.117692,153.6875,-629.3750,-172.0625,670.3270
22.141792,153.1875,-629.0000,-173.1250,670.1341
22.166718,153.6875,-628.5625,-173.4375,669.9188
22.192120,153.1875,-629.0625,-172.8125,670.1121
22.217728,153.6875,-628.6250,-172.5000,669.7354
22.241968,154.0000,-628.7500,-172.6250,669.9567
22.266716,153.8750,-629.1875,-172.6250,670.3386
22.291896,153.7500,-629.1875,-173.1875,670.4550
22.317299,152.8125,-629.8125,-171.8125,670.4737
22.342129,154.2500,-628.3750,-173.0625,669.7752
22.366584,153.6250,-629.1250,-172.6250,670.2226
22.391706,153.5000,-628.5625,-171.8750,669.4730
22.417072,153.7500,-629.1875,-172.6250,670.3099
22.442477,153.5625,-628.5000,-173.5625,669.8639
22.466497,154.3750,-629.1875,-173.1875,670.5986
22.491858,153.5625,-628.8750,-172.8125,670.0219
22.517009,153.5000,-628.8125,-172.7500,669.9328
22.543010,153.6250,-629.0625,-173.0625,670.2767
22.566905,153.8750,-628.9375,-171.6875,669.8630
22.591691,153.1875,-628.8125,-172.5000,669.7969
22.617222,154.0000,-629.2500,-172.8750,670.4904
22.642903,154.0625,-628.6250,-171.9375,669.6769
22.666858,153.8125,-628.8750,-172.2500,669.9344
22.691818,153.9375,-629.3125,-172.8125,670.5186
22.717030,154.2500,-628.6875,-171.5625,669.6826
22.742985,153.9375,-629.1250,-172.3750,670.2299
22.767111,154.4375,-629.4375,-172.0625,670.5580
22.791682,153.6875,-629.1875,-172.6875,670.3117
22.816953,153.1875,-629.3125,-172.3750,670.2341
22.842381,153.6250,-629.1875,-172.6250,670.2812
22.867686,153.7500,-628.5000,-173.0625,669.7775
22.891696,154.1875,-628.8125,-171.3125,669.7215
22.917283,153.5625,-629.3750,-172.0625,670.2983
22.942532,153.8125,-628.8750,-173.1250,670.1599
22.966861,153.0625,-628.9375,-173.2500,670.0792
22.991944,154.5625,-628.9375,-172.2500,670.1657
23.017100,154.3750,-628.8125,-171.4375,669.7967
23.043124,153.5000,-628.8750,-172.6250,669.9593
23.067056,154.3125,-629.5000,-172.6875,670.7485
23.091967,153.6875,-629.1250,-172.8125,670.2852
23.117409,153.6875,-629.1875,-172.6875,670.3117
23.143195,153.6875,-628.7500,-172.0625,669.7402
23.167243,153.6875,-629.0625,-173.2500,670.3395
23.191958,153.9375,-629.1250,-171.8125,670.0855
23.217608,153.8750,-629.2500,-172.3125,670.3168
23.242738,153.3750,-629.1250,-172.8750,670.2298
23.267559,153.3125,-629.1875,-172.8125,670.2580
23.291825,153.9375,-629.0625,-172.6875,670.2517
23.316934,153.2500,-629.3125,-172.0000,670.1521
23.342332,154.1875,-629.1875,-172.6875,670.4265
23.367882,154.0000,-629.1875,-172.4375,670.3190
23.391817,153.3125,-629.0625,-172.6875,670.1084
23.417144,153.9375,-629.1250,-172.5000,670.2621
23.442310,154.0625,-629.4375,-173.4375,670.8259
23.468261,153.3750,-628.9375,-171.6875,669.7484
23.492193,152.9375,-628.8125,-172.5000,669.7397
23.517044,153.3125,-629.2500,-173.2500,670.4296
23.542671,153.7500,-629.0000,-172.3125,670.0535
23.568145,153.1875,-629.0000,-171.5000,669.7161
23.592499,154.3125,-629.1875,-173.1250,670.5681
23.617069,154.1875,-628.5000,-172.2500,669.6686
23.642345,154.1250,-628.9375,-172.3125,670.0810
23.668590,153.2500,-628.8750,-172.6250,669.9020
23.692598,153.5625,-629.5000,-172.3750,670.4960
23.717187,153.1250,-629.1250,-172.1250,669.9795
23.742150,153.1875,-628.7500,-171.8125,669.5614
23.768265,153.7500,-628.6250,-172.7500,669.8142
23.792320,153.3125,-629.3750,-172.8125,670.4340
23.817191,154.4375,-629.2500,-172.6875,670.5427
23.842598,153.4375,-629.2500,-172.5000,670.2648
23.868480,153.6250,-628.6875,-172.6250,669.8119
23.892525,153.4375,-629.3125,-172.2500,670.2592
23.917239,153.5000,-628.6250,-172.1250,669.5959
23.942273,153.1875,-628.6875,-171.6250,669.4546
23.967979,154.0625,-628.6875,-172.5000,669.8802
23.992522,153.5625,-629.5000,-172.8125,670.6086
24.017014,153.4375,-628.5625,-173.7500,669.9425
24.042242,153.0000,-628.6250,-173.0625,669.7231
24.067295,154.3125,-629.1875,-172.3750,670.3748
24.093068,154.5000,-628.8125,-173.0625,670.2433
24.117793,153.6875,-629.5000,-172.5000,670.5567
24.142835,153.0000,-629.1875,-172.7500,670.1705
24.167444,153.6875,-629.3125,-173.1250,670.5418
24.192281,153.5625,-629.0625,-172.8125,670.1979
24.217487,154.0000,-629.3750,-172.8750,670.6077
24.242996,153.6875,-628.7500,-172.2500,669.7884
24.267946,154.4375,-628.6875,-173.1250,670.1277
24.292170,153.5625,-629.0000,-172.6875,670.1070
24.318920,153.4375,-629.0625,-171.9375,669.9442
24.342360,153.4375,-629.1875,-172.0625,670.0936
24.367066,153.6250,-629.0625,-172.0000,670.0032
24.392292,152.7500,-628.8750,-172.8750,669.8523
24.417748,153.6250,-629.0000,-172.8750,670.1697
24.443029,153.5000,-628.8125,-172.1250,669.7719
24.467408,153.1875,-628.9375,-172.8125,669.9947
24.492395,154.1875,-629.5000,-173.0000,670.8003
24.517649,153.5000,-628.9375,-173.1875,670.1631
24.543478,153.6250,-628.8125,-173.0625,670.0421
24.567615,153.8125,-628.7500,-173.5625,670.1558
24.592463,153.7500,-629.1250,-172.4375,670.2030
24.619209,153.8125,-629.3125,-172.3750,670.3772
24.643210,154.1875,-628.8125,-172.5000,670.0263
24.667194,154.8750,-628.9375,-173.0625,670.4471
24.692400,153.1250,-628.7500,-172.4375,669.7078
24.717426,154.1250,-629.0625,-172.1250,670.1501
24.743341,153.0625,-628.5625,-172.5000,669.5336
24.767515,154.0000,-628.6875,-172.4375,669.8497
24.792524,153.9375,-628.6875,-173.2500,670.0450
24.817859,154.0000,-628.3750,-173.1875,669.7500
24.843534,154.0625,-628.8125,-171.9375,669.8529
24.867799,153.2500,-628.7500,-172.6250,669.7847
24.892431,153.5000,-629.0625,-172.3125,670.0548
24.917601,154.1875,-628.6875,-171.8125,669.7323
24.943144,153.8125,-628.8750,-172.2500,669.9344
24.967327,154.0000,-629.3125,-173.1875,670.6297
24.993053,153.6875,-629.0000,-171.9375,669.9428
25.018837,154.0000,-629.0625,-172.4375,670.2017
25.042795,154.3750,-628.8125,-173.3750,670.2952
25.067563,153.3750,-629.0000,-171.5625,669.7750
25.092768,153.8125,-628.8125,-172.3750,669.9079
25.118274,154.2500,-629.1875,-172.6250,670.4248
25.142918,153.9375,-629.3750,-173.0000,670.6256
25.167503,154.3750,-628.6250,-171.5625,669.6527
25.192788,154.0625,-629.1250,-171.6250,670.0662
25.218013,153.7500,-628.5625,-171.8750,669.5304
25.243474,154.5625,-628.8125,-173.0000,670.2415
25.267345,154.0625,-628.8750,-172.0625,669.9437
25.292728,153.8125,-629.0000,-172.6875,670.1644
25.318922,153.2500,-628.7500,-172.0000,669.6239
25.344035,154.2500,-629.0000,-173.0625,670.3616
25.367682,154.0000,-628.5625,-172.6250,669.7807
25.392639,154.4375,-629.5625,-171.6250,670.5632
25.418299,154.5625,-629.0000,-171.8125,670.1120
25.443408,154.3750,-628.7500,-173.0625,670.1558
25.467251,154.2500,-629.1875,-173.6250,670.6829
25.492973,154.3750,-629.0625,-172.1250,670.2076
25.517696,154.5625,-629.1875,-171.9375,670.3201
25.543763,153.4375,-628.8750,-173.2500,670.1063
25.567827,153.6250,-629.1875,-172.7500,670.3134
25.592719,154.4375,-628.5000,-173.4375,670.0327
25.618794,153.6875,-629.0000,-172.5000,670.0874
25.643078,153.8750,-628.6250,-172.1250,669.6820
25.668287,153.0625,-628.7500,-172.2500,669.6452
25.692549,154.5625,-628.8750,-173.0000,670.3002
25.717842,153.1875,-628.7500,-173.2500,669.9317
25.742935,154.1250,-628.8125,-172.8750,670.1085
25.768761,154.8125,-628.5625,-173.0000,670.0647
25.792945,154.0625,-628.7500,-172.8125,670.0194
25.817630,153.6875,-628.3750,-172.3750,669.4685
25.842947,153.8750,-628.5000,-172.4375,669.6450
25.869303,154.6875,-629.1250,-172.6875,670.4830
25.893052,153.7500,-629.0000,-172.4375,670.0856
25.917740,153.8125,-629.0000,-172.6875,670.1644
25.942994,153.8750,-628.7500,-172.6250,669.9280
25.968501,154.5625,-629.3125,-172.8125,670.6623
25.993225,153.5625,-629.0625,-172.5000,670.1174
26.017606,154.4375,-629.2500,-172.3750,670.4623
26.042866,154.1875,-628.3750,-172.6875,669.6640
26.068344,153.2500,-628.9375,-172.7500,669.9929
26.094263,154.8750,-628.6875,-171.8750,669.9069
26.118121,153.9375,-628.4375,-171.1875,669.2799
26.143647,154.5625,-628.4375,-172.0625,669.6482
26.169093,154.1250,-628.0000,-172.7500,669.3139
26.193023,154.2500,-628.6875,-172.4375,669.9073
26.217773,154.1250,-628.6875,-171.2500,669.5738
26.243256,154.3750,-628.9375,-172.0000,670.0582
26.269319,154.1250,-629.2500,-172.4375,670.4064
26.293104,154.5000,-628.5000,-172.1250,669.7085
26.317981,153.5625,-628.8125,-172.2500,669.8184
26.343204,154.3125,-628.1250,-172.3750,669.3777
26.368577,154.1875,-628.5000,-173.0000,669.8620
26.393499,154.8750,-628.9375,-172.1250,670.2057
26.417743,154.1875,-628.5625,-173.7500,670.1147
26.442932,153.9375,-628.7500,-171.5000,669.6533
26.469903,154.3750,-628.5625,-172.8750,669.9315
26.493001,154.3125,-629.1875,-172.5000,670.4070
26.518315,154.7500,-628.7500,-172.1250,670.0009
26.542827,153.7500,-629.0000,-173.5000,670.3598
26.568170,152.9375,-628.9375,-171.0625,669.4883
26.593376,154.0625,-628.6250,-172.6875,669.8699
26.618262,153.5625,-629.5000,-172.6875,670.5764
26.643092,154.8750,-629.1875,-172.1250,670.4403
26.667974,154.5625,-628.8750,-172.5000,670.1713
26.694164,154.8750,-629.3125,-172.0000,670.5255
26.718682,154.0625,-629.5625,-173.0000,670.8302
26.743049,154.0000,-628.3125,-172.1250,669.4174
26.768441,153.7500,-628.6250,-171.8750,669.5890
26.793816,154.3125,-629.0000,-172.3750,670.1988
26.818569,154.0625,-628.7500,-172.8125,670.0194
26.842902,154.5625,-628.8750,-173.4375,670.4132
26.868117,153.9375,-629.0625,-173.1250,670.3646
26.893689,154.1250,-628.4375,-171.5625,669.4191
26.918832,153.8750,-628.6250,-172.6250,669.8106
26.943030,153.6875,-628.8125,-172.2500,669.8470
26.969108,154.0000,-628.8750,-173.3750,670.2676
26.993643,153.7500,-628.7500,-172.1250,669.7706
27.017880,154.0625,-628.8750,-171.5000,669.7994
27.043170,153.6875,-628.4375,-172.6875,669.6077
27.068490,153.4375,-628.3750,-172.8125,669.5240
27.093563,154.5625,-628.8750,-171.9375,670.0267
27.118138,154.3750,-628.8125,-172.7500,670.1338
27.143445,154.5625,-628.5625,-173.0000,670.0070
27.168669,153.8750,-628.8125,-172.0000,669.8259
27.194079,153.3125,-628.8125,-173.0000,669.9544
27.218041,154.1250,-628.6250,-171.6875,669.6271
27.243815,153.8125,-629.0000,-171.5000,669.8593
27.268760,154.3750,-628.8750,-171.8750,669.9675
27.293410,154.8750,-629.4375,-172.6250,670.8034
27.318146,154.0625,-628.9375,-172.5000,670.1148
27.343733,153.8750,-628.4375,-172.6250,669.6347
27.368546,154.6875,-629.1250,-172.0625,670.3223
27.393108,154.8125,-628.6250,-172.6875,670.0427
27.418226,154.9375,-629.1250,-172.8125,670.5729
27.443575,154.3750,-628.6250,-172.4375,669.8774
27.468790,154.1875,-629.1875,-172.3750,670.3461
27.493386,154.6250,-629.3750,-173.5000,670.9128
27.518261,154.2500,-628.8750,-172.6250,670.1315
27.544753,154.0625,-629.0625,-171.9375,670.0876
27.568612,154.1250,-628.5000,-172.3125,669.6703
27.593191,154.0625,-628.9375,-172.3750,670.0827
27.618485,154.1875,-629.1875,-172.6875,670.4265
27.643585,154.1250,-628.6875,-172.1250,669.7981
27.668617,153.9375,-629.0625,-172.5000,670.2034
27.693702,153.6250,-628.9375,-171.2500,669.6936
27.721307,154.5000,-628.9375,-172.4375,670.1995
27.743240,154.3750,-628.9375,-172.6250,670.2189
27.768655,154.0625,-628.6875,-172.2500,669.8159
27.793824,154.2500,-628.9375,-173.5000,670.4161
27.819084,154.0625,-629.4375,-172.3750,670.5520
27.843237,154.4375,-628.4375,-173.0000,669.8609
27.868933,154.2500,-628.2500,-173.3750,669.7388
27.894034,153.8750,-628.8125,-172.4375,669.9383
27.919411,155.1875,-629.1875,-172.5000,670.6089
27.943175,154.4375,-628.6250,-172.5000,669.9079
27.968733,154.0000,-628.8750,-171.6875,669.8331
27.993466,154.4375,-628.3750,-172.0625,669.5607
28.019555,154.9375,-628.6875,-171.6250,669.8573
28.043576,154.0000,-628.9375,-172.1250,670.0040
28.068458,154.0625,-629.1250,-172.2500,670.2265
28.093644,154.4375,-629.1875,-172.5000,670.4358
28.120024,153.7500,-628.1875,-170.8125,668.9062
28.143788,154.1875,-628.9375,-171.8125,669.9669
28.168643,154.4375,-628.3750,-172.0625,669.5607
28.193903,153.8125,-629.1875,-173.0000,670.4209
28.219247,154.1250,-628.8125,-172.8750,670.1085
28.244422,154.6250,-628.5625,-172.1250,669.7960
28.268751,154.1875,-628.9375,-171.9375,669.9990
28.293833,154.8750,-628.4375,-172.7500,669.8974
28.319803,154.5000,-628.2500,-172.6250,669.6026
28.343699,154.6250,-628.8125,-172.4375,670.1110
28.368469,154.9375,-628.9375,-173.1250,670.4776
28.394054,154.1875,-628.7500,-172.0625,669.8551
28.419740,154.5625,-628.7500,-172.2500,669.9897
28.443897,155.1250,-628.6250,-172.8750,670.1634
28.468595,154.5625,-628.6875,-172.3750,669.9632
28.493996,153.2500,-629.1250,-172.7500,670.1689
28.519330,154.3125,-629.0625,-173.1250,670.4508
28.544329,153.5625,-628.5625,-172.8125,669.7286
28.568457,154.4375,-628.5625,-172.5000,669.8492
28.594546,155.0000,-628.9375,-171.5625,670.0903
28.621543,154.5000,-628.3750,-171.8750,669.5270
28.646607,154.0625,-628.5000,-172.6875,669.7525
28.671117,154.5000,-628.7500,-172.6250,670.0718
28.695923,154.0000,-629.3750,-171.8750,670.3506
28.721525,154.3750,-628.5000,-171.4375,669.5033
28.745955,155.1250,-628.7500,-172.8750,670.2806
28.770675,154.1875,-629.3125,-173.2500,670.6889
28.795813,154.7500,-628.6250,-172.1250,669.8835
28.820748,153.8750,-628.5000,-172.3125,669.6128
28.845498,154.0625,-628.7500,-172.5000,669.9389
28.870712,153.5000,-628.4375,-172.4375,669.5003
28.896136,153.7500,-628.8750,-171.6875,669.7757
28.921253,154.1250,-629.1875,-172.1250,670.2674
28.945935,154.3750,-628.3125,-172.8750,669.6969
28.970987,154.2500,-628.2500,-172.0000,669.3841
28.995921,153.9375,-629.0000,-172.3750,670.1126
29.022343,154.3125,-628.8750,-171.3125,669.8090
29.045752,153.9375,-628.6250,-172.0625,669.6803
29.070416,154.5625,-629.0000,-172.6875,670.3369
29.095989,154.6875,-628.6875,-173.0000,670.1531
29.121007,154.6250,-628.5000,-171.6875,669.6251
29.148207,154.5625,-628.3125,-172.2500,669.5791
29.170957,154.9375,-628.5625,-172.2500,669.9004
29.195710,154.3125,-628.8750,-172.5000,670.1137
29.221326,154.4375,-628.3125,-172.2500,669.5503
29.247787,154.0625,-628.3750,-172.6875,669.6352
29.270839,153.9375,-628.6875,-172.3750,669.8193
29.296010,154.9375,-628.8750,-172.5000,670.2579
29.322246,154.3125,-628.8750,-173.0000,670.2426
29.346521,154.7500,-628.1875,-172.0000,669.4409
29.370684,154.7500,-628.6875,-172.4375,670.0226
29.396211,154.6250,-628.6250,-172.4375,669.9351
29.422098,153.5625,-628.5625,-171.1875,669.3112
29.446818,154.6875,-629.2500,-171.8125,670.3755
29.471029,153.6250,-629.0000,-172.7500,670.1375
29.496675,154.3125,-628.6250,-172.5000,669.8791
29.521807,153.1250,-628.7500,-173.1875,669.9013
29.546310,153.7500,-628.3125,-172.7500,669.5209
29.570766,153.9375,-629.2500,-172.3750,670.3473
29.596006,154.4375,-629.1250,-171.6250,670.1525
29.621759,154.9375,-628.6250,-173.0000,670.1522
29.645853,155.3750,-628.5000,-172.6250,670.0396
29.671047,154.4375,-628.9375,-172.6875,670.2494
29.696203,154.2500,-628.8750,-171.6875,669.8906
29.722480,154.6875,-628.4375,-171.9375,669.6450
29.746213,154.4375,-628.7500,-172.2500,669.9609
29.770965,155.1250,-629.1875,-171.8750,670.4340
29.797462,153.1875,-629.5625,-171.6250,670.2764
29.822515,154.6250,-628.8125,-172.7500,670.1915
29.845787,153.8750,-628.9375,-172.4375,670.0557
29.871500,154.7500,-627.7500,-172.4375,669.1430
29.896309,154.3750,-629.0000,-173.3750,670.4711
29.922499,154.6250,-628.1250,-172.1250,669.3855
29.946299,154.7500,-628.3750,-171.6875,669.5366
29.971227,154.4375,-628.6250,-171.6250,669.6831
29.996043,154.7500,-629.3750,-172.7500,670.7481
30.021331,153.8125,-628.8750,-171.1875,669.6620
30.046046,154.3125,-628.9375,-172.8125,670.2529
30.071396,154.8125,-628.8125,-171.6250,669.9457
30.097925,153.9375,-628.9375,-172.3750,670.0539
30.121664,155.0625,-628.6250,-172.5000,670.0523
30.146237,153.5625,-629.1875,-173.0000,670.3636
30.171849,154.5000,-628.5625,-172.3125,669.8154
30.197536,154.3125,-628.4375,-173.0000,669.8321
30.221520,154.1250,-628.6875,-171.2500,669.5738
30.247131,154.7500,-628.5625,-172.1250,669.8249
30.272695,154.3125,-628.6875,-172.6875,669.9860
30.296830,154.4375,-628.5625,-173.0000,669.9782
30.321358,153.8125,-628.3125,-172.3750,669.4386
30.346553,153.6250,-629.2500,-172.1250,670.2113
30.372305,153.6250,-628.9375,-171.8750,669.8537
30.397630,154.4375,-628.8750,-172.0625,670.0300
30.422540,153.4375,-629.5625,-172.3750,670.5260
30.447104,154.3750,-628.5000,-171.6875,669.5674
30.471877,153.8750,-628.8750,-172.1250,669.9166
30.496369,154.3750,-628.7500,-172.6250,670.0430
30.521653,153.6875,-628.9375,-172.5000,670.0287
30.546512,154.3750,-629.3125,-171.4375,670.2661
30.572936,155.2500,-627.8750,-171.8750,669.2313
30.596936,154.7500,-628.7500,-172.4375,670.0812
30.621536,155.5625,-628.8125,-172.5000,670.3440
30.647173,154.3750,-628.3125,-172.7500,669.6647
30.671489,154.3750,-628.8750,-173.1875,670.3054
30.696792,154.5000,-628.9375,-172.6250,670.2477
30.723810,154.5000,-628.3750,-172.1250,669.5912
30.747995,154.5000,-628.9375,-172.7500,670.2799
30.771788,155.4375,-628.8125,-172.2500,670.2507
30.796537,154.7500,-628.5000,-171.5625,669.6219
30.821391,154.9375,-629.1875,-173.0000,670.6799
30.847907,154.3125,-629.0625,-172.0625,670.1772
30.871591,155.3125,-628.1250,-170.8750,669.2244
30.896864,155.0625,-629.0625,-172.0625,670.3503
30.922808,155.3750,-628.5000,-172.1250,669.9109
30.947302,155.0625,-628.6875,-172.5000,670.1109
30.972513,154.9375,-628.5000,-171.9375,669.7614
30.997709,154.1875,-629.2500,-172.2500,670.3726
31.021962,155.6250,-628.4375,-172.1250,669.9103
31.046411,155.0000,-628.5625,-172.1250,669.8827
31.071709,154.3750,-628.3750,-172.1250,669.5624
31.097146,154.3750,-628.9375,-172.1250,670.0903
31.122451,154.3125,-628.5625,-172.2500,669.7561
31.146366,154.3750,-628.4375,-172.0000,669.5889
31.171728,153.8125,-628.3750,-172.2500,669.4651
31.196668,155.5625,-628.6250,-171.6250,669.9434
31.223010,154.6250,-628.0000,-172.3125,669.3164
31.246784,154.6875,-628.6875,-173.5625,670.2985
31.272377,155.1250,-628.4375,-173.0625,670.0359
31.298748,155.2500,-628.7500,-172.3125,670.1647
31.321942,155.0625,-628.5000,-172.0625,669.8225
31.346662,154.9375,-628.2500,-171.6250,669.4467
31.371853,155.0625,-628.8125,-172.0625,670.1157
31.398267,154.7500,-628.5625,-171.2500,669.6006
31.422682,154.9375,-628.3750,-172.0625,669.6762
31.446763,154.9375,-628.5625,-173.1250,670.1259
31.472213,154.6875,-628.7500,-173.0000,670.2117
31.496447,154.5000,-629.0625,-172.7500,670.3972
31.522009,154.0625,-629.1250,-172.5000,670.2908
31.546906,154.3125,-628.2500,-172.3750,669.4950
31.573337,154.4375,-628.6875,-173.2500,670.1600
31.597213,154.2500,-628.6875,-172.7500,669.9878
31.622493,154.6875,-628.6250,-171.1875,669.6288
31.648906,154.9375,-628.5625,-171.5000,669.7079
31.672497,153.9375,-628.3125,-172.0625,669.3869
31.696806,155.0000,-629.0000,-172.4375,670.3735
31.722124,154.5000,-628.9375,-172.1250,670.1191
31.747182,154.1875,-628.3750,-173.8750,669.9712
31.771714,155.1250,-629.0000,-172.6250,670.4507
31.796957,155.0000,-629.0000,-172.1250,670.2932
31.822524,154.3125,-629.1875,-172.3750,670.3748
31.848364,154.9375,-628.6875,-172.5000,670.0820
31.871796,154.4375,-628.6875,-172.8125,670.0471
31.897198,154.5625,-628.7500,-171.3125,669.7493
31.922033,154.4375,-628.4375,-170.8750,669.3152
31.947816,154.6875,-628.3125,-172.5000,669.6724
31.972026,154.3750,-628.6875,-171.5625,669.7114
31.998286,154.6250,-628.9375,-172.4375,670.2283
32.023469,154.1875,-628.7500,-172.6875,670.0159
32.046722,154.2500,-628.1875,-172.8750,669.5509
32.071947,154.0000,-627.8750,-172.8750,669.2001
32.097190,154.1875,-628.8750,-173.4375,670.3269
32.124014,155.1250,-628.3125,-173.0625,669.9186
32.146981,155.0000,-628.6250,-171.8750,669.8772
32.172191,154.9375,-628.3750,-172.2500,669.7244
32.197234,154.3750,-628.6875,-172.4375,669.9360
32.223381,155.1250,-628.3125,-172.1250,669.6771
32.247782,154.8750,-628.8750,-171.2500,669.9228
32.272240,155.5625,-628.7500,-171.9375,670.1408
32.297634,154.9375,-629.0625,-171.0625,670.0654
32.321859,154.4375,-628.7500,-171.8125,669.8485
32.347209,155.1250,-628.8750,-172.1250,670.2049
32.372538,154.7500,-628.5000,-172.4375,669.8466
32.399193,154.3750,-629.0000,-172.0000,670.1169
32.422393,154.8750,-628.6875,-172.7500,670.1319
32.447173,154.9375,-628.2500,-171.3125,669.3666
32.472896,154.2500,-628.2500,-173.3750,669.7388
32.499551,154.5625,-628.8125,-171.6250,669.8880
32.521951,154.4375,-629.1250,-172.5000,670.3771
32.547420,154.3750,-628.8750,-171.8750,669.9675
32.572372,154.2500,-628.5000,-170.9375,669.3467
32.597864,155.1250,-628.8125,-173.1875,670.4199
32.622542,154.0625,-628.9375,-172.2500,670.0505
32.647487,154.3125,-628.3750,-172.5000,669.6445
32.672584,155.2500,-628.8125,-172.6250,670.3037
32.698663,154.6875,-628.6875,-171.6250,669.7995
32.722146,154.6875,-628.3125,-172.6875,669.7207
32.747365,154.3125,-628.6250,-171.8125,669.7024
32.773507,154.6250,-628.9375,-171.6875,670.0357
32.799460,155.6250,-628.9375,-173.0625,670.6207
32.822801,155.0625,-628.3125,-171.9375,669.6144
32.847318,154.6250,-628.6250,-172.4375,669.9351
32.873175,154.8125,-628.5625,-172.0625,669.8233
32.897400,154.9375,-628.6875,-172.8125,670.1625
32.922587,153.8750,-628.4375,-171.8750,669.4417
32.947718,154.6250,-629.1250,-172.4375,670.4042
32.973974,155.1250,-628.4375,-172.1250,669.7944
32.997425,155.2500,-628.6875,-172.7500,670.2187
33.022549,154.6875,-628.3750,-171.6250,669.5062
33.048682,155.1875,-628.0625,-171.9375,669.4088
33.072790,155.0000,-629.0625,-172.4375,670.4322
33.097418,154.9375,-628.9375,-172.8125,670.3970
33.123657,154.6250,-628.5000,-172.3125,669.7856
33.147844,154.1875,-629.0625,-172.6875,670.3092
33.172272,155.1250,-628.6875,-172.3125,670.0771
33.197785,154.5625,-628.5000,-171.9375,669.6748
33.224673,154.6250,-628.5000,-172.1250,669.7374
33.249023,154.8125,-628.3125,-172.0625,669.5887
33.274375,154.3750,-628.6875,-172.8750,670.0488
33.299475,155.1250,-628.5000,-172.0000,669.8209
33.325898,154.3750,-628.6875,-171.8750,669.7915
33.349614,154.2500,-628.7500,-172.4375,669.9659
33.374102,154.4375,-629.0000,-173.2500,670.4532
33.400178,155.5000,-629.1250,-172.6250,670.6548
33.424350,154.5625,-628.5000,-173.1250,669.9807
33.448998,155.0625,-628.0000,-173.4375,669.7081
33.474309,153.9375,-627.9375,-172.0625,669.0349
33.500667,154.4375,-629.1875,-171.6250,670.2112
33.524894,154.5625,-628.4375,-172.0625,669.6482
33.549699,154.3750,-628.2500,-172.3125,669.4933
33.574172,154.8750,-628.3125,-172.1250,669.6192
33.600163,155.2500,-628.6875,-172.8750,670.2509
33.623866,154.3750,-628.7500,-171.6875,669.8021
33.649166,155.4375,-628.5625,-173.1250,670.2417
33.674534,153.6250,-628.7500,-172.0000,669.7098
33.700507,154.6875,-628.6875,-173.1250,670.1854
33.724396,154.8125,-628.3125,-172.8125,669.7818
33.749183,155.2500,-628.5000,-171.6875,669.7697
33.774212,155.1875,-628.8750,-172.5000,670.3157
33.800393,154.6875,-628.5000,-172.5000,669.8483
33.824531,154.8750,-628.6875,-172.3125,670.0193
33.849426,155.1250,-628.1250,-172.3125,669.5494
33.874450,154.9375,-628.8125,-172.3750,670.1671
33.900119,154.5000,-629.0625,-172.6250,670.3650
33.925268,154.5000,-628.9375,-172.1250,670.1191
33.949081,154.1875,-628.0000,-173.0000,669.3928
33.976214,154.5625,-628.5000,-171.6250,669.5946
33.999853,155.1250,-628.3750,-172.3125,669.7839
34.025138,155.0000,-629.4375,-172.6250,670.8323
34.049525,154.4375,-628.3750,-172.5000,669.6733
34.074430,154.3750,-628.9375,-172.1250,670.0903
34.099582,154.0000,-629.1250,-172.6250,670.3086
34.125659,154.8125,-628.0625,-172.5000,669.4667
34.149709,155.5625,-628.5625,-172.0625,669.9970
34.174337,154.8125,-629.0625,-171.5000,670.1483
34.199500,155.4375,-628.8125,-172.0625,670.2026
34.225022,154.8125,-628.5000,-172.0625,669.7646
34.250690,154.7500,-628.6250,-172.6250,670.0122
34.274368,154.4375,-628.6250,-173.0000,670.0368
34.301932,154.7500,-628.7500,-172.6250,670.1295
34.325448,154.7500,-629.2500,-172.6250,670.5986
34.349437,154.5625,-628.8750,-173.1250,670.3325
34.375536,155.4375,-629.0625,-172.3750,670.5174
34.399862,154.1250,-628.5625,-171.4375,669.5044
34.424576,154.6250,-629.2500,-172.1250,670.4412
34.450394,155.2500,-628.5625,-172.6250,670.0692
34.476426,154.5000,-628.8125,-172.3125,670.0500
34.499201,155.0000,-629.0000,-173.3750,670.6153
34.524465,154.5625,-628.3125,-172.6875,669.6918
34.549508,155.0000,-628.6875,-172.3125,670.0482
34.575938,155.2500,-628.8125,-172.6250,670.3037
34.599520,155.3125,-629.0000,-171.8125,670.2854
34.624526,154.6875,-628.5000,-172.0625,669.7358
34.650061,154.7500,-628.5625,-172.7500,669.9858
34.674180,154.8125,-629.1875,-172.0625,670.4098
34.699819,154.3750,-629.2500,-172.8750,670.5766
34.726142,154.2500,-628.9375,-172.1250,670.0615
34.749892,154.5625,-628.3125,-172.6875,669.6918
34.774531,154.9375,-629.3125,-172.0625,670.5560
34.801046,154.5000,-629.1250,-172.1250,670.2951
34.825355,154.7500,-628.5625,-172.1250,669.8249
34.849555,154.5625,-628.3125,-172.2500,669.5791
34.874595,154.2500,-628.4375,-173.1875,669.8662
34.899681,154.1250,-628.9375,-171.6875,669.9205
34.925280,155.6875,-628.4375,-171.9375,669.8767
34.949607,154.5625,-628.4375,-172.3750,669.7286
34.974675,155.1250,-628.6250,-172.1250,669.9703
35.000950,154.5625,-629.1250,-172.6875,670.4542
35.025239,155.1875,-628.7500,-172.5000,670.1985
35.050242,154.5625,-628.7500,-171.6250,669.8293
35.075056,154.4375,-628.3750,-172.0625,669.5607
35.102080,154.3125,-628.5625,-172.3750,669.7883
35.125443,154.8750,-628.3750,-172.0000,669.6457
35.150128,154.7500,-628.4375,-173.0625,669.9492
35.174748,154.4375,-628.9375,-172.0625,670.0887
35.201016,154.9375,-629.1875,-173.4375,670.7929
35.224880,154.5000,-628.5000,-171.8750,669.6443
35.249992,154.1250,-628.3750,-172.0000,669.4727
35.275627,154.2500,-628.6875,-172.0000,669.7948
35.301138,155.5625,-628.9375,-172.6875,670.5095
35.324856,155.3750,-628.3125,-173.3750,670.0574
35.349714,154.4375,-628.3125,-173.0000,669.7436
35.375177,154.3125,-628.6250,-173.0000,670.0080
35.400810,155.1875,-628.7500,-173.2500,670.3919
35.425117,155.3125,-627.9375,-171.8125,669.2884
35.449762,155.3125,-628.5000,-172.6875,670.0412
35.474827,154.3750,-628.7500,-172.8750,670.1074
35.499959,154.7500,-628.6875,-172.0000,669.9101
35.524641,154.6250,-628.6875,-172.7500,670.0742
35.549913,155.1250,-628.8125,-173.0625,670.3876
35.575120,155.0625,-629.0625,-172.6875,670.5110
35.600828,155.6250,-629.3125,-172.3125,670.7794
35.624675,155.2500,-628.7500,-172.7500,670.2773
35.650344,155.0625,-628.5625,-172.6875,670.0419
35.675520,154.8750,-628.8125,-172.1250,670.0884
35.700613,155.5625,-628.5625,-172.3750,670.0773
35.725110,155.3750,-628.3750,-172.0000,669.7615
35.750258,154.8125,-628.6250,-172.5000,669.9944
35.776219,154.6875,-628.1250,-172.6875,669.5448
35.800339,154.8750,-628.6875,-171.8750,669.9069
35.825002,154.5625,-628.7500,-171.8125,669.8774
35.849952,154.9375,-628.8750,-172.6875,670.3062
35.875976,154.6875,-628.7500,-172.6875,670.1311
35.900029,154.6250,-629.0000,-172.4375,670.2869
35.924872,154.0000,-628.8125,-173.0625,670.1282
35.950360,154.0625,-629.0625,-172.5000,670.2321
35.975419,155.1875,-628.9375,-173.0000,670.5032
35.999698,155.0625,-628.8750,-171.8125,670.1102
36.025200,155.3125,-628.4375,-172.3750,669.9021
36.050788,154.5625,-628.2500,-172.6875,669.6332
36.075071,155.4375,-629.0625,-172.6875,670.5978
36.100322,155.0625,-628.8750,-172.2500,670.2225
36.125824,154.8125,-628.6250,-171.9375,669.8498
36.150558,154.8125,-628.5625,-173.0000,670.0647
36.174933,154.5625,-629.5000,-172.6875,670.8061
36.199691,155.3125,-628.8750,-173.2500,670.5381
36.225357,154.5000,-629.1875,-173.5000,670.7081
36.249741,155.9375,-628.9375,-171.9375,670.4039
36.275064,155.5625,-628.5000,-172.2500,669.9866
36.300194,155.8125,-628.8750,-172.2500,670.3964
36.326172,155.1250,-628.8750,-172.8750,670.3979
36.350503,155.5625,-628.7500,-173.0000,670.4142
36.375005,155.0625,-628.3125,-172.0625,669.6465
36.401906,155.2500,-628.6250,-172.3125,670.0474
36.425254,155.0000,-628.0000,-172.6250,669.4837
36.450179,154.1875,-628.0625,-172.0625,669.2098
36.475539,154.8750,-629.2500,-172.6250,670.6275
36.501227,154.6875,-628.6250,-173.1250,670.1268
36.525564,155.6250,-629.0625,-172.8750,670.6896
36.550115,155.2500,-627.8125,-172.8750,669.4303
36.575478,155.3125,-628.8750,-174.0000,670.7322
36.601325,155.8750,-628.5625,-172.7500,670.2465
36.624877,155.4375,-628.8125,-173.1250,670.4761
36.650879,155.0625,-628.6250,-173.1250,670.2134
36.675050,155.5000,-628.8125,-172.0000,670.2010
36.700234,154.8750,-629.1875,-172.7500,670.6010
36.726104,155.8125,-628.7500,-173.0000,670.4723
36.750252,154.3750,-628.9375,-172.6250,670.2189
36.776410,155.2500,-628.7500,-172.4375,670.1968
36.800957,154.6875,-629.0625,-173.1250,670.5372
36.825140,155.3750,-628.6875,-173.8125,670.5223
36.850436,155.0000,-628.3750,-173.0625,669.9483
36.875851,154.8750,-629.1250,-172.1250,670.3816
36.900541,154.6875,-628.5625,-172.8125,669.9875
36.925175,155.0625,-628.6875,-173.8750,670.4662
36.950269,154.7500,-628.7500,-172.1250,670.0009
36.975287,153.8125,-629.0000,-172.3750,670.0839
37.001646,155.3125,-629.0625,-172.3750,670.4884
37.025161,155.3750,-628.2500,-172.4375,669.7568
37.050705,154.9375,-628.8125,-173.0000,670.3281
37.075535,155.3750,-628.5000,-172.7500,670.0718
37.100340,155.3125,-628.6875,-173.2500,670.3622
37.125267,154.9375,-628.4375,-172.3750,669.8152
37.151251,154.8125,-628.6250,-172.6875,670.0427
37.175658,155.3125,-628.3750,-172.3750,669.8435
37.200128,156.1875,-629.1250,-172.2500,670.7182
37.225278,154.5000,-628.6875,-172.3125,669.9327
37.250682,155.0625,-628.4375,-173.0000,670.0053
37.276157,155.0000,-628.5000,-173.0625,670.0656
37.300968,155.0625,-628.4375,-172.5000,669.8763
37.325144,154.8125,-629.3125,-172.0625,670.5271
37.350958,155.8125,-628.3125,-172.0625,669.8206
37.375682,154.6250,-628.8750,-173.0625,670.3307
37.400668,155.3750,-628.6875,-173.3750,670.4090
37.425551,155.8750,-628.5625,-172.4375,670.1660
37.451982,154.8125,-628.2500,-172.2500,669.5783
37.476443,155.5000,-628.3125,-173.1875,670.0379
37.501140,154.7500,-628.6875,-173.0625,670.1837
37.526981,154.8125,-628.5625,-173.0000,670.0647
37.550740,155.9375,-628.0000,-173.0000,669.7981
37.575412,155.3125,-628.7500,-172.2500,670.1631
37.600943,155.3125,-628.3125,-173.0000,669.9459
37.626829,154.8125,-629.0625,-173.2500,670.5983
37.650104,155.3750,-628.8750,-172.7500,670.4235
37.675861,155.0000,-628.6875,-172.7500,670.1608
37.701704,154.8125,-628.3125,-172.5000,669.7012
37.725423,155.0000,-628.7500,-172.4375,670.1390
37.750623,155.2500,-628.3125,-172.4375,669.7864
37.776099,155.1250,-628.6875,-172.1250,670.0289
37.800821,154.3125,-628.5625,-172.5000,669.8204
37.825248,155.8125,-628.1250,-173.4375,669.9993
37.850652,155.2500,-628.7500,-172.1250,670.1165
37.875712,155.3125,-628.8125,-171.5000,670.0294
37.901855,154.6250,-628.4375,-172.8750,669.8719
37.925684,155.6250,-628.5625,-173.3750,670.3498
37.950757,154.7500,-628.4375,-172.6250,669.8363
37.975738,154.3125,-628.9375,-173.1250,670.3335
38.001045,154.9375,-628.9375,-173.2500,670.5099
38.025545,154.9375,-628.1875,-173.5625,669.8874
38.051250,155.5000,-628.8750,-172.0000,670.2597
38.076689,155.1875,-628.3125,-172.6875,669.8363
38.100935,155.2500,-628.7500,-171.4375,669.9403
38.125556,155.1875,-628.0000,-173.8750,669.8505
38.151055,154.3125,-628.8125,-172.0625,669.9425
38.175603,154.8125,-628.5000,-172.6875,669.9255
38.200937,155.4375,-629.0625,-172.8125,670.6300
38.226125,154.5625,-628.3750,-172.6875,669.7505
38.251437,154.5000,-628.5000,-172.6250,669.8372
38.275566,156.1875,-628.6875,-173.2500,670.5655
38.301021,154.8750,-628.3125,-172.0000,669.5871
38.325857,155.5625,-628.3125,-171.8125,669.6983
38.351980,155.4375,-627.9375,-171.6250,669.2693
38.375875,155.5000,-629.1875,-171.6875,670.4728
38.401029,155.2500,-628.9375,-172.3125,670.3406
38.426051,155.3750,-628.5000,-172.4375,669.9913
38.452260,155.0000,-628.3750,-172.6250,669.8355
38.476692,155.6250,-628.6875,-173.6250,670.5317
38.501169,155.0625,-628.8125,-171.9375,670.0836
38.527076,154.6875,-628.3750,-171.9375,669.5863
38.551121,155.3125,-628.1250,-172.8125,669.7217
38.575751,155.1875,-628.1875,-172.3750,669.6386
38.602032,155.4375,-628.5000,-173.5625,670.2962
38.627914,154.8750,-628.5625,-172.3125,669.9020
38.651009,154.6875,-628.6875,-173.0000,670.1531
38.676111,154.1875,-628.8750,-173.0000,670.2138
38.700609,154.4375,-628.3750,-172.8125,669.7539
38.726776,154.5000,-628.1875,-172.7500,669.5762
38.751922,155.3125,-628.7500,-172.6875,670.2757
38.775801,156.0000,-629.0000,-173.0625,670.7664
38.801344,155.0625,-628.8125,-171.6250,670.0035
38.826418,155.0625,-628.3125,-173.5625,670.0335
38.850560,155.6875,-628.6875,-172.8125,670.3363
38.876137,155.3125,-628.7500,-173.0000,670.3563
38.901214,154.7500,-628.3125,-171.6875,669.4780
38.927268,155.5000,-628.6875,-172.8750,670.3089
38.951057,155.4375,-628.5000,-173.4375,670.2639
38.975942,154.8750,-629.0000,-171.6875,670.1521
39.001402,155.0000,-628.6875,-173.0625,670.2415
39.026727,156.0625,-628.6250,-172.3750,670.2522
39.050868,155.0000,-627.8125,-172.4375,669.2595
39.076137,155.3125,-628.8750,-171.9375,670.2002
39.101354,154.0625,-628.7500,-173.0000,670.0678
39.127060,155.3750,-628.3125,-171.6875,669.6227
39.150773,155.1250,-628.2500,-172.3125,669.6667
39.176229,155.5000,-628.2500,-173.0625,669.9470
39.201033,155.1250,-628.6250,-172.1250,669.9703
39.227055,154.8750,-628.5625,-172.1250,669.8538
39.251383,155.3750,-628.2500,-172.0000,669.6443
39.276023,155.3750,-628.5000,-172.4375,669.9913
39.301306,155.9375,-628.9375,-172.6875,670.5966
39.327349,155.8125,-628.6250,-172.5000,670.2262
39.351973,155.2500,-628.3750,-172.6250,669.8933
39.376775,155.1250,-628.5000,-172.1250,669.8530
39.401905,155.1250,-628.3750,-172.7500,669.8966
39.427874,155.3125,-628.0000,-172.2500,669.4595
39.450931,155.7500,-628.6250,-172.4375,670.1956
39.476155,155.3125,-628.3750,-173.7500,670.1986
39.501599,154.8750,-629.1875,-171.8750,670.3762
39.527157,155.6875,-628.6250,-172.3750,670.1650
39.551157,155.3750,-628.6875,-172.8750,670.2799
39.576182,154.9375,-628.1875,-173.0000,669.7419
39.601356,156.0000,-628.6875,-173.3750,670.5541
39.626444,155.0000,-628.2500,-171.2500,669.3651
39.651242,154.6250,-628.6875,-172.6250,670.0420
39.676269,155.1250,-629.0000,-172.8750,670.5151
39.702616,154.6250,-628.9375,-172.8750,670.3410
39.726276,155.3125,-628.5000,-171.9375,669.8483
39.751310,154.8125,-628.6250,-173.0000,670.1233
39.775902,154.5000,-628.4375,-173.5000,670.0046
39.801821,155.7500,-628.7500,-172.1250,670.2325
39.826377,155.5625,-628.4375,-171.9375,669.8477
39.851622,155.5625,-628.8125,-173.4375,670.5859
39.877189,155.5625,-628.3750,-172.2500,669.8693
39.901481,156.1250,-628.6250,-172.8750,670.3955
39.926066,155.1875,-628.5000,-172.5000,669.9639
39.951263,155.3750,-628.5000,-173.1875,670.1847
39.976619,155.1250,-629.0625,-172.4375,670.4611
40.002056,154.5625,-628.6250,-172.8125,670.0173
40.026463,156.1875,-628.1875,-172.6875,669.9515
40.052323,155.2500,-628.1250,-172.3125,669.5784
40.076579,155.3125,-629.1875,-171.5000,670.3813
40.101260,154.8125,-629.1250,-171.6250,670.2390
40.126369,155.1875,-628.3750,-171.9375,669.7020
40.152739,155.0000,-628.6250,-172.7500,670.1022
40.176170,154.7500,-628.9375,-172.6250,670.3054
40.201940,156.4375,-628.4375,-171.9375,670.0514
40.226510,155.0625,-628.6875,-172.5000,670.1109
40.251363,156.1250,-628.5000,-172.3125,670.1335
40.276320,155.7500,-628.5000,-172.4375,670.0784
40.302062,155.4375,-628.4375,-171.9375,669.8186
40.327720,155.8750,-628.2500,-172.4375,669.8730
40.351493,155.0625,-628.5625,-172.0625,669.8811
40.376760,154.8750,-628.8125,-172.1250,670.0884
40.401495,155.5625,-628.1875,-173.4375,669.9998
40.427281,155.3750,-629.2500,-172.6250,670.7431
40.451760,154.8125,-628.7500,-172.2500,670.0474
40.477576,154.6875,-628.6875,-172.3750,669.9920
40.505208,154.8750,-628.6250,-172.8750,670.1055
40.529959,154.9375,-628.5000,-172.2500,669.8417
40.554903,155.0000,-628.0000,-172.6250,669.4837
40.579568,155.3125,-628.8750,-171.8125,670.1681
40.604405,154.9375,-629.1875,-172.6875,670.5994
40.630362,155.2500,-628.6875,-173.6250,670.4448
40.654792,155.5000,-628.7500,-172.8750,670.3675
40.679432,155.0000,-629.0625,-172.6250,670.4804
40.704722,155.3750,-628.9375,-171.2500,670.0973
40.730035,155.4375,-628.3125,-171.9375,669.7014
40.754551,155.1250,-628.8125,-172.3125,670.1944
40.779682,155.8125,-628.5000,-171.3125,669.8043
40.804698,155.3750,-628.4375,-172.4375,669.9327
40.831022,154.8125,-628.5000,-172.5000,669.8772
40.854766,155.2500,-628.6250,-173.0625,670.2407
40.879630,154.8125,-628.6875,-172.6875,670.1014
40.904923,154.5625,-628.5000,-172.5000,669.8194
40.930521,154.8750,-628.5000,-172.1250,669.7951
40.954829,155.3750,-628.6875,-173.3750,670.4090
40.979532,155.5000,-628.6250,-172.4375,670.1375
41.004539,154.8125,-628.0000,-172.8125,669.4887
41.030163,155.0000,-628.2500,-172.0000,669.5574
41.055497,155.6875,-628.2500,-173.0000,669.9744
41.079327,155.6875,-628.7500,-172.6875,670.3627
41.104717,154.3750,-628.6250,-172.1250,669.7970
41.130195,154.0000,-628.0625,-172.1250,669.1827
41.155904,155.9375,-628.4375,-171.8125,669.9028
41.179690,155.5625,-628.8125,-173.1250,670.5051
41.204600,155.3125,-628.6250,-172.3750,670.0780
41.230601,155.4375,-628.0625,-172.8125,669.6921
41.255094,156.4375,-628.3750,-172.8125,670.2179
41.279661,154.5625,-629.1875,-172.6875,670.5128
41.304674,154.7500,-628.6250,-172.7500,670.0444
41.330109,155.3750,-627.8750,-172.0000,669.2925
41.355403,155.7500,-628.1875,-173.1875,669.9787
41.379563,156.5625,-628.6875,-172.2500,670.3953
41.404973,155.0625,-628.6250,-171.9375,669.9077
41.430393,155.0000,-628.5000,-172.4375,669.9044
41.454348,155.8125,-628.7500,-171.3125,670.0389
41.479961,155.1875,-628.3125,-172.5000,669.7880
41.504922,154.6875,-628.3750,-171.3125,669.4261
41.531218,155.4375,-628.6875,-172.0625,670.0853
41.554944,155.9375,-628.5625,-172.0625,670.0842
41.579839,155.0625,-628.8750,-172.2500,670.2225
41.605269,154.9375,-628.2500,-172.5000,669.6715
41.630811,155.6250,-628.3750,-171.8750,669.7875
41.654615,156.2500,-628.6875,-171.6875,670.1781
41.679802,154.8125,-628.3750,-172.8125,669.8404
41.704797,154.8750,-628.6250,-172.1250,669.9124
41.730862,155.8750,-628.6250,-171.6875,670.0321
41.754816,155.8750,-628.5625,-172.4375,670.1660
41.780651,155.4375,-629.0000,-171.8125,670.3144
41.805086,155.2500,-629.0625,-172.8750,670.6027
41.831136,154.5000,-628.1875,-172.6250,669.5440
41.855288,155.1250,-628.3125,-172.6250,669.8058
41.881023,155.0625,-628.2500,-172.0625,669.5879
41.906133,155.5000,-628.5625,-171.8750,669.9344
41.930160,155.5625,-628.0000,-172.5000,669.5819
41.954944,155.1875,-628.3750,-172.6875,669.8950
41.979869,154.9375,-628.1875,-171.9375,669.4682
42.011592,155.5000,-628.4375,-172.7500,670.0422
42.030245,155.5000,-628.6250,-172.0000,670.0251
42.055372,155.5000,-628.5000,-171.8750,669.8757
42.082189,155.4375,-628.7500,-172.2500,670.1921
42.106652,154.6875,-628.6250,-172.0625,669.8531
42.131541,154.8750,-628.3750,-172.1250,669.6778
42.155950,155.7500,-628.3125,-172.7500,669.9830
42.181453,155.8750,-628.1250,-171.5625,669.5310
42.205693,155.0000,-628.6250,-172.7500,670.1022
42.230226,155.4375,-628.5000,-173.4375,670.2639
42.255947,155.5625,-628.6250,-171.5000,669.9114
42.282725,155.1875,-628.8125,-172.3750,670.2249
42.306608,155.3750,-628.6250,-172.8750,670.2213
42.330902,155.8125,-628.5000,-172.3750,670.0768
42.356414,155.0625,-628.9375,-173.0000,670.4743
42.381128,155.4375,-628.5625,-172.5000,670.0805
42.405246,155.5000,-628.5625,-173.1875,670.2723
42.431769,155.1875,-628.3750,-171.8125,669.6699
42.456704,154.9375,-628.2500,-172.5000,669.6715
42.480647,155.0625,-628.5625,-171.9375,669.8490
42.505255,156.5000,-628.6250,-173.0625,670.5313
42.530587,155.3125,-628.3125,-172.5000,669.8170
42.556683,155.3750,-628.5625,-172.4375,670.0499
42.580992,156.1250,-629.0000,-171.6875,670.4421
42.605477,155.1875,-628.6250,-172.5000,670.0812
42.630977,155.2500,-628.5625,-172.1250,669.9406
42.656574,155.4375,-628.5000,-172.6875,670.0702
42.681819,155.8125,-628.5625,-173.1250,670.3287
42.706332,155.0625,-628.9375,-173.1250,670.5065
42.732048,155.8125,-628.7500,-173.0000,670.4723
42.755907,155.9375,-628.2500,-172.3750,669.8714
42.780520,154.8750,-628.3125,-172.8750,669.8124
42.805277,155.6250,-628.5000,-173.3750,670.2912
42.830989,155.0000,-628.2500,-172.6250,669.7182
42.855517,155.7500,-628.3125,-172.8750,670.0152
42.880802,154.6875,-628.6875,-173.1250,670.1854
42.906646,155.1250,-628.7500,-172.0000,670.0555
42.931344,155.3125,-628.5000,-172.2500,669.9286
42.955933,155.1250,-628.4375,-173.0625,670.0359
42.982153,155.4375,-628.6250,-172.5000,670.1391
43.005760,155.3125,-628.4375,-172.2500,669.8699
43.030651,155.6875,-628.3125,-173.0000,670.0330
43.055333,155.5625,-629.1250,-172.3750,670.6050
43.081404,156.1250,-628.5625,-173.8125,670.5793
43.106691,154.9375,-628.4375,-173.7500,670.1704
43.130671,155.3750,-628.6250,-172.0000,669.9961
43.156642,154.6250,-628.0000,-171.8750,669.2039
43.180818,155.5625,-628.6875,-172.2500,670.1625
43.205509,155.0000,-628.6250,-173.8125,670.3769
43.230646,155.1250,-628.1875,-172.7500,669.7207
43.256420,155.4375,-628.2500,-172.6875,669.8357
43.280478,155.3750,-628.6250,-172.7500,670.1890
43.305660,156.0625,-628.6875,-172.8125,670.4235
43.330789,155.5625,-627.9375,-172.2500,669.4589
43.356338,156.4375,-628.2500,-172.8125,670.1007
43.381038,155.8125,-628.0625,-172.2500,669.6343
43.405775,154.8750,-628.5625,-173.1875,670.1276
43.430854,155.5000,-628.2500,-171.2500,669.4810
43.457209,156.7500,-628.0625,-171.8750,669.7567
43.480885,155.8125,-628.0625,-173.5625,669.9731
43.505858,155.6250,-628.3750,-171.8750,669.7875
43.530594,155.8125,-628.3750,-170.8750,669.5752
43.556670,155.1250,-628.2500,-171.8750,669.5542
43.580926,155.1875,-628.8750,-173.0000,670.4446
43.605675,155.6250,-628.5625,-172.7500,670.1884
43.630836,156.0000,-628.4375,-172.0000,669.9654
43.656651,155.2500,-628.4375,-173.0625,670.0648
43.680613,155.8125,-628.6875,-172.0625,670.1724
43.706344,155.4375,-628.2500,-172.6875,669.8357
43.731848,154.8750,-628.3750,-172.8750,669.8710
43.756341,155.8125,-628.3125,-172.3750,669.9009
43.780838,155.1250,-628.2500,-173.0625,669.8600
43.806487,155.8125,-628.5625,-173.1250,670.3287
43.831674,154.8750,-628.8125,-172.4375,670.1687
43.855526,155.6875,-628.0000,-173.1250,669.7722
43.880777,155.8125,-627.9375,-172.6875,669.6298
43.907401,155.6250,-628.1250,-173.1875,669.8911
43.931185,155.1250,-628.8125,-172.8750,670.3392
43.955888,155.6250,-628.3125,-172.3125,669.8413
43.980751,155.8125,-628.5000,-173.4375,670.3509
44.006466,155.8125,-628.0625,-172.8125,669.7792
44.030726,155.2500,-628.5000,-172.6250,670.0106
44.056341,155.3750,-628.8125,-172.4375,670.2844
44.082293,155.1875,-628.5625,-172.8125,670.1031
44.106644,155.2500,-628.5625,-173.0625,670.1821
44.131205,155.3125,-628.2500,-172.8125,669.8389
44.157331,155.1250,-628.3125,-172.0000,669.6450
44.181122,156.0000,-628.5000,-172.8750,670.2492
44.205892,155.3750,-628.4375,-173.0625,670.0938
44.231489,155.4375,-628.0000,-173.1250,669.7142
44.256868,155.1875,-628.6250,-172.8125,670.1617
44.282039,155.7500,-628.3125,-172.6250,669.9508
44.305909,155.0000,-628.5000,-173.1875,670.0979
44.331841,155.6875,-628.3125,-172.8125,669.9846
44.356353,155.6250,-628.5000,-173.5000,670.3235
44.381198,155.1875,-628.5000,-173.0000,670.0928
44.406587,156.0625,-628.4375,-173.2500,670.3020
44.432719,154.7500,-628.5000,-173.1875,670.0401
44.455942,154.7500,-628.1250,-173.0625,669.6560
44.481348,155.6875,-628.1875,-172.2500,669.7225
44.506030,154.8125,-628.5625,-172.3750,669.9036
44.531939,156.0625,-628.1875,-172.2500,669.8098
44.556241,155.3125,-628.3750,-173.0000,670.0046
44.581137,155.6875,-628.5000,-173.1250,670.2411
44.606513,155.1250,-628.1875,-172.7500,669.7207
44.630731,155.2500,-628.6250,-172.4375,670.0796
44.656284,155.3750,-628.0000,-172.4375,669.5223
44.681998,156.0625,-628.0000,-172.3750,669.6661
44.707351,155.8125,-628.6250,-171.8125,670.0496
44.731108,156.2500,-628.3125,-172.4375,670.0189
44.757067,155.3125,-628.2500,-172.2500,669.6940
44.782061,155.4375,-628.0625,-172.6875,669.6598
44.806465,154.9375,-628.4375,-173.7500,670.1704
44.831068,156.2500,-628.1250,-173.6250,670.1498
44.856366,156.0625,-628.0000,-172.2500,669.6339
44.881953,155.0000,-628.5625,-172.3125,669.9309
44.905922,155.7500,-628.6250,-171.6875,670.0030
44.931255,155.6250,-628.6875,-173.3750,670.4670
44.957049,155.1250,-628.4375,-172.3125,669.8426
44.981324,156.4375,-628.5000,-172.2500,670.1903
45.005960,156.0625,-628.4375,-172.6875,670.1568
45.031423,155.6250,-627.8125,-173.1875,669.5981
45.056421,155.8125,-628.3125,-173.1250,670.0943
45.081070,155.1875,-628.2500,-173.2500,669.9230
45.106744,155.5625,-628.0625,-173.7500,669.9636
45.132313,154.9375,-628.0000,-172.8125,669.5176
45.156731,155.9375,-628.6875,-172.3750,670.2817
45.181310,154.8125,-628.3125,-172.6875,669.7496
45.206568,155.3125,-628.6875,-173.4375,670.4107
45.231555,154.8125,-628.1875,-172.2500,669.5196
45.256025,156.0000,-627.8750,-172.3125,669.5182
45.281233,155.6875,-628.1875,-173.0000,669.9158
45.307143,155.1250,-628.7500,-172.8750,670.2806
45.331001,156.0000,-628.5625,-172.4375,670.1951
45.356278,154.8125,-628.9375,-172.5000,670.2877
45.381787,156.3125,-628.6875,-171.3125,670.0967
45.407493,155.6250,-628.3125,-172.6250,669.9217
45.431614,154.8750,-628.3125,-172.0000,669.5871
45.456448,155.8750,-629.0625,-172.6250,670.6833
45.482000,155.5625,-628.2500,-172.8125,669.8969
45.506762,155.7500,-628.5000,-173.0625,670.2395
45.531541,154.7500,-628.3125,-171.6875,669.4780
45.557999,156.2500,-627.5000,-172.0000,669.1445
45.581820,155.2500,-628.8125,-172.6250,670.3037
45.607615,156.1250,-628.3125,-172.7500,670.0703
45.631894,155.8750,-628.0000,-171.8750,669.4939
45.656801,156.1250,-628.1250,-173.9375,670.2017
45.681336,156.1250,-628.5625,-171.8750,670.0797
45.707603,156.0000,-628.3750,-173.1875,670.2127
45.732895,155.1875,-628.3125,-171.3125,669.4832
45.756584,155.8750,-628.3125,-172.3125,669.8994
45.781326,155.6250,-628.1875,-172.6250,669.8045
45.807082,155.0625,-628.5000,-173.2500,670.1285
45.832595,155.9375,-628.6250,-173.1250,670.4164
45.856182,155.3125,-628.1875,-172.5000,669.6998
45.881562,156.3125,-628.5625,-172.2500,670.2197
45.907526,156.3750,-628.6875,-172.8750,670.5124
45.932576,155.8125,-628.3125,-173.0000,670.0620
45.956460,155.0000,-628.7500,-173.0625,670.3001
45.981766,155.8125,-628.9375,-172.2500,670.4551
46.007756,156.1250,-628.0625,-172.4375,669.7553
46.031338,155.8750,-628.2500,-172.4375,669.8730
46.056562,156.7500,-628.3750,-171.6875,670.0017
46.082099,155.4375,-629.0625,-173.0000,670.6783
46.107133,156.1250,-628.0000,-173.0625,669.8579
46.131532,155.8750,-628.3750,-172.6250,670.0385
46.157601,155.9375,-629.0625,-171.8125,670.4891
46.181773,155.6875,-628.1875,-172.0625,669.6743
46.206578,155.2500,-628.4375,-173.8125,670.2589
46.232275,156.1250,-628.5000,-172.3125,670.1335
46.256665,155.3750,-628.2500,-172.0000,669.6443
46.281703,155.2500,-628.5000,-172.7500,670.0428
46.307126,155.5625,-628.1250,-173.1250,669.8604
46.331800,155.1250,-628.5000,-171.8750,669.7888
46.356472,156.0625,-628.1250,-172.6875,669.8638
46.382430,155.2500,-628.5625,-172.4375,670.0209
46.407884,156.3125,-628.1875,-173.0000,670.0613
46.431429,156.0000,-628.3125,-172.4375,669.9607
46.456288,155.2500,-628.4375,-172.6250,669.9520
46.481768,155.7500,-628.9375,-172.3125,670.4566
46.506604,156.0625,-628.4375,-172.6875,670.1568
46.531867,154.8125,-628.2500,-172.2500,669.5783
46.556639,155.2500,-628.2500,-171.8750,669.5832
46.582161,155.1875,-628.9375,-173.1250,670.5355
46.607028,155.7500,-628.8750,-172.8750,670.5428
46.631521,155.3125,-628.1875,-173.0000,669.8287
46.657081,155.1875,-628.6250,-171.6250,669.8565
46.681660,155.6875,-628.6875,-172.5000,670.2558
46.706535,156.3125,-628.1250,-172.8125,669.9543
46.731782,155.9375,-628.0000,-172.8125,669.7497
46.757481,155.2500,-627.8125,-172.8750,669.4303
46.782938,156.4375,-628.1250,-172.5000,669.9029
46.806647,155.3125,-627.8125,-173.2500,669.5417
46.831725,155.3750,-628.0000,-172.8750,669.6351
46.857065,156.0000,-627.9375,-172.4375,669.6090
46.881426,155.4375,-628.1875,-172.8125,669.8093
46.906913,155.5000,-628.3125,-172.4375,669.8444
46.931914,155.5000,-627.8125,-172.1250,669.2950
46.958430,155.3125,-628.1250,-172.5000,669.6411
46.981590,155.1250,-628.5625,-172.0000,669.8795
47.006993,155.9375,-628.3750,-172.2500,669.9565
47.032148,156.0000,-627.8125,-173.5000,669.7662
47.057998,156.3125,-628.1875,-172.5000,669.9324
47.081926,156.0000,-628.1875,-172.0000,669.7309
47.107014,156.5625,-628.4375,-172.5000,670.2252
47.134221,156.0625,-628.5625,-171.9375,670.0812
47.156849,155.8750,-628.5625,-173.3750,670.4079
47.182169,155.8750,-628.3750,-173.3750,670.2321
47.206757,155.8125,-628.4375,-172.5000,670.0504
47.232174,155.7500,-628.7500,-172.7500,670.3933
47.256968,156.4375,-628.4375,-173.4375,670.4379
47.283123,155.9375,-628.5625,-172.8125,670.2772
47.307272,155.5000,-628.0625,-172.7500,669.6905
47.332717,155.2500,-628.0625,-173.0625,669.7131
47.357034,155.4375,-628.5625,-173.2500,670.2740
47.383278,155.6250,-628.5625,-173.0625,670.2690
47.407172,155.8125,-628.5625,-173.0000,670.2965
47.431873,155.1875,-628.3750,-172.5000,669.8467
47.457717,155.4375,-628.3750,-172.5000,669.9046
47.483167,155.8750,-628.3125,-173.0625,670.0927
47.506782,155.6875,-628.6875,-172.3750,670.2236
47.532145,155.6250,-627.8125,-172.7500,669.4851
47.557392,155.8750,-627.9375,-172.4375,669.5799
47.583037,155.9375,-628.2500,-173.1250,670.0648
47.607223,155.7500,-628.1250,-172.7500,669.8072
47.632456,154.9375,-628.3750,-171.6250,669.5640
47.657194,155.8125,-628.1250,-173.1250,669.9185
47.682323,155.5000,-628.8125,-172.3125,670.2813
47.707667,155.0000,-628.9375,-172.7500,670.3954
47.732528,155.7500,-628.3750,-172.1250,669.8807
47.757721,156.0000,-628.6875,-171.6875,670.1198
47.782960,156.0000,-628.0625,-172.8750,669.8390
47.807570,155.5000,-628.2500,-172.8750,669.8986
47.832585,155.5000,-628.1875,-173.0625,669.8884
47.857581,156.1875,-628.5000,-172.5000,670.1963
47.882044,155.8125,-628.5000,-173.0000,670.2379
47.906934,155.3750,-628.4375,-172.3125,669.9005
47.933092,155.3750,-628.0625,-171.5625,669.3561
47.958040,156.5000,-629.1250,-172.0000,670.7269
47.982210,155.8750,-628.5625,-172.1250,670.0857
48.006947,155.5625,-628.8125,-173.0000,670.4729
48.033030,155.0000,-628.1875,-172.3125,669.5791
48.058190,156.0625,-628.5625,-172.6875,670.2740
48.082521,154.7500,-628.3750,-172.6250,669.7776
48.107401,156.0625,-628.3125,-171.9375,669.8467
48.133386,155.6875,-628.4375,-173.2500,670.2148
48.158060,156.1875,-628.1875,-173.1250,670.0644
48.182680,156.1875,-628.3750,-171.9375,669.9345
48.207574,155.0000,-628.3750,-172.6250,669.8355
48.233038,156.2500,-628.5625,-172.7500,670.3338
48.257338,156.4375,-628.6875,-173.1250,670.5915
48.282398,155.6250,-628.5625,-173.5000,670.3821
48.307913,155.4375,-628.0625,-172.8125,669.6921
48.332322,155.3125,-628.6875,-172.0625,670.0563
48.357717,155.6875,-628.6250,-173.1250,670.3583
48.383328,156.0000,-628.2500,-172.6250,669.9503
48.407107,156.1250,-628.0625,-172.7500,669.8359
48.432567,154.8750,-628.1250,-172.7500,669.6042
48.457351,155.6875,-628.5000,-172.2500,670.0156
48.482854,155.2500,-628.6875,-172.4375,670.1382
48.507267,155.6250,-628.4375,-172.3125,669.9585
48.532754,156.5625,-628.0625,-173.5625,670.1479
48.558480,156.3750,-628.5000,-173.0625,670.3850
48.582102,155.8125,-628.4375,-173.0000,670.1792
48.607340,155.4375,-628.1875,-172.6875,669.7771
48.632359,155.4375,-628.2500,-171.3125,669.4825
48.657948,156.5000,-628.2500,-173.1875,670.2121
48.682539,154.9375,-628.6250,-172.0625,669.9108
48.708301,156.1875,-628.3750,-172.6875,670.1273
48.733437,155.1875,-627.9375,-173.5625,669.7108
48.757717,156.0000,-628.3125,-172.4375,669.9607
48.782350,155.8750,-628.4375,-172.7500,670.1293
48.808293,155.8125,-628.5000,-173.1250,670.2701
48.832477,156.0000,-627.9375,-172.7500,669.6895
48.858314,155.8125,-628.6250,-172.2500,670.1619
48.882808,155.1875,-628.8125,-172.2500,670.1928
48.908341,154.6875,-628.1875,-172.3750,669.5229
48.932394,155.9375,-628.4375,-172.8125,670.1599
48.957943,156.5625,-627.8750,-172.0625,669.5852
48.982245,155.9375,-628.3125,-172.2500,669.8979
49.007667,156.2500,-628.4375,-173.6250,670.4427
49.032315,155.8125,-628.2500,-172.6875,669.9228
49.058074,155.5000,-628.3750,-173.0625,670.0642
49.082501,156.3125,-628.1250,-171.5000,669.6170
49.107861,155.5000,-628.3750,-172.1250,669.8227
49.134439,155.5625,-627.6250,-172.6875,669.2786
49.157435,155.6875,-628.0000,-172.5000,669.6110
49.182802,155.7500,-628.1875,-173.6250,670.0920
49.208246,156.0000,-627.8750,-173.0625,669.7116
49.233513,155.8125,-628.0625,-172.3750,669.6665
49.257774,155.6250,-628.3750,-173.3750,670.1740
49.282484,156.1875,-628.7500,-172.2500,670.3664
49.307591,156.1250,-628.6250,-172.7500,670.3633
49.333600,156.4375,-628.7500,-173.1250,670.6501
49.358215,155.9375,-628.6250,-172.0625,670.1428
49.383413,154.9375,-628.7500,-172.6875,670.1889
49.407795,156.0625,-628.5625,-172.6875,670.2740
49.432829,155.7500,-628.3125,-173.1875,670.0959
49.458177,156.5000,-628.6875,-173.1875,670.6222
49.483266,155.3125,-628.5625,-173.1250,670.2127
49.507981,156.4375,-628.5000,-172.6875,670.3029
49.533767,155.6875,-628.4375,-173.4375,670.2633
49.558200,155.9375,-628.4375,-172.3750,670.0473
49.582412,156.3750,-628.5625,-173.5000,670.5566
49.608279,155.4375,-628.0000,-173.1250,669.7142
49.633574,156.5000,-628.2500,-172.7500,670.0992
49.658390,155.6250,-628.3750,-173.3750,670.1740
49.683465,155.1250,-628.5000,-172.8750,670.0461
49.709216,156.6250,-628.0000,-171.8750,669.6689
49.733721,156.0625,-628.3125,-172.2500,669.9270
49.757866,156.3750,-628.6875,-172.4375,670.3997
49.782740,155.9375,-628.8750,-172.5000,670.4898
49.808746,155.2500,-628.5625,-173.8125,670.3761
49.833268,154.9375,-628.1250,-172.5000,669.5543
49.858458,155.6875,-628.3125,-173.1250,670.0653
49.883831,156.4375,-628.1250,-173.5625,670.1773
49.908274,156.0625,-628.5625,-172.5000,670.2258
49.932934,156.1250,-628.1250,-173.1875,670.0074
49.958481,155.3750,-628.6250,-172.8750,670.2213
49.983001,156.1250,-628.8125,-173.0625,670.6197
50.007751,155.4375,-627.9375,-173.0000,669.6233
50.032569,155.1875,-627.8750,-173.2500,669.5713
50.057505,156.6875,-628.2500,-172.2500,670.0143
50.082948,156.1250,-628.0000,-172.6250,669.7450
50.107793,155.8125,-628.2500,-172.6875,669.9228
50.132482,155.7500,-628.1875,-172.6250,669.8336
50.157985,155.4375,-628.3125,-172.8125,669.9265
50.183196,156.5625,-628.7500,-171.5000,670.2616
50.208797,155.1250,-628.6250,-172.8750,670.1634
50.232670,155.9375,-628.0000,-173.4375,669.9112
50.257847,155.7500,-628.0625,-172.6250,669.7163
50.283015,156.2500,-628.3750,-173.5000,670.3517
50.307811,155.3750,-628.7500,-172.6250,670.2741
50.333111,156.0625,-628.3750,-172.5000,670.0499
50.358569,156.6250,-628.1875,-172.3125,669.9571
50.382647,155.9375,-628.1250,-172.3750,669.7542
50.407561,156.8125,-628.4375,-171.5000,670.0269
50.433702,156.2500,-628.1875,-171.8750,669.7571
50.457818,155.3750,-628.1875,-173.0625,669.8594
50.483181,156.3750,-628.1875,-171.5625,669.7062
50.509538,156.0625,-628.4375,-171.9375,669.9640
50.533753,155.8125,-628.2500,-171.9375,669.7299
50.558404,155.4375,-628.5000,-172.2500,669.9576
50.584086,155.5000,-628.6250,-172.3125,670.1054
50.608420,155.2500,-628.3750,-173.3750,670.0870
50.633133,156.0000,-628.4375,-173.5000,670.3521
50.658467,156.5625,-628.2500,-171.9375,669.9048
50.683324,156.6875,-628.5625,-171.6250,670.1469
50.707908,156.0625,-628.1250,-172.5000,669.8155
50.733472,155.6250,-628.1875,-172.3125,669.7240
50.758073,155.6250,-628.4375,-172.7500,670.0712
50.782899,155.6875,-628.1250,-171.8125,669.5515
50.809761,156.3125,-628.6250,-173.1250,670.5037
50.833529,155.3750,-628.0000,-172.7500,669.6028
50.857859,156.5000,-628.4375,-172.7500,670.2749
50.883322,156.3750,-628.6250,-172.6250,670.3894
50.908533,156.4375,-628.5000,-172.8125,670.3351
50.932969,155.3125,-628.0625,-173.0000,669.7115
50.958346,156.5000,-628.7500,-172.1250,670.4072
50.983865,156.6875,-628.5000,-172.5000,670.3130
51.007800,155.7500,-628.3750,-173.0625,670.1223
51.034094,155.5000,-627.9375,-172.4375,669.4927
51.058724,156.4375,-628.3750,-171.8125,669.9607
51.083449,155.9375,-628.6875,-173.1250,670.4750
51.108251,156.8750,-628.3750,-173.6250,670.5300
51.132841,156.3125,-628.0000,-172.8125,669.8371
51.158263,156.1875,-628.3750,-172.8125,670.1596
51.183223,156.0625,-628.1250,-172.2500,669.7511
51.209568,156.3125,-628.1250,-172.0625,669.7612
51.234195,156.0000,-628.6250,-172.0000,670.1413
51.257869,156.0625,-628.4375,-173.1250,670.2697
51.283117,156.4375,-628.2500,-173.5625,670.2945
51.307924,156.1875,-627.9375,-172.0625,669.5562
51.333370,155.6250,-628.0000,-172.6250,669.6287
51.358131,155.8125,-628.0000,-172.6875,669.6884
51.383014,155.8750,-628.0625,-172.8750,669.8099
51.409019,155.9375,-628.3125,-172.6875,670.0105
51.433146,156.0625,-627.8125,-171.9375,669.3777
51.458494,156.5000,-628.4375,-172.6250,670.2427
51.484799,156.0000,-627.8125,-172.4375,669.4918
51.508090,155.7500,-628.4375,-172.8750,670.1325
51.533173,156.1250,-628.1875,-172.7500,669.9531
51.558764,156.5000,-628.6250,-172.3125,670.3382
51.584236,155.1875,-628.7500,-173.1250,670.3596
51.608522,155.2500,-628.2500,-172.6250,669.7761
51.633731,155.3750,-627.8750,-173.5000,669.6795
51.659514,156.3125,-628.1250,-172.5000,669.8738
51.683288,155.6250,-628.0000,-173.0625,669.7416
51.708160,156.8125,-628.8125,-173.4375,670.8770
51.733654,156.1250,-628.1250,-172.7500,669.8945
51.758424,156.2500,-628.1250,-172.8750,669.9559
51.783060,156.3125,-628.3750,-173.4375,670.3501
51.808658,156.3750,-627.7500,-172.6250,669.5690
51.833256,157.0625,-628.1250,-172.2500,669.9849
51.858299,156.4375,-627.8125,-172.6875,669.6583
51.883961,155.7500,-628.7500,-172.6250,670.3611
51.908320,156.3125,-628.4375,-172.0625,670.0543
51.933620,155.8125,-628.1875,-173.2500,670.0094
51.958581,156.0000,-628.1875,-173.3750,670.0854
51.983144,156.0625,-628.4375,-172.5000,670.1085
52.008972,155.8750,-628.5000,-172.3125,670.0753
52.033734,156.8125,-628.4375,-172.6875,670.3319
52.058431,156.1875,-628.2500,-173.2500,670.1553
52.083901,156.0000,-628.5625,-172.0000,670.0827
52.108020,156.6250,-628.6875,-173.0625,670.6191
52.133609,155.8750,-628.1250,-172.4375,669.7557
52.159403,155.8750,-628.5625,-173.0625,670.3271
52.183794,156.3125,-628.3750,-171.8125,669.9315
52.208448,155.5000,-627.8750,-172.4375,669.4341
52.233505,155.3750,-628.3750,-172.7500,669.9545
52.259514,155.6250,-627.9375,-173.3750,669.7638
52.283345,156.7500,-628.1875,-173.1875,670.2119
52.308713,156.5000,-628.2500,-172.1250,669.9383
52.334257,155.1875,-627.9375,-173.5625,669.7108
52.358488,155.3750,-628.7500,-173.0625,670.3869
52.384148,155.3125,-628.0625,-172.2500,669.5181
52.409468,155.8750,-628.5625,-171.5625,669.9414
52.433529,156.3125,-628.4375,-172.3750,670.1346
52.459045,155.6250,-628.3750,-172.7500,670.0126
52.484743,156.6250,-627.8750,-172.8750,669.8091
52.508636,155.5625,-628.0625,-173.0000,669.7695
52.534312,154.8750,-628.1250,-172.8750,669.6365
52.559635,155.2500,-628.0000,-172.3125,669.4611
52.583576,156.0625,-628.5000,-172.2500,670.1028
52.608581,156.1875,-628.4375,-172.2500,670.0733
52.634106,154.9375,-627.8125,-173.4375,669.5033
52.658533,155.2500,-627.7500,-173.5000,669.5333
52.683240,155.8750,-628.3750,-172.6250,670.0385
52.709585,155.8125,-628.6250,-173.0000,670.3551
52.734929,155.5625,-628.4375,-173.1250,670.1535
52.758584,155.9375,-628.1875,-173.0000,669.9739
52.784241,156.1875,-628.6250,-173.1250,670.4746
52.810576,155.9375,-628.0000,-172.6875,669.7175
52.834213,155.2500,-628.1875,-172.1250,669.5888
52.858686,156.1875,-628.6250,-171.5000,670.0568
52.883764,155.8750,-628.5000,-172.6250,670.1557
52.909476,156.0625,-628.6875,-172.3750,670.3108
52.933774,156.5625,-627.5000,-172.5000,669.3462
52.959248,155.4375,-627.7500,-172.6875,669.3668
52.984992,156.4375,-628.6250,-172.6875,670.4201
53.009463,156.0000,-628.3750,-171.8750,669.8747
53.034511,155.8750,-628.5000,-172.1250,670.0271
53.059717,156.3750,-627.8750,-173.1875,669.8314
53.083742,156.3125,-628.0625,-173.1250,669.9764
53.109652,156.2500,-627.4375,-173.3750,669.4406
53.134961,157.0625,-627.8125,-172.2500,669.6919
53.159119,155.6875,-627.8750,-173.0000,669.6227
53.183575,155.8750,-627.8750,-173.0625,669.6825
53.210913,156.0000,-628.2500,-172.6250,669.9503
53.234204,156.0625,-628.4375,-173.0000,670.2374
53.258643,155.2500,-628.0000,-173.1875,669.6868
53.283866,155.5625,-628.8125,-172.6875,670.3923
53.310304,155.3750,-627.9375,-171.8750,669.3190
53.334357,155.4375,-628.0625,-171.8125,669.4347
53.358787,155.7500,-628.5625,-172.6250,670.1853
53.384112,156.1875,-628.3125,-172.0625,669.9079
53.410026,155.7500,-628.3750,-172.7500,670.0416
53.433616,155.9375,-628.1250,-173.0000,669.9153
53.458893,155.6250,-628.5000,-172.3125,670.0172
53.485339,155.8750,-628.6250,-172.3125,670.1925
53.509767,156.1875,-628.2500,-173.0000,670.0907
53.534233,156.0000,-627.9375,-172.7500,669.6895
53.558995,155.6250,-628.3750,-172.1250,669.8517
53.585478,156.1250,-628.8125,-173.3750,670.7004
53.610688,156.1250,-628.2500,-171.8750,669.7866
53.634242,155.9375,-628.0000,-173.0000,669.7981
53.658967,156.6875,-628.1250,-172.5000,669.9614
53.684612,155.8125,-628.4375,-173.2500,670.2438
53.709265,156.1875,-628.0625,-173.2500,669.9796
53.733944,156.3750,-628.1250,-173.1875,670.0657
53.758930,155.8125,-628.5000,-172.6875,670.1573
53.784809,156.1875,-628.5000,-171.9375,670.0517
53.808969,155.5625,-628.1875,-173.0000,669.8867
53.834234,156.3750,-628.0000,-172.1250,669.6747
53.859692,155.5625,-627.6875,-172.8125,669.3694
53.884144,156.5625,-628.1250,-173.0000,670.0611
53.909824,156.1250,-628.3750,-173.1875,670.2418
53.934532,156.3125,-627.7500,-174.0000,669.9102
53.959498,156.3750,-627.8750,-172.7500,669.7184
53.984280,157.2500,-628.2500,-172.6250,670.2425
54.009916,155.6875,-628.0000,-172.3750,669.5788
54.033930,156.4375,-628.1250,-172.6875,669.9513
54.059947,156.3750,-628.3750,-173.1875,670.3001
54.084212,156.7500,-628.0625,-171.6875,669.7086
54.108858,155.8750,-628.1875,-172.1250,669.7340
54.134128,155.6250,-628.3750,-173.6250,670.2387
54.160136,156.6250,-628.1250,-172.7500,670.0112
54.183856,156.2500,-628.6875,-172.6250,670.4188
54.209392,155.9375,-628.0000,-172.0625,669.5566
54.234675,155.7500,-628.0625,-173.8125,670.0234
54.260660,156.5625,-627.8750,-172.5000,669.6978
54.284209,156.3125,-628.1875,-172.5000,669.9324
54.309389,156.5625,-628.2500,-171.9375,669.9048
54.334537,156.3750,-628.5625,-173.0625,670.4436
54.360173,156.2500,-628.0625,-172.4375,669.7845
54.384909,155.4375,-628.3125,-172.8125,669.9265
54.409569,156.3125,-628.3750,-173.2500,670.3016
54.435091,155.9375,-628.4375,-173.0000,670.2083
54.459839,156.2500,-628.2500,-172.4375,669.9603
54.484631,155.8750,-627.9375,-173.3750,669.8219
54.509528,156.0000,-628.5000,-172.6250,670.1848
54.535246,156.1875,-628.1875,-172.6875,669.9515
54.559216,157.0000,-628.1250,-172.3125,669.9863
54.584101,156.3750,-628.5625,-172.0000,670.1701
54.609913,155.5000,-627.9375,-173.8125,669.8481
54.634080,154.9375,-628.2500,-172.0625,669.5590
54.659469,156.1875,-628.3125,-172.5000,670.0204
54.684957,155.4375,-628.6250,-172.5000,670.1391
54.709458,156.5625,-628.4375,-173.5625,670.4994
54.734163,155.5000,-628.3750,-172.4375,669.9030
54.760188,156.3750,-628.1875,-173.1875,670.1243
54.784387,156.0000,-628.3125,-172.6250,670.0089
54.809442,156.0625,-628.5000,-172.2500,670.1028
54.834256,156.6875,-627.8750,-172.3750,669.6948
54.859306,156.3125,-628.0625,-172.8125,669.8957
54.884355,156.4375,-627.8750,-172.6875,669.7169
54.910087,156.6250,-628.3750,-172.7500,670.2455
54.934057,156.1875,-627.8750,-172.8125,669.6908
54.959355,157.0000,-627.9375,-172.7500,669.9232
54.986282,156.7500,-627.8125,-172.3125,669.6347
55.009738,156.5625,-627.7500,-172.6875,669.6289
55.034243,156.0000,-627.5625,-172.8750,669.3702
55.060021,155.9375,-628.1875,-172.8125,669.9255
55.085076,156.6250,-628.6250,-172.7500,670.4799
55.109425,156.6250,-628.0000,-173.3750,670.0554
55.134659,156.6250,-627.9375,-172.6250,669.8032
55.160349,156.7500,-628.1250,-173.0625,670.1210
55.185312,156.3125,-628.3750,-173.5625,670.3825
55.209537,155.8750,-628.3750,-172.8750,670.1029
55.235146,155.6250,-628.0625,-172.3125,669.6068
55.259587,155.8750,-628.1875,-172.3125,669.7822
55.284357,156.5000,-628.3750,-172.7500,670.2163
55.309152,156.5625,-627.9375,-173.1250,669.9176
55.334087,156.5000,-628.3750,-173.0625,670.2970
55.359432,157.1875,-627.8125,-172.3750,669.7534
55.385414,157.3750,-628.7500,-173.9375,671.0795
55.409415,156.5625,-628.7500,-173.5625,670.7923
55.434530,156.5625,-628.2500,-174.1875,670.4858
55.459512,156.7500,-628.1875,-172.6250,670.0668
55.485106,156.0000,-628.4375,-172.1250,669.9975
55.509397,155.8750,-628.0000,-173.3750,669.8805
55.534599,156.6875,-628.3750,-170.8750,669.7794
55.560042,156.3750,-627.8125,-171.5625,669.3544
55.584736,156.9375,-628.1250,-173.2500,670.2134
55.610072,155.9375,-628.1875,-171.9375,669.7003
55.635736,156.2500,-628.0000,-172.8750,669.8387
55.659782,156.2500,-627.8750,-172.1250,669.5283
55.685955,157.0000,-627.9375,-171.6875,669.6500
55.710614,156.5000,-627.9375,-172.4375,669.7256
55.734976,157.0625,-628.2500,-173.0000,670.2952
55.760046,157.5625,-628.2500,-172.3750,670.2516
55.785253,156.2500,-628.0625,-173.0625,669.9457
55.810178,155.7500,-628.2500,-172.8750,669.9566
55.835092,156.3125,-628.0625,-172.0625,669.7026
55.860355,156.2500,-628.2500,-172.1250,669.8799
55.885393,155.8125,-628.1250,-171.9375,669.6126
55.909591,156.6875,-628.0625,-173.1250,670.0640
55.935442,156.3750,-628.6250,-172.6250,670.3894
55.960432,156.5625,-628.3750,-171.5000,669.9098
55.985376,155.9375,-628.4375,-173.0000,670.2083
56.009552,156.4375,-628.3125,-173.5625,670.3531
56.034761,157.1250,-628.1250,-173.0625,670.2089
56.060221,157.0625,-628.4375,-172.2500,670.2778
56.084512,156.0625,-627.9375,-173.1250,669.8009
56.109786,156.1250,-628.4375,-172.6250,670.1553
56.135833,156.8125,-628.6875,-171.9375,670.3735
56.160045,156.0000,-628.1875,-172.8750,669.9562
56.185000,155.6875,-628.5625,-173.2500,670.3320
56.209969,156.3750,-627.9375,-172.8750,669.8092
56.235267,156.2500,-627.9375,-172.4375,669.6673
56.259722,155.8750,-628.0000,-172.7500,669.7190
56.284883,156.0000,-628.8750,-172.4375,670.4882
56.310425,157.0625,-628.4375,-173.2500,670.5355
56.335381,157.2500,-628.3125,-172.8750,670.3655
56.359680,156.5625,-627.9375,-172.2500,669.6920
56.385622,156.6250,-628.6875,-172.1250,670.3778
56.410254,155.9375,-628.6250,-173.5625,670.5295
56.435109,156.9375,-628.1875,-171.9375,669.9339
56.459669,156.6250,-628.3125,-172.1250,670.0261
56.484409,156.1250,-627.8125,-172.3125,669.4887
56.510153,156.0625,-628.3125,-173.2500,670.1848
56.534844,156.5000,-628.8125,-173.1875,670.7394
56.559924,157.0625,-628.5000,-173.7500,670.7234
56.584877,156.3125,-628.3750,-172.5000,670.1082
56.610579,155.6875,-628.2500,-172.2500,669.7811
56.635764,156.4375,-627.6875,-172.8125,669.5733
56.659603,156.1875,-628.2500,-173.0000,670.0907
56.684836,156.2500,-628.5000,-171.8750,670.0502
56.711335,155.8125,-628.5000,-173.2500,670.3024
56.735466,156.5625,-627.5000,-173.0000,669.4752
56.759650,156.3750,-628.2500,-172.1250,669.9091
56.784840,157.0000,-628.3125,-172.6250,670.2425
56.810419,156.6250,-628.0625,-173.3750,670.1140
56.834564,156.4375,-628.0000,-173.4375,670.0278
56.859938,156.4375,-628.5625,-172.2500,670.2489
56.885248,155.5000,-628.1250,-172.8750,669.7813
56.910567,156.8125,-628.0000,-173.2500,670.0670
56.934830,156.3125,-627.6875,-173.2500,669.6572
56.960274,156.5625,-628.5000,-173.0000,670.4126
56.985719,156.0000,-628.1250,-172.4375,669.7848
57.010848,156.7500,-628.1250,-172.4375,669.9599
57.035606,156.6250,-628.0625,-171.6875,669.6794
57.060931,156.6250,-628.2500,-172.7500,670.1284
57.085689,156.3750,-628.3750,-172.0000,669.9942
57.109938,156.8750,-628.4375,-173.5000,670.5563
57.135153,157.3125,-628.0625,-173.0000,670.1781
57.160511,156.6875,-628.0000,-172.2500,669.7798
57.185261,156.8750,-628.3125,-172.6250,670.2132
57.209953,156.1250,-627.6250,-173.3750,669.5872
57.236365,156.3750,-628.4375,-171.6875,669.9727
57.260620,156.6875,-628.1875,-172.5000,670.0200
57.284960,155.4375,-628.0000,-173.2500,669.7465
57.310089,156.0000,-628.1875,-172.1250,669.7631
57.335171,156.8750,-627.6875,-173.3750,669.8211
57.359773,156.6250,-628.3125,-171.6875,669.9139
57.385327,156.0625,-628.3750,-172.6875,670.0982
57.410857,156.6875,-627.9375,-173.0000,669.9145
57.435364,155.8125,-628.2500,-172.5000,669.8745
57.460118,156.2500,-628.0000,-172.7500,669.8064
57.485405,156.4375,-628.3750,-172.8125,670.2179
57.511180,156.8750,-628.3125,-172.0000,670.0525
57.535038,155.5625,-627.9375,-172.2500,669.4589
57.560845,155.7500,-628.3750,-173.0625,670.1223
57.585688,157.5625,-628.4375,-170.8750,670.0432
57.610904,156.5000,-628.0625,-173.6250,670.1495
57.635123,155.9375,-628.1250,-172.2500,669.7220
57.661890,156.4375,-627.8750,-173.1250,669.8298
57.685262,156.0625,-628.0625,-173.0000,669.8858
57.710061,156.6875,-628.3750,-172.8125,670.2763
57.735356,156.6250,-628.1875,-172.1250,669.9089
57.761148,156.4375,-628.5000,-173.5625,670.5288
57.785233,156.0000,-628.0625,-172.8750,669.8390
57.810380,155.9375,-628.0000,-172.5000,669.6691
57.836614,156.3125,-628.3750,-173.0000,670.2371
57.860246,156.5625,-628.4375,-172.3750,670.1930
57.886177,157.1875,-628.4375,-172.5000,670.3714
57.911466,156.0625,-628.1875,-172.5000,669.8741
57.935327,155.9375,-628.0625,-172.8125,669.8083
57.960250,156.7500,-628.4375,-172.8750,670.3656
57.985781,156.8125,-628.1250,-172.2500,669.9263
58.009942,156.2500,-628.3125,-173.0625,670.1800
58.035360,156.5000,-628.5000,-173.1875,670.4464
58.061181,156.6250,-628.5625,-172.7500,670.4213
58.085123,157.1875,-628.5000,-172.6875,670.4783
58.110407,156.5625,-628.5625,-172.8125,670.4228
58.136268,155.8750,-628.1250,-172.4375,669.7557
58.160178,155.3125,-627.8750,-173.2500,669.6003
58.185476,156.3125,-628.3750,-172.8125,670.1887
58.210342,156.2500,-628.1875,-172.1250,669.8213
58.236020,155.8125,-627.6875,-173.1250,669.5083
58.260255,156.6875,-628.2500,-172.0625,669.9661
58.285231,155.5625,-628.2500,-173.2500,670.0099
58.311416,156.3750,-628.4375,-172.6250,670.2136
58.335862,156.0000,-628.3125,-173.5000,670.2349
58.360847,156.6250,-628.6875,-173.6250,670.7645
58.386208,156.5625,-627.8750,-173.4375,669.9398
58.410660,155.3750,-627.6250,-172.3125,669.1383
58.435473,155.7500,-627.9375,-173.6250,669.8576
58.460154,157.3125,-628.1250,-172.8125,670.1883
58.485587,156.1875,-628.8750,-172.6875,670.5962
58.510579,155.8125,-627.8750,-172.5000,669.5228
58.535667,157.1250,-628.1875,-172.7500,670.1868
58.560773,156.5000,-628.2500,-172.1250,669.9383
58.585418,156.7500,-628.0000,-172.1250,669.7623
58.610694,156.8750,-628.3750,-173.5000,670.4977
58.636191,156.3750,-628.0000,-172.8750,669.8678
58.660279,156.3125,-628.3125,-172.6875,670.0979
58.685449,155.3750,-627.8750,-172.0000,669.2925
58.710589,157.5625,-628.0625,-171.9375,669.9634
58.735945,156.3125,-628.3750,-172.3750,670.0760
58.760651,156.8125,-627.8750,-172.6875,669.8046
58.785494,155.8750,-628.5000,-173.1875,670.3008
58.811149,156.0625,-628.1875,-172.8125,669.9546
58.835431,156.6875,-628.5000,-172.6875,670.3612
58.860794,157.1875,-628.0625,-171.8125,669.8432
58.886291,156.5625,-628.1250,-173.0000,670.0611
58.910336,156.9375,-628.5625,-172.3750,670.3979
58.935623,156.1875,-628.1875,-173.1250,670.0644
58.960692,156.4375,-628.5625,-172.5000,670.3132
58.986235,156.7500,-628.3750,-172.0000,670.0819
59.010400,156.3125,-628.0000,-172.2500,669.6922
59.035656,156.5000,-628.0000,-173.0625,669.9454
59.061639,156.6250,-627.8125,-173.6250,669.9445
59.085438,157.4375,-628.2500,-173.7500,670.5771
59.110625,156.4375,-628.0000,-172.8125,669.8663
59.135781,156.6875,-628.2500,-172.6875,670.1269
59.160272,156.3750,-628.3125,-171.6875,669.8555
59.185733,156.3750,-628.3125,-173.8125,670.4033
59.211351,156.3125,-628.5625,-173.7500,670.6068
59.236566,157.1250,-628.4375,-172.3125,670.3086
59.260641,157.1250,-627.8750,-172.8750,669.9262
59.285639,156.6250,-628.4375,-172.7500,670.3041
59.311759,156.6250,-628.3125,-172.3125,670.0743
59.335579,155.8125,-628.3750,-172.6875,670.0400
59.360721,156.3750,-628.1250,-172.1250,669.7919
59.387081,156.9375,-628.2500,-172.0625,670.0246
59.411149,156.1250,-628.4375,-173.3750,670.3489
59.435416,157.3750,-628.9375,-172.8750,670.9807
59.461473,156.9375,-628.5000,-173.0000,670.5003
59.485442,157.1875,-628.1250,-172.0625,669.9660
59.511355,156.9375,-628.1875,-173.0000,670.2074
59.536746,156.8750,-628.0625,-172.4375,669.9306
59.560884,156.9375,-628.3125,-173.1250,670.3568
59.585819,157.0000,-628.4375,-172.6250,670.3597
59.611150,156.5000,-628.1875,-173.0625,670.1212
59.635818,155.7500,-628.1250,-172.6250,669.7749
59.660584,156.5625,-628.0000,-173.4375,670.0570
59.686478,156.7500,-627.8125,-172.4375,669.6669
59.710389,156.4375,-628.1875,-173.5625,670.2359
59.735990,156.3750,-627.9375,-172.6250,669.7448
59.761902,156.3750,-628.0625,-173.0625,669.9748
59.786237,155.8125,-627.8750,-172.0625,669.4102
59.810755,156.5000,-628.4375,-173.3750,670.4363
59.835950,156.3750,-628.1250,-173.3750,670.1142
59.862664,157.1250,-628.1250,-171.8750,669.9032
59.885599,157.2500,-628.0625,-172.4375,670.0185
59.910914,156.2500,-628.0625,-173.5000,670.0588
59.936408,156.6250,-627.6875,-173.1875,669.7140
59.961596,156.8750,-627.5000,-173.3750,669.6454
59.985919,156.5625,-628.2500,-173.2500,670.2428
60.011705,156.6875,-628.2500,-173.4375,670.3205
60.036839,156.4375,-628.0000,-172.0625,669.6732
60.060895,156.7500,-628.3750,-173.3750,670.4361
60.086689,156.5000,-628.4375,-173.0625,670.3556
60.111703,156.9375,-628.2500,-172.5000,670.1371
60.136457,156.3750,-627.6250,-173.3750,669.6456
60.161922,156.6875,-628.1875,-173.1250,670.1811
60.186083,156.6250,-628.0625,-173.5000,670.1464
60.210763,157.1875,-628.0625,-173.1250,670.1811
60.236364,157.1875,-628.2500,-172.5000,670.1957
60.262452,156.5000,-628.1875,-172.4375,669.9601
60.286143,155.9375,-628.4375,-174.0000,670.4671
60.310937,156.7500,-628.2500,-174.3750,670.5783
60.336354,157.3125,-628.1875,-173.0000,670.2953
60.362501,156.5000,-627.9375,-172.7500,669.8062
60.386184,156.4375,-627.8125,-172.8125,669.6905
60.410882,157.1875,-628.1875,-172.0625,670.0246
60.440990,156.5625,-627.7500,-174.1875,670.0173
60.462583,157.1250,-628.6250,-172.3125,670.4843
60.485730,156.3750,-627.8750,-172.8750,669.7506
60.510987,157.0000,-628.3125,-172.6250,670.2425
60.537592,156.9375,-628.4375,-172.6875,670.3611
60.561918,156.6875,-627.9375,-173.1250,669.9468
60.586564,156.6250,-628.5000,-172.4375,670.2823
60.610872,157.1250,-628.2500,-174.1250,670.6011
60.636580,156.4375,-627.8125,-172.8125,669.6905
60.661824,156.8125,-628.4375,-172.3750,670.2514
60.686869,156.9375,-628.5625,-173.1250,670.5911
60.711102,156.5000,-628.1250,-173.6250,670.2081
60.736451,157.1875,-628.0000,-172.2500,669.8970
60.761672,157.4375,-628.4375,-173.1250,670.5912
60.785891,156.6250,-628.2500,-172.0000,669.9354
60.811304,157.2500,-628.1875,-172.6250,670.1839
60.837253,156.1875,-627.8125,-173.5625,669.8261
60.861821,156.9375,-628.3750,-172.5000,670.2543
60.886380,156.5625,-627.8125,-173.2500,669.8328
60.911908,156.0625,-628.1250,-173.0000,669.9444
60.936812,156.1875,-627.9375,-172.3750,669.6366
60.960979,156.7500,-628.2500,-172.4375,670.0771
60.987722,156.5625,-628.6250,-173.4375,670.6428
61.012250,155.7500,-627.8750,-172.0000,669.3796
61.036416,156.5625,-627.8750,-172.5000,669.6978
61.061186,156.6875,-628.1875,-174.3125,670.4889
61.086328,156.0000,-628.6250,-173.0625,670.4148
61.112733,156.6875,-628.0625,-171.9375,669.7582
61.136415,156.8125,-628.0625,-173.0000,670.0609
61.161202,157.2500,-627.8750,-173.1875,670.0362
61.186866,157.2500,-628.3750,-173.5000,670.5855
61.211129,155.9375,-628.0000,-172.6875,669.7175
61.236257,156.3125,-628.0625,-172.6875,669.8635
61.261221,156.8125,-627.8750,-172.6875,669.8046
61.285957,156.2500,-628.3125,-173.3750,670.2608
61.311257,156.6875,-627.6875,-172.5000,669.5512
61.337304,156.8750,-628.0000,-171.5625,669.6473
61.361091,156.0625,-627.8125,-173.7500,669.8456
61.386465,156.6875,-628.1250,-173.5625,670.2357
61.411985,157.3125,-628.4375,-173.1250,670.5618
61.437183,156.5625,-628.3750,-173.1250,670.3277
61.462241,156.6250,-627.6875,-172.6250,669.5688
61.486635,156.3125,-628.0000,-172.5000,669.7566
61.512153,157.0000,-628.1875,-172.1250,669.9967
61.536440,156.4375,-628.3125,-173.4375,670.3207
61.561103,156.1250,-628.0000,-172.3125,669.6646
61.586931,156.0625,-628.0625,-172.3750,669.7247
61.611220,156.1875,-628.0000,-173.1250,669.8886
61.636834,156.5625,-627.3750,-172.2500,669.1646
61.661700,156.8750,-628.0000,-173.3750,670.1139
61.686509,156.5000,-627.9375,-173.6250,670.0324
61.711392,157.0625,-628.1250,-172.6875,670.0975
61.737710,156.3750,-627.8125,-172.7500,669.6598
61.761036,156.8750,-628.4375,-172.3125,670.2500
61.786295,156.4375,-627.8750,-172.0625,669.5560
61.811737,156.5000,-628.3125,-171.8750,669.9327
61.836861,155.9375,-627.8750,-173.1250,669.7132
61.861350,156.6250,-628.1250,-173.1875,670.1241
61.886913,157.0000,-628.0000,-173.0625,670.0624
61.912387,156.6875,-627.6875,-171.8125,669.3744
61.937330,157.3750,-628.0625,-173.5000,670.3220
61.961831,156.8125,-628.4375,-172.6875,670.3319
61.987500,156.5625,-627.7500,-173.1250,669.7418
62.012620,156.6875,-628.2500,-172.5000,670.0786
62.036920,156.7500,-627.8750,-173.0625,669.8867
62.061745,157.3125,-628.0625,-171.6250,669.8245
62.087481,156.3750,-628.0000,-171.4375,669.4983
62.112029,156.2500,-628.1875,-173.1875,670.0951
62.137204,156.0000,-628.3125,-172.6250,670.0089
62.162236,157.1250,-627.6875,-172.7500,669.7182
62.186949,156.0625,-628.0625,-173.1250,669.9181
62.211472,156.7500,-628.1250,-172.8750,670.0726
62.236189,157.1250,-627.9375,-171.8750,669.7274
62.262192,157.0000,-628.9375,-173.1875,670.9734
62.286255,156.3750,-627.9375,-172.4375,669.6965
62.311516,156.5000,-628.2500,-173.0625,670.1798
62.336755,156.9375,-628.3750,-172.2500,670.1900
62.361302,157.6250,-628.3125,-172.7500,670.4214
62.386493,156.2500,-628.8750,-173.8125,670.9013
62.411714,156.5000,-628.0000,-173.0625,669.9454
62.437183,156.8750,-627.9375,-172.6250,669.8617
62.461536,156.9375,-628.3125,-172.2500,670.1314
62.486851,156.5000,-628.5000,-173.0625,670.4141
62.512718,156.9375,-628.0000,-173.1250,670.0639
62.537668,156.0625,-628.1875,-173.0000,670.0030
62.562715,157.1250,-628.1875,-172.6250,670.1546
62.587539,156.3125,-628.1875,-174.3125,670.4014
62.611657,156.1875,-627.8125,-172.8125,669.6322
62.637681,157.3750,-627.8125,-172.8750,669.9263
62.663348,156.8125,-627.7500,-172.5000,669.6391
62.686659,157.1875,-628.0625,-172.5000,670.0199
62.713312,157.0000,-628.1250,-171.6875,669.8258
62.737175,156.7500,-628.1250,-172.3125,669.9277
62.762370,157.3750,-627.6250,-172.3125,669.6056
62.788124,156.0625,-628.3750,-172.8125,670.1304
62.811881,156.1875,-628.1875,-173.2500,670.0967
62.836778,156.5625,-628.9375,-172.6875,670.7423
62.861902,156.4375,-627.9375,-173.1250,669.8884
62.887052,157.0000,-628.2500,-172.7500,670.2161
62.911692,157.3750,-628.4375,-172.6250,670.4476
62.936688,156.3750,-628.1875,-173.1875,670.1243
62.962407,156.8750,-628.1875,-173.5000,670.3220
62.986399,156.6875,-627.8750,-171.9375,669.5823
63.011985,157.0625,-628.0625,-172.6875,670.0389
63.037324,157.0000,-628.1250,-173.0625,670.1796
63.062432,156.6250,-627.6875,-173.9375,669.9084
63.086629,156.4375,-628.1875,-173.0000,670.0905
63.111864,157.1875,-628.0000,-172.3750,669.9291
63.137728,156.5000,-627.7500,-172.8750,669.6627
63.161793,156.3125,-628.1250,-172.5000,669.8738
63.186808,157.2500,-628.5000,-172.3125,670.3965
63.211857,157.1875,-627.8125,-173.1250,669.9468
63.237242,156.6250,-628.0000,-173.5000,670.0878
63.261793,157.1875,-628.0625,-172.0625,669.9074
63.287091,157.1875,-628.1875,-172.8125,670.2176
63.312743,157.0000,-628.0625,-173.3750,670.2018
63.336582,156.9375,-628.1875,-173.1250,670.2396
63.361920,156.5000,-628.0625,-172.3125,669.8107
63.386919,156.5625,-628.7500,-173.4375,670.7600
63.412776,156.8750,-628.5000,-173.0625,670.5018
63.436867,157.1875,-628.5000,-173.1250,670.5911
63.462048,157.3125,-628.6250,-173.7500,670.8992
63.487382,157.5625,-627.5000,-172.5000,669.5808
63.511846,156.7500,-628.3125,-172.6250,670.1840
63.536891,157.2500,-627.8125,-172.4375,669.7841
63.562568,157.2500,-628.1250,-172.0000,669.9646
63.587721,158.1875,-627.6875,-173.0000,670.0327
63.612295,157.0000,-628.1875,-172.0000,669.9646
63.637550,157.5625,-627.7500,-172.0625,669.7026
63.663851,156.5625,-627.8750,-173.0000,669.8267
63.686961,156.9375,-628.3125,-172.6875,670.2439
63.711634,156.8750,-628.2500,-172.0000,669.9939
63.738524,157.3125,-627.8750,-171.6250,669.6487
63.762240,156.1250,-628.3125,-173.5000,670.2640
63.787057,156.8750,-628.3125,-172.3125,670.1328
63.812971,157.8750,-628.3125,-172.1250,670.3194
63.837377,157.0625,-628.3125,-173.4375,670.4668
63.862911,156.5625,-628.2500,-172.3750,670.0172
63.887690,156.6875,-628.4375,-172.5000,670.2544
63.912428,157.2500,-628.1250,-172.3125,670.0449
63.937357,156.6875,-627.8750,-172.5000,669.7270
63.963043,156.8750,-627.8125,-172.1250,669.6158
63.987615,156.8125,-628.5625,-172.2500,670.3365
64.012720,156.6875,-627.8125,-171.9375,669.5237
64.038523,157.3750,-628.0000,-172.8750,670.1020
64.062303,156.9375,-627.6250,-171.8125,669.3744
64.087013,157.4375,-628.2500,-173.2500,670.4478
64.112029,156.4375,-627.9375,-173.1250,669.8884
64.137727,157.5000,-628.2500,-173.3750,670.4947
64.161768,157.4375,-627.7500,-171.6250,669.5609
64.187915,156.5625,-628.9375,-173.0000,670.8228
64.212731,157.3125,-628.5625,-173.4375,670.7597
64.237865,156.8125,-628.1875,-172.6875,670.0975
64.262010,156.9375,-628.1250,-172.3750,669.9877
64.287156,156.5625,-628.6875,-173.0000,670.5884
64.312236,156.8125,-628.0625,-172.6875,669.9803
64.336841,156.8125,-628.3125,-172.5000,670.1664
64.362181,156.7500,-628.5000,-172.7500,670.3920
64.387583,156.4375,-627.6250,-172.0625,669.3215
64.413093,156.6250,-627.7500,-173.0625,669.7403
64.437493,156.9375,-628.3750,-173.4375,670.4961
64.462092,156.9375,-628.0625,-173.0000,670.0902
64.488292,157.0000,-628.6250,-173.1875,670.6805
64.512257,157.4375,-628.3125,-173.2500,670.5063
64.537864,157.0000,-627.7500,-172.4375,669.6669
64.563080,155.8750,-628.1250,-172.3125,669.7235
64.587957,157.0000,-628.4375,-172.8750,670.4241
64.612540,156.5000,-627.8125,-172.4375,669.6085
64.637942,155.8750,-628.0000,-174.2500,670.1075
64.663009,156.3750,-628.3750,-173.5000,670.3809
64.687161,156.8125,-628.1875,-171.9375,669.9046
64.711955,156.9375,-628.5000,-173.2500,670.5648
64.737740,156.4375,-627.8125,-173.0000,669.7389
64.762206,156.7500,-627.8750,-171.6875,669.5328
64.786938,157.3750,-628.0625,-172.8750,670.1605
64.812511,156.3125,-628.0000,-171.9375,669.6119
64.837490,156.5625,-627.7500,-173.4375,669.8227
64.863602,157.1250,-628.0000,-173.0625,670.0917
64.887576,157.3125,-628.3750,-173.0000,670.4710
64.912206,156.7500,-627.8750,-173.3750,669.9675
64.937510,157.3125,-627.8125,-172.2500,669.7506
64.964211,156.6875,-628.0000,-173.1250,670.0054
64.987683,157.3750,-628.2500,-172.8750,670.3363
65.012307,156.9375,-627.8750,-173.4375,670.0276
65.037265,156.9375,-627.8750,-172.6875,669.8338
65.063018,157.3125,-628.2500,-173.2500,670.4184
65.087044,157.4375,-627.6250,-171.8125,669.4918
65.112713,156.8750,-627.8750,-172.4375,669.7548
65.137710,156.1250,-627.9375,-172.4375,669.6381
65.163882,156.8750,-628.1250,-172.4375,669.9892
65.187413,157.1875,-628.6875,-172.5000,670.6058
65.212766,156.8750,-628.8125,-173.0625,670.7947
65.238354,156.6250,-627.8750,-172.7500,669.7768
65.263474,157.0625,-628.0625,-172.5000,669.9906
65.287666,157.0000,-628.3750,-172.1250,670.1725
65.313515,156.8125,-628.4375,-173.0000,670.4124
65.337264,156.7500,-627.7500,-172.4375,669.6083
65.362358,157.3750,-627.8750,-172.4375,669.8721
65.387179,156.3125,-628.1875,-172.3750,669.9002
65.412854,157.1250,-628.3750,-173.0625,670.4432
65.437425,157.1250,-627.9375,-172.4375,669.8720
65.462163,156.9375,-628.3750,-173.0000,670.3831
65.488328,156.6875,-628.1875,-172.3750,669.9878
65.512376,156.4375,-628.0625,-172.8125,669.9249
65.537643,157.3750,-627.8125,-173.0625,669.9747
65.562900,156.1875,-628.0625,-171.9375,669.6414
65.587216,156.8125,-628.4375,-172.5000,670.2836
65.613701,156.2500,-627.8125,-172.7500,669.6306
65.638804,157.6250,-628.1250,-172.6250,670.2134
65.663216,156.5000,-628.2500,-172.8750,670.1314
65.687971,157.4375,-628.1250,-172.6875,670.1855
65.712618,156.8750,-627.6250,-171.6875,669.3277
65.737950,156.5625,-628.1875,-172.5000,669.9907
65.762513,157.0625,-627.7500,-172.5000,669.6976
65.788495,156.8125,-628.0000,-172.2500,669.8091
65.812820,157.4375,-628.3750,-172.5000,670.3715
65.837433,157.5000,-628.1250,-173.1875,670.3292
65.863193,157.0000,-628.5625,-172.0000,670.3162
65.889344,157.2500,-627.8125,-173.5000,670.0585
65.912691,157.3125,-627.7500,-173.2500,669.9499
65.937532,157.1250,-628.0625,-171.5625,669.7645
65.963507,156.9375,-627.9375,-172.5000,669.8441
65.988474,156.9375,-628.0625,-172.3750,669.9291
66.012420,156.8125,-628.2500,-172.3750,670.0756
66.037678,156.4375,-628.5000,-173.1250,670.4157
66.062715,156.9375,-628.1875,-172.6875,670.1268
66.087272,156.8750,-628.6250,-171.8750,670.3135
66.112897,156.8750,-628.3750,-173.9375,670.6110
66.137609,156.8750,-628.1875,-173.3750,670.2896
66.162297,156.5000,-628.0000,-172.3125,669.7521
66.187713,156.5000,-628.3750,-173.1875,670.3292
66.212577,156.4375,-627.7500,-172.6875,669.5997
66.238006,157.3125,-627.9375,-171.9375,669.7875
66.262767,156.3750,-627.8750,-173.0625,669.7991
66.288153,157.7500,-628.2500,-173.0625,670.4728
66.313542,156.4375,-628.1250,-172.6875,669.9513
66.337641,157.1250,-628.1875,-173.0625,670.2674
66.363091,157.0625,-628.4375,-172.2500,670.2778
66.394643,156.5625,-628.0625,-172.6875,669.9219
66.412591,156.8125,-628.1875,-172.0625,669.9367
66.437307,157.4375,-628.0625,-171.8125,669.9019
66.462787,156.6875,-627.6250,-172.3750,669.4604
66.488403,156.7500,-628.0000,-172.1250,669.7623
66.513419,157.6250,-628.2500,-173.5000,670.5565
66.538585,156.1875,-628.0625,-171.9375,669.6414
66.562714,157.0000,-628.1875,-173.3750,670.3189
66.587822,156.8125,-628.3750,-172.8125,670.3055
66.613999,156.7500,-628.0625,-173.3750,670.1432
66.638048,156.6875,-628.3750,-172.6875,670.2440
66.662734,156.4375,-628.0625,-173.8750,670.1998
66.687982,156.1875,-628.4375,-172.5000,670.1377
66.712959,157.0625,-628.0000,-172.3750,669.8998
66.737989,157.2500,-628.0000,-171.6875,669.7672
66.763601,157.1250,-628.0000,-172.4375,669.9306
66.788182,156.9375,-628.2500,-172.6875,670.1854
66.812750,156.5000,-628.3750,-172.6250,670.1841
66.837822,157.0625,-628.1250,-172.6875,670.0975
66.863745,156.3125,-627.7500,-173.1250,669.6835
66.888301,156.1250,-628.1875,-173.3750,670.1145
66.913136,156.6250,-627.7500,-172.0000,669.4665
66.938850,157.3125,-627.8750,-173.1250,670.0347
66.963666,157.6875,-627.5000,-173.0000,669.7392
66.987543,157.2500,-628.1875,-172.7500,670.2161
67.013524,156.9375,-628.1250,-172.5000,670.0199
67.038250,157.3750,-627.6875,-173.0625,669.8575
67.062625,156.6250,-627.7500,-172.8750,669.6919
67.088470,156.1250,-627.9375,-172.7500,669.7187
67.112888,156.9375,-628.2500,-173.4375,670.3790
67.137735,157.1250,-628.1250,-172.6250,670.0960
67.163244,156.9375,-628.0000,-172.6875,669.9510
67.187673,157.0000,-627.9375,-172.8750,669.9554
67.213116,156.4375,-627.8125,-173.1250,669.7712
67.238227,156.7500,-628.0000,-172.4375,669.8427
67.262812,156.8125,-627.4375,-173.0000,669.4752
67.288626,156.5625,-628.1250,-173.0000,670.0611
67.314350,156.7500,-627.7500,-172.4375,669.6083
67.338154,157.1250,-627.9375,-173.5000,670.1463
67.362993,157.1250,-627.8125,-172.8750,669.8676
67.389489,156.9375,-627.9375,-172.8125,669.9247
67.415139,157.7500,-628.0625,-172.6250,670.1843
67.438406,157.6875,-627.6875,-172.8125,669.8665
67.463018,157.6875,-627.8125,-172.5000,669.9031
67.488856,157.1250,-628.1875,-172.8750,670.2190
67.515190,156.8125,-628.0625,-173.2500,670.1255
67.537727,156.1875,-627.5625,-172.8125,669.3978
67.562979,157.1875,-628.2500,-173.0000,670.3245
67.588135,157.6875,-628.0000,-172.8125,670.1593
67.613600,156.6250,-627.8750,-172.3125,669.6641
67.637994,156.1250,-627.9375,-174.8750,670.2699
67.663223,156.1875,-627.6250,-172.6875,669.4241
67.688655,157.0000,-628.3750,-172.4375,670.2528
67.713103,156.6250,-627.8125,-172.8750,669.7505
67.738832,157.1875,-628.0625,-172.6875,670.0682
67.763429,156.7500,-627.9375,-173.3750,670.0261
67.788222,156.8125,-628.0000,-173.8750,670.2288
67.813313,157.0625,-628.1250,-173.8750,670.4045
67.838539,157.0625,-628.0000,-173.0000,670.0609
67.864178,157.2500,-628.0000,-173.6250,670.2665
67.888370,157.1875,-628.4375,-173.5625,670.6456
67.912703,156.1250,-628.0625,-171.6875,669.5626
67.938814,156.7500,-627.5625,-172.7500,669.5131
67.964219,157.5625,-627.8750,-173.1250,670.0934
67.989119,156.5625,-628.6875,-172.5000,670.4596
68.013510,156.8750,-627.5625,-172.1250,669.3814
68.039499,156.6250,-628.1875,-172.4375,669.9893
68.063307,157.2500,-628.5000,-172.8750,670.5413
68.089726,157.2500,-627.9375,-173.0625,670.0625
68.114007,157.1250,-628.3125,-173.1875,670.4169
68.138522,156.7500,-628.0625,-173.8125,670.2566
68.163687,157.5000,-627.9375,-172.7500,670.0405
68.189863,156.8750,-628.0000,-172.0000,669.7595
68.213750,157.1250,-627.7500,-173.8125,670.0516
68.238595,156.5000,-628.5625,-172.3125,670.2795
68.264031,156.5625,-628.3750,-173.2500,670.3600
68.288744,157.0000,-628.0625,-173.0625,670.1210
68.314799,156.8125,-628.3125,-173.7500,670.4892
68.339550,156.8125,-627.5625,-171.5000,669.2063
68.364022,157.0625,-627.7500,-173.0000,669.8266
68.388189,157.2500,-628.0000,-172.8750,670.0726
68.415512,156.5625,-628.0000,-173.1250,669.9762
68.439060,156.8125,-628.0000,-173.8750,670.2288
68.463161,156.0625,-628.3125,-174.0000,670.3791
68.488318,157.0000,-627.7500,-172.4375,669.6669
68.513979,156.8750,-628.1250,-173.6250,670.2958
68.538113,156.8750,-628.1250,-173.0625,670.1503
68.563410,157.2500,-628.1250,-172.1250,669.9967
68.590561,156.5625,-628.4375,-172.2500,670.1609
68.613599,157.4375,-628.6250,-173.1250,670.7669
68.638623,157.6250,-628.1250,-173.3750,670.4070
68.663598,157.3750,-627.9375,-173.0625,670.0918
68.688859,157.1250,-628.0000,-173.6250,670.2372
68.713356,157.1250,-628.5625,-173.0625,670.6189
68.738654,157.3750,-627.7500,-173.3750,669.9969
68.763759,157.3125,-627.8125,-172.8125,669.8955
68.788609,156.8750,-627.7500,-173.0625,669.7988
68.813404,157.1875,-628.1250,-173.1250,670.2397
68.838690,157.0625,-628.2500,-174.0000,670.5540
68.863859,157.5000,-628.4375,-172.7500,670.5091
68.888566,156.3125,-627.6250,-173.0000,669.5340
68.913526,157.1250,-627.9375,-173.0625,670.0331
68.940002,157.0625,-627.7500,-172.8125,669.7782
68.963349,157.8125,-628.2500,-172.8125,670.4230
68.988723,156.9375,-628.0625,-173.4375,670.2033
69.014967,157.2500,-627.8125,-172.7500,669.8647
69.038767,156.3750,-628.0000,-173.1875,669.9485
69.063728,156.8125,-628.0000,-172.3750,669.8413
69.088411,156.7500,-628.4375,-173.0625,670.4140
69.114126,157.2500,-627.8750,-173.1875,670.0362
69.138416,156.4375,-627.7500,-173.0000,669.6803
69.163702,157.2500,-627.6250,-171.5625,669.3836
69.189479,155.6250,-628.3750,-172.8750,670.0448
69.215329,157.0625,-627.3125,-173.1250,669.4489
69.240993,156.6250,-627.5625,-172.8750,669.5161
69.267554,157.2500,-627.9375,-173.1875,670.0948
69.291237,156.8125,-628.1250,-172.5000,669.9906
69.315392,157.0000,-628.8125,-173.5000,670.9370
69.340831,156.8125,-628.2500,-172.8125,670.1883
69.366454,156.5000,-627.6250,-172.6250,669.4810
69.390502,157.4375,-628.2500,-171.9375,670.1098
69.416743,157.0625,-627.9375,-171.9375,669.7288
69.442333,157.0625,-627.8750,-172.6875,669.8631
69.465542,156.9375,-628.4375,-172.6875,670.3611
69.490616,157.8125,-628.1875,-172.6875,670.3322
69.516153,157.0625,-628.3125,-173.0000,670.3538
69.541313,156.8125,-627.6250,-172.2500,669.4575
69.566469,156.3125,-628.1875,-172.6875,669.9807
69.591747,156.4375,-628.1250,-171.8125,669.7262
69.616567,157.1250,-628.0000,-172.0000,669.8181
69.640730,157.8125,-628.1875,-172.3750,670.2518
69.666170,156.3125,-628.3750,-173.1250,670.2694
69.691007,156.8125,-628.0000,-173.0000,670.0024
69.715565,157.5000,-627.8750,-172.1250,669.8211
69.741188,156.9375,-628.0000,-172.6875,669.9510
69.768611,157.0625,-628.1250,-172.2500,669.9849
69.790461,157.0000,-628.4375,-172.6250,670.3597
69.815769,156.5000,-627.8750,-172.3125,669.6349
69.841664,157.1250,-628.3750,-172.8750,670.3948
69.867998,157.4375,-628.0000,-172.2500,669.9557
69.890787,157.8125,-628.1875,-172.6875,670.3322
69.916013,156.6250,-628.1875,-172.8750,670.1020
69.941603,157.3125,-627.8750,-173.4375,670.1155
69.968377,157.5000,-627.9375,-173.5000,670.2343
69.991445,157.2500,-628.3750,-173.5000,670.5855
70.016218,156.9375,-628.3125,-173.4375,670.4376
70.041637,156.6875,-627.9375,-172.5000,669.7856
70.067788,156.0625,-628.5000,-172.5000,670.1671
70.091081,156.6875,-628.1875,-173.2500,670.2135
70.115826,156.5625,-628.1875,-173.5625,670.2651
70.141861,156.5000,-627.8125,-173.3750,669.8505
70.168534,157.1875,-628.1250,-173.0000,670.2074
70.193242,156.8750,-627.9375,-173.8125,670.1687
70.216399,156.7500,-628.3750,-173.3750,670.4361
70.241154,156.8750,-627.9375,-172.1250,669.7330
70.266765,156.0625,-628.1250,-173.0000,669.9444
70.291217,157.5625,-628.1250,-173.4375,670.4085
70.315630,156.4375,-627.9375,-173.1250,669.8884
70.341742,157.0000,-628.2500,-173.8125,670.4908
70.365632,157.0000,-627.8125,-173.3750,669.9675
70.392012,157.3125,-628.4375,-173.1250,670.5618
70.416332,157.0625,-627.7500,-172.8125,669.7782
70.441220,158.2500,-627.6250,-172.7500,669.9244
70.465681,157.5000,-627.6875,-172.8750,669.8385
70.491451,157.6875,-628.0000,-172.2500,670.0145
70.516607,157.1250,-628.1875,-173.9375,670.4939
70.540712,157.2500,-627.9375,-172.0000,669.7888
70.565918,156.9375,-628.0625,-172.2500,669.8970
70.592127,156.5000,-628.3125,-172.3125,670.0451
70.615678,156.5625,-628.1250,-172.5000,669.9321
70.640936,157.8125,-628.0000,-173.2500,670.3017
70.666432,157.8750,-628.3750,-172.8750,670.5710
70.691530,157.3125,-628.6250,-172.3750,670.5444
70.716771,157.1875,-627.9375,-172.2500,669.8384
70.743158,156.9375,-628.4375,-173.0000,670.4417
70.768840,157.2500,-628.0000,-172.1250,669.8795
70.793854,156.3750,-628.3125,-173.9375,670.4357
70.817831,156.5000,-628.3750,-172.8750,670.2486
70.843033,157.6250,-628.0625,-172.4375,670.1066
70.869333,156.8750,-627.8125,-173.0625,669.8574
70.893397,157.1875,-628.6875,-173.0000,670.7346
70.918035,157.6250,-627.6875,-172.8750,669.8679
70.943217,156.9375,-627.7500,-173.1250,669.8296
70.968656,157.5625,-628.1875,-172.2500,670.1608
70.992895,157.6250,-628.3125,-172.4375,670.3409
71.018207,157.8125,-627.6875,-173.7500,670.1384
71.043779,156.8125,-627.8750,-172.3750,669.7241
71.068274,158.0000,-627.7500,-172.3125,669.8699
71.092934,157.0000,-627.6875,-172.7500,669.6889
71.118705,157.3125,-627.7500,-173.4375,669.9984
71.143037,156.9375,-628.0000,-172.5000,669.9027
71.168003,157.4375,-627.8125,-172.8125,669.9248
71.193918,156.8750,-628.2500,-172.3125,670.0742
71.217919,157.5000,-628.0625,-173.1875,670.2706
71.243257,157.6250,-628.3125,-171.8750,670.1964
71.268449,157.5625,-628.0625,-172.6875,670.1563
71.293702,157.1250,-627.8750,-172.6250,669.8617
71.318052,157.2500,-628.0625,-173.1875,670.2119
71.343486,157.2500,-627.3125,-172.4375,669.3155
71.368792,156.9375,-628.3125,-174.1875,670.6320
71.394567,156.7500,-628.0625,-173.3750,670.1432
71.418295,157.2500,-627.5625,-173.3750,669.7919
71.443099,157.2500,-627.6250,-172.4375,669.6084
71.469133,157.1250,-628.3750,-172.4375,670.2821
71.494439,157.0625,-628.1250,-173.2500,670.2426
71.518516,157.1250,-627.8750,-172.1250,669.7330
71.542913,157.3125,-628.3750,-172.8125,670.4226
71.568701,156.6875,-628.0625,-172.6875,669.9511
71.595266,157.4375,-628.6875,-173.2500,670.8577
71.618084,157.2500,-628.4375,-172.3125,670.3379
71.643473,157.3750,-628.3125,-172.8750,670.3948
71.668421,156.7500,-628.0000,-172.3125,669.8105
71.693915,156.6875,-628.0625,-174.1875,670.3393
71.718767,156.6250,-628.3750,-173.5000,670.4392
71.744513,157.1250,-627.6875,-172.6250,669.6859
71.768284,156.0625,-627.5000,-172.6875,669.2778
71.793861,157.5000,-628.2500,-171.8750,670.1084
71.819486,156.6875,-628.1875,-173.5625,670.2943
71.843573,156.4375,-627.5000,-172.8125,669.3976
71.868256,157.3125,-628.6875,-172.2500,670.5708
71.893813,156.8750,-628.0000,-173.3750,670.1139
71.919303,156.9375,-628.0625,-173.0000,670.0902
71.943611,157.1875,-627.8125,-173.5625,670.0600
71.968454,157.1875,-628.1250,-174.1875,670.5149
71.994780,157.3750,-628.0625,-172.8750,670.1605
72.019098,156.9375,-628.1875,-173.2500,670.2719
72.044117,156.7500,-628.0000,-173.1875,670.0362
72.068454,158.0000,-628.0625,-173.5000,670.4691
72.094302,156.5625,-628.0000,-172.3750,669.7828
72.119264,156.6875,-627.8750,-172.5000,669.7270
72.144318,157.2500,-628.1250,-173.8125,670.4322
72.168347,157.0000,-628.6250,-172.7500,670.5676
72.193794,157.7500,-627.9375,-172.3125,669.9867
72.219167,156.6875,-627.3750,-172.6875,669.3066
72.243218,157.2500,-627.8750,-172.8750,669.9555
72.269152,157.0625,-627.5000,-172.3750,669.4311
72.294636,157.7500,-627.9375,-173.0625,670.1800
72.318677,157.6250,-628.0000,-172.7500,670.1285
72.343392,156.2500,-627.8125,-172.4375,669.5501
72.368199,157.5625,-628.6250,-171.8125,670.4587
72.393656,157.4375,-627.8750,-172.8125,669.9834
72.418443,156.3750,-627.3750,-172.7500,669.2496
72.443660,156.6875,-627.8125,-172.2500,669.6040
72.468694,156.8125,-628.6250,-172.3750,670.4272
72.493454,157.1250,-628.2500,-172.4375,670.1649
72.518539,157.9375,-627.8125,-172.8125,670.0425
72.543916,157.5000,-627.8125,-172.3125,669.8107
72.568636,157.5625,-628.5000,-172.5000,670.5180
72.594375,157.1875,-627.6875,-172.3750,669.6362
72.618921,157.5000,-628.3125,-172.4375,670.3115
72.644403,157.3750,-627.8750,-173.6250,670.1787
72.669311,157.1875,-628.1250,-172.5000,670.0785
72.694436,156.6875,-628.1250,-172.8125,670.0419
72.719550,157.2500,-628.1875,-172.6250,670.1839
72.743473,157.6250,-628.3125,-172.4375,670.3409
72.769810,156.2500,-628.3125,-172.6250,670.0672
72.795266,156.9375,-628.2500,-172.2500,670.0728
72.818798,157.3750,-627.6875,-172.1250,669.6159
72.843705,157.2500,-628.2500,-172.6250,670.2425
72.869442,157.3750,-628.6875,-172.8750,670.7463
72.894018,157.7500,-628.2500,-171.8750,670.1672
72.918622,156.2500,-627.6875,-172.4375,669.4329
72.943729,158.7500,-627.8125,-171.4375,669.8813
72.969584,157.2500,-628.1875,-172.6250,670.1839
72.993567,157.0625,-627.5625,-173.1250,669.6832
73.019313,157.1250,-627.8125,-171.5625,669.5301
73.044773,158.3125,-627.9375,-172.5000,670.1676
73.068867,155.8125,-628.5000,-172.5000,670.1090
73.093706,157.2500,-628.0625,-173.0625,670.1796
73.119254,157.1250,-628.8125,-173.0625,670.8532
73.144846,157.6250,-627.8125,-172.6250,669.9206
73.169279,158.1250,-628.1250,-172.1250,670.2026
73.193775,157.0000,-628.3125,-172.0000,670.0818
73.219985,156.7500,-627.7500,-171.6875,669.4156
73.244450,157.0625,-627.6250,-172.8125,669.6611
73.269572,158.1250,-628.0000,-172.4375,670.1658
73.294769,157.4375,-628.1875,-173.4375,670.4377
73.319285,157.2500,-627.6875,-172.3125,669.6348
73.343793,156.8125,-628.1250,-172.6875,670.0389
73.369091,157.5625,-628.2500,-173.0000,670.4126
73.394574,157.1250,-628.4375,-172.7500,670.4212
73.418487,156.7500,-627.6875,-173.8125,669.9052
73.443503,156.7500,-627.7500,-172.6250,669.6566
73.468987,157.5000,-628.1250,-172.4375,670.1358
73.493830,156.8125,-627.8125,-173.5625,669.9721
73.519580,156.8125,-628.1250,-173.2500,670.1841
73.545024,156.6875,-628.0625,-172.6875,669.9511
73.568728,157.0000,-628.0000,-173.3750,670.1432
73.593955,157.6250,-627.8750,-173.8125,670.2861
73.619320,157.4375,-627.9375,-172.6875,670.0097
73.643522,157.8750,-628.0625,-172.4375,670.1654
73.668961,157.5000,-628.0000,-173.8125,670.3738
73.694600,156.3125,-628.0000,-173.4375,669.9986
73.718748,157.4375,-627.3125,-173.0000,669.5047
73.743928,157.5000,-627.8125,-172.7500,669.9234
73.769017,156.9375,-628.2500,-172.5000,670.1371
73.794423,156.7500,-628.5625,-172.6250,670.4184
73.819080,156.8125,-628.0625,-173.7500,670.2550
73.843971,156.8125,-627.5625,-173.0000,669.5923
73.869777,157.1250,-627.8750,-172.8750,669.9262
73.893783,157.1875,-628.1250,-173.4375,670.3204
73.918964,157.3125,-627.8125,-172.3750,669.7827
73.943914,156.7500,-628.5000,-173.0625,670.4726
73.969819,157.8125,-627.7500,-173.0000,670.0029
73.993824,157.0000,-628.1250,-173.0625,670.1796
74.019050,156.5000,-628.3750,-172.6250,670.1841
74.044581,157.3750,-627.6875,-173.8125,670.0517
74.069878,156.7500,-628.0625,-172.6250,669.9496
74.093938,157.5000,-627.6875,-172.6250,669.7740
74.120114,157.1250,-627.8750,-172.8750,669.9262
74.144329,156.8125,-627.8750,-173.1250,669.9175
74.168873,157.5000,-628.4375,-172.6250,670.4769
74.194749,158.1875,-627.6250,-172.5000,669.8453
74.219651,157.6250,-628.1875,-172.4375,670.2237
74.243869,156.6875,-627.4375,-172.5000,669.3168
74.269339,157.4375,-628.0625,-172.3750,670.0464
74.294719,157.1250,-628.1875,-173.1875,670.2997
74.318817,156.8125,-627.8125,-172.3750,669.6655
74.344327,156.8125,-627.6250,-173.2500,669.7155
74.369359,157.3750,-628.0625,-173.0625,670.2089
74.394359,157.3750,-628.2500,-172.4375,670.2236
74.419167,157.8125,-628.0000,-172.6875,670.1565
74.444391,158.2500,-628.1875,-172.8750,670.4837
74.469442,157.4375,-627.7500,-173.0000,669.9146
74.495631,156.5625,-627.9375,-172.5000,669.7564
74.519853,156.8125,-628.3750,-173.1250,670.3861
74.544730,157.2500,-628.4375,-172.4375,670.3700
74.569092,157.4375,-628.1250,-172.0625,670.0247
74.594319,156.4375,-628.1875,-173.4375,670.2035
74.619015,157.6875,-627.8750,-173.2500,670.1552
74.645067,157.4375,-627.5625,-172.2500,669.5456
74.670336,157.8750,-628.7500,-172.1250,670.7295
74.694850,157.3750,-628.1875,-172.0000,670.0526
74.719511,157.4375,-627.9375,-173.5625,670.2358
74.745770,157.6875,-627.5000,-173.5625,669.8847
74.771033,157.7500,-627.5625,-173.1875,669.8609
74.794854,156.6875,-628.3750,-172.8125,670.2763
74.819656,157.1875,-627.8125,-172.6875,669.8339
74.845304,157.3750,-628.1875,-172.8750,670.2777
74.870027,158.0625,-627.8750,-172.8125,670.1305
74.894541,157.7500,-628.0000,-172.6250,670.1257
74.919344,156.7500,-628.3750,-172.0000,670.0819
74.944888,157.7500,-627.5000,-172.7500,669.6894
74.969721,157.5625,-627.6875,-172.8125,669.8371
74.995828,157.5000,-628.1250,-173.1875,670.3292
75.020984,156.3125,-627.4375,-172.8125,669.3098
75.044511,158.2500,-627.8750,-172.6250,670.1265
75.069595,157.5625,-628.0000,-173.5625,670.3237
75.094708,156.6875,-628.0625,-172.8125,669.9833
75.119703,157.2500,-627.7500,-173.3750,669.9675
75.144547,157.5000,-627.7500,-173.5000,670.0586
75.169987,157.8125,-628.1875,-172.5000,670.2839
75.195795,157.3125,-628.2500,-172.2500,670.1607
75.219678,156.5000,-628.3750,-172.4375,670.1359
75.245173,156.5625,-627.7500,-172.5000,669.5806
75.271299,156.7500,-627.6875,-173.1875,669.7433
75.295533,157.3750,-627.3125,-172.7500,669.4254
75.319852,157.3750,-628.0000,-172.8750,670.1020
75.344433,158.0625,-627.7500,-173.1250,670.0941
75.370035,157.3750,-628.3125,-173.1875,670.4755
75.396581,157.5000,-627.8125,-173.6250,670.1496
75.419546,157.3750,-627.8750,-172.4375,669.8721
75.444714,157.1875,-627.1875,-172.3750,669.1676
75.469733,156.7500,-627.5000,-171.5625,669.1491
75.496660,157.0625,-628.0000,-172.5000,669.9320
75.519820,157.3750,-628.2500,-172.7500,670.3040
75.544418,156.7500,-627.8750,-172.7500,669.8060
75.569795,157.1250,-628.0625,-173.8125,670.3444
75.595800,157.5000,-628.4375,-173.8125,670.7837
75.619541,157.4375,-628.0000,-173.0000,670.1489
75.645043,157.2500,-627.8125,-172.7500,669.8647
75.670424,157.6250,-628.3750,-173.1875,670.5928
75.694670,157.3125,-628.6250,-172.6875,670.6248
75.719915,157.3750,-627.8750,-172.8750,669.9848
75.745502,157.5625,-627.5000,-172.2500,669.5164
75.770925,157.4375,-628.0625,-173.1250,670.2398
75.794923,157.1250,-628.4375,-173.0625,670.5017
75.821068,156.8750,-627.5000,-172.7500,669.4838
75.844767,157.6875,-627.6875,-173.4375,670.0280
75.870365,156.8750,-628.0625,-173.1875,670.1240
75.896347,156.7500,-628.0000,-172.3125,669.8105
75.920223,157.1250,-628.0000,-173.5000,670.2048
75.945007,157.8750,-627.6875,-172.6250,669.8623
75.970115,157.4375,-627.9375,-173.1250,670.1226
75.995337,157.6875,-628.1250,-172.3750,670.1638
76.019887,156.9375,-627.8125,-173.2500,669.9205
76.044887,157.1875,-627.8125,-173.2500,669.9791
76.070616,157.0000,-628.3750,-172.1250,670.1725
76.094801,157.5625,-628.2500,-173.0000,670.4126
76.119678,156.8125,-628.1875,-173.1250,670.2104
76.145684,158.0000,-627.6875,-173.6250,670.1502
76.170048,156.5000,-628.0000,-172.6250,669.8325
76.195565,157.6250,-628.3750,-172.0000,670.2871
76.220681,157.3750,-628.6875,-173.0625,670.7947
76.244918,156.9375,-628.2500,-173.0000,670.2659
76.271120,158.1875,-627.6250,-171.9375,669.7006
76.295621,157.6250,-627.9375,-173.1875,670.1829
76.320641,156.7500,-627.1250,-171.8750,668.8777
76.345800,156.2500,-627.7500,-172.3125,669.4593
76.371484,157.2500,-627.1875,-172.7500,669.2789
76.394906,157.3125,-628.0625,-172.2500,669.9849
76.420309,157.0000,-627.8750,-173.1875,669.9776
76.446021,157.8750,-627.8750,-173.0625,670.1508
76.470215,156.6250,-627.7500,-173.9375,669.9669
76.495071,156.9375,-628.0000,-172.5000,669.9027
76.519888,157.2500,-627.8125,-173.3750,670.0261
76.544708,156.8125,-628.4375,-174.3125,670.7523
76.570072,157.8750,-627.7500,-173.3750,670.1145
76.596206,157.6875,-627.7500,-171.8125,669.6678
76.620412,157.3125,-627.3750,-172.6875,669.4532
76.645128,157.3125,-627.9375,-172.2500,669.8677
76.670656,157.5000,-627.9375,-173.1875,670.1535
76.695588,157.1875,-627.8125,-173.5625,670.0600
76.720121,157.0000,-627.9375,-172.7500,669.9232
76.745063,157.1250,-628.3125,-172.3125,670.1914
76.770725,157.1875,-627.8125,-172.6875,669.8339
76.795172,157.7500,-628.1250,-172.8750,670.3073
76.820327,157.6250,-628.1250,-172.4375,670.1652
76.846500,157.3125,-627.3750,-173.5625,669.6794
76.870781,157.5625,-627.7500,-172.8125,669.8956
76.895342,157.2500,-627.8750,-172.6250,669.8910
76.921468,156.3125,-628.1875,-172.2500,669.8680
76.945885,157.0625,-628.1250,-171.9375,669.9046
76.970172,158.1875,-628.4375,-172.6875,670.6549
76.996046,157.0625,-628.1875,-172.6875,670.1561
77.020025,157.3750,-627.8750,-172.0000,669.7596
77.045618,157.5000,-628.1875,-173.8125,670.5495
77.070666,157.6875,-627.8750,-172.2500,669.8973
77.094927,157.0000,-628.0000,-172.6250,669.9495
77.120519,157.3750,-628.0000,-172.3125,669.9571
77.146037,157.6875,-627.8125,-172.0625,669.7906
77.170028,158.0000,-628.1250,-172.7500,670.3339
77.195233,156.8125,-628.1875,-172.0625,669.9367
77.220558,157.2500,-627.7500,-173.5000,669.9999
77.245046,157.6250,-628.4375,-172.0000,670.3457
77.270375,157.8125,-627.7500,-174.0000,670.2618
77.295805,157.3125,-627.8125,-173.2500,670.0084
77.321118,157.8750,-627.3750,-172.3125,669.4890
77.345398,156.6875,-628.1875,-173.0000,670.1489
77.370601,158.5000,-628.1250,-172.1250,670.2912
77.395552,157.9375,-628.0625,-173.4375,670.4382
77.420570,157.6875,-628.0000,-172.6875,670.1271
77.445974,157.0625,-627.5625,-173.2500,669.7155
77.470953,157.5000,-628.0625,-172.4375,670.0772
77.495211,156.7500,-627.9375,-172.6250,669.8324
77.520795,157.0000,-627.5000,-172.8750,669.5454
77.546203,157.6875,-627.5625,-172.5000,669.6688
77.570685,157.4375,-627.8750,-173.7500,670.2258
77.595310,157.5625,-628.3750,-173.1250,670.5620
77.621567,157.4375,-627.4375,-173.2500,669.6865
77.646873,157.5000,-628.1875,-173.3750,670.4362
77.670455,156.7500,-627.2500,-173.3750,669.3818
77.695459,156.6250,-627.9375,-173.0625,669.9161
77.721249,156.6875,-628.2500,-172.8125,670.1591
77.746563,157.5625,-627.7500,-172.8125,669.8956
77.770386,157.2500,-628.0000,-173.1875,670.1533
77.795674,156.5000,-628.0000,-173.1875,669.9777
77.822278,157.6875,-627.8125,-172.6875,669.9514
77.845908,157.6875,-628.1250,-172.5000,670.1960
77.870651,157.7500,-627.6875,-172.6250,669.8329
77.895671,157.0625,-628.1250,-173.0000,670.1781
77.921740,157.9375,-627.6875,-173.0000,669.9738
77.945591,157.5625,-627.8750,-173.2500,670.1257
77.970671,157.6875,-628.4375,-173.5625,670.7630
77.996587,157.8125,-628.0000,-172.5000,670.1082
78.021475,157.8125,-628.0625,-173.4375,670.4087
78.045845,157.1250,-627.6250,-172.4375,669.5790
78.071601,157.3750,-628.0625,-173.9375,670.4354
78.096404,157.1875,-627.6875,-172.0625,669.5558
78.120843,157.3125,-627.7500,-173.2500,669.9499
78.146591,158.2500,-628.0000,-173.5000,670.4695
78.170902,157.4375,-627.9375,-173.2500,670.1549
78.195575,157.3125,-628.1250,-172.5000,670.1078
78.220555,157.5625,-627.6250,-172.8125,669.7785
78.245796,156.8750,-627.8125,-172.6250,669.7445
78.270640,156.6875,-628.5000,-172.6875,670.3612
78.295879,157.3125,-628.0000,-172.6875,670.0390
78.320897,158.1250,-627.7500,-173.3750,670.1735
78.345635,157.1250,-628.0625,-172.1250,669.9088
78.370720,157.3125,-627.6250,-172.0625,669.5266
78.396456,157.6875,-628.4375,-173.5625,670.7630
78.420511,157.5625,-628.3125,-173.8750,670.6974
78.445759,157.5625,-628.2500,-172.2500,670.2194
78.471222,157.3750,-628.1250,-172.6250,670.1547
78.495433,157.0000,-628.1250,-171.8750,669.8739
78.521253,157.2500,-627.8750,-172.8750,669.9555
78.546780,157.1875,-628.1250,-173.0000,670.2074
78.571289,157.3125,-628.1875,-173.1250,670.3275
78.595672,157.2500,-628.2500,-172.0000,670.0818
78.621205,157.2500,-627.9375,-173.5000,670.1756
78.646464,157.1250,-627.6250,-173.1875,669.7726
78.670727,157.4375,-628.1250,-173.2500,670.3306
78.696233,157.3750,-628.3125,-172.1250,670.2018
78.722243,157.5000,-628.1875,-173.0625,670.3554
78.745670,156.3125,-627.9375,-173.1250,669.8592
78.770878,158.1875,-628.1875,-172.8125,670.4528
78.796377,157.0000,-628.1875,-172.7500,670.1575
78.822213,157.8125,-627.7500,-173.4375,670.1160
78.846037,157.4375,-627.9375,-172.5000,669.9614
78.871159,157.3750,-628.0625,-172.7500,670.1283
78.896479,157.6250,-628.0000,-172.7500,670.1285
78.921574,157.3750,-627.8125,-173.1875,670.0070
78.946401,156.8750,-628.0000,-173.8125,670.2272
78.971533,156.9375,-627.7500,-172.3750,669.6362
78.996648,157.8750,-627.7500,-173.0625,670.0337
79.020983,157.1875,-628.3125,-173.4375,670.4961
79.046689,157.1250,-628.1250,-172.4375,670.0477
79.072036,157.0000,-627.8750,-172.4375,669.7841
79.096046,157.3750,-627.7500,-172.8750,669.8677
79.120937,157.5000,-628.1875,-173.0625,670.3554
79.146730,157.8125,-627.8750,-173.1250,670.1523
79.171342,157.3750,-627.8750,-172.8750,669.9848
79.195925,158.0625,-628.0000,-172.8125,670.2477
79.220961,157.9375,-628.1875,-172.6875,670.3617
79.246387,158.2500,-627.5625,-172.4375,669.7854
79.271070,157.9375,-628.4375,-172.6875,670.5959
79.296688,157.3750,-627.8125,-173.8125,670.1688
79.322130,157.6875,-627.8125,-173.0000,670.0320
79.347168,156.5000,-627.8750,-173.8125,670.0224
79.371620,157.3125,-628.2500,-173.2500,670.4184
79.397475,157.3125,-628.5000,-173.0000,670.5882
79.421519,157.9375,-627.8750,-173.1250,670.1817
79.446252,157.2500,-628.7500,-172.3125,670.6308
79.472195,158.0000,-628.1875,-172.3125,670.2799
79.496756,157.3125,-627.8750,-173.1250,670.0347
79.521283,158.1250,-627.7500,-173.1875,670.1250
79.547036,157.4375,-628.2500,-173.0000,670.3832
79.571443,157.3750,-627.8750,-173.1875,670.0655
79.595985,157.5625,-628.2500,-172.3750,670.2516
79.621005,157.6875,-627.7500,-172.5000,669.8445
79.646693,157.3750,-627.8750,-172.8750,669.9848
79.671182,158.5000,-627.7500,-173.0625,670.1813
79.696047,156.8750,-628.4375,-172.7500,670.3626
79.721305,157.1875,-627.8125,-172.8125,669.8661
79.746071,157.6250,-628.2500,-172.7500,670.3628
79.772329,157.5625,-628.3125,-173.5625,670.6165
79.796575,156.6875,-628.3125,-172.3750,670.1050
79.821170,158.4375,-627.4375,-172.2500,669.6643
79.846802,157.7500,-627.5000,-173.5000,669.8832
79.872820,158.2500,-628.1250,-173.8125,670.6675
79.896396,157.9375,-628.1250,-172.8125,670.3353
79.921086,158.0000,-628.1875,-173.9375,670.6995
79.946519,157.9375,-627.9375,-173.0000,670.2080
79.971927,157.8125,-628.1250,-172.6875,670.2737
79.996318,157.8750,-627.8125,-173.1875,670.1246
80.021957,157.1250,-628.0000,-172.4375,669.9306
80.047981,157.3125,-627.9375,-172.6875,669.9804
80.071113,156.8125,-627.8125,-172.8125,669.7782
80.095816,156.2500,-628.0000,-172.8750,669.8387
80.121373,157.5000,-628.1250,-172.8750,670.2485
80.147923,157.5000,-627.8750,-172.4375,669.9015
80.171748,158.4375,-628.1875,-173.1250,670.5925
80.196095,156.1875,-627.9375,-173.4375,669.9109
80.221281,157.3125,-627.7500,-172.2500,669.6920
80.247410,156.8750,-627.8750,-173.6250,670.0615
80.271446,157.5625,-628.5000,-173.2500,670.7114
80.296366,157.5000,-628.2500,-172.7500,670.3334
80.321907,157.1250,-628.1250,-172.1250,669.9674
80.347961,156.8750,-628.0000,-172.8750,669.9847
80.371202,157.2500,-627.8125,-173.1875,669.9776
80.396602,157.7500,-627.7500,-172.8750,669.9559
80.421514,157.7500,-627.9375,-172.8750,670.1316
80.446162,158.0625,-627.6875,-173.1250,670.0355
80.471594,157.6875,-628.2500,-172.2500,670.2488
80.496417,157.6875,-628.2500,-172.8125,670.3936
80.521878,158.0000,-628.3750,-173.1875,670.6810
80.546675,157.3125,-627.8750,-173.4375,670.1155
80.571308,157.3125,-627.3750,-172.6875,669.4532
80.596370,157.0625,-627.7500,-173.0000,669.8266
80.622179,157.4375,-627.2500,-172.8125,669.3977
80.646099,157.5625,-628.6250,-173.0000,670.7640
80.671421,157.7500,-628.1250,-173.0625,670.3557
80.696974,157.5000,-628.0625,-173.0625,670.2383
80.721642,157.5625,-627.6250,-173.1250,669.8592
80.746346,157.1250,-627.7500,-173.3750,669.9382
80.771882,157.9375,-627.8125,-173.0000,670.0909
80.796734,156.4375,-628.1875,-172.6875,670.0099
80.821510,157.4375,-627.8125,-173.0000,669.9732
80.846871,158.1250,-627.8125,-172.6250,670.0384
80.872003,157.5625,-628.0000,-172.5000,670.0494
80.897050,157.6875,-628.3125,-173.4375,670.6135
80.922038,156.8125,-627.8125,-173.2500,669.8912
80.947583,157.0625,-628.1250,-173.5625,670.3235
80.971921,158.0625,-627.9375,-173.4375,670.3505
80.996616,157.6250,-627.8750,-172.7500,670.0114
81.022721,157.3750,-628.0625,-172.7500,670.1283
81.047117,157.4375,-627.8750,-173.1250,670.0641
81.072143,157.1250,-628.1250,-172.4375,670.0477
81.097263,157.5000,-627.7500,-173.1875,669.9778
81.121463,157.1250,-628.0000,-172.7500,670.0111
81.147002,158.0625,-627.8125,-173.4375,670.2334
81.172292,157.2500,-627.8125,-172.4375,669.7841
81.196436,156.9375,-627.9375,-173.4375,670.0862
81.222492,157.0625,-627.7500,-171.9375,669.5530
81.247871,157.3125,-627.6875,-173.7500,670.0208
81.271930,157.4375,-627.4375,-172.8125,669.5734
81.296874,157.5625,-628.4375,-172.8125,670.5399
81.322631,157.4375,-628.1250,-173.4375,670.3791
81.347497,156.7500,-628.1875,-172.8750,670.1312
81.373406,157.4375,-627.8125,-172.5000,669.8443
81.397375,156.3750,-628.0000,-173.9375,670.1428
81.422603,157.1250,-627.6875,-172.6250,669.6859
81.448424,156.7500,-627.4375,-173.0625,669.4767
81.476960,157.3125,-628.0625,-173.0000,670.1781
81.497888,157.8125,-628.2500,-173.0000,670.4714
81.523240,157.7500,-627.5625,-173.3750,669.9094
81.547423,157.1250,-627.6250,-174.1250,670.0156
81.572312,158.0625,-628.4375,-172.5000,670.5771
81.597700,156.9375,-628.6250,-173.8750,670.8437
81.622556,157.1250,-627.8125,-173.6250,670.0615
81.647294,157.4375,-627.5625,-173.7500,669.9331
81.672829,157.7500,-627.9375,-172.7500,670.0993
81.698244,156.9375,-628.0000,-174.1875,670.3392
81.722551,158.1875,-627.7500,-173.0000,670.0913
81.747773,157.3125,-628.1875,-173.7500,670.4892
81.774333,157.5000,-628.1875,-172.7500,670.2748
81.801892,157.5000,-628.1250,-173.3750,670.3776
81.823065,157.8750,-627.5625,-172.0000,669.5844
81.847171,158.0000,-627.6250,-173.6250,670.0916
81.872545,157.3125,-628.1875,-174.0000,670.5541
81.897503,157.1875,-628.3125,-172.5000,670.2542
81.922934,157.3125,-627.4375,-173.5625,669.7380
81.948214,157.3125,-627.6875,-173.1250,669.8590
81.973539,157.1250,-628.2500,-173.0625,670.3260
81.998359,158.5625,-628.0000,-172.8125,670.3657
82.023867,158.0625,-628.0000,-173.0000,670.2960
82.048769,158.0000,-627.3750,-173.0625,669.7119
82.073069,156.2500,-628.1875,-173.6250,670.2084
82.097743,157.5000,-627.9375,-173.3750,670.2019
82.123474,157.1250,-628.1250,-172.7500,670.1282
82.149217,157.4375,-628.0625,-173.0000,670.2075
82.172875,157.6250,-627.8750,-173.3750,670.1728
82.197696,156.8750,-627.7500,-173.0625,669.7988
82.222902,158.0625,-627.6250,-173.1250,669.9770
82.247975,158.0000,-628.1250,-173.0625,670.4145
82.273205,157.1875,-628.1250,-173.2500,670.2720
82.297803,156.9375,-627.6875,-173.1250,669.7710
82.324856,157.3750,-627.6250,-173.1875,669.8313
82.348004,157.4375,-628.0625,-172.8125,670.1591
82.372520,158.0000,-628.3125,-172.6250,670.4774
82.398903,157.3125,-627.9375,-173.1250,670.0933
82.423159,157.5625,-627.8125,-172.6875,669.9220
82.448889,156.8125,-628.2500,-173.0000,670.2367
82.473631,156.8125,-627.9375,-172.0625,669.7023
82.498228,157.0000,-627.5625,-173.0625,669.6524
82.522865,157.1250,-628.0000,-172.7500,670.0111
82.549085,156.7500,-627.6875,-171.8750,669.4051
82.572637,158.0625,-627.9375,-173.4375,670.3505
82.597798,158.4375,-627.8125,-172.0625,669.9675
82.622980,157.1875,-627.6250,-173.8750,669.9653
82.647607,157.2500,-627.1875,-173.0625,669.3597
82.673069,157.3750,-628.0000,-172.6250,670.0375
82.699103,157.2500,-628.0000,-173.5000,670.2341
82.722733,158.1250,-627.8750,-172.6250,670.0969
82.747995,157.4375,-628.0625,-172.8125,670.1591
82.773874,157.0000,-627.8125,-172.7500,669.8060
82.798538,157.1875,-628.1250,-173.2500,670.2720
82.822735,157.0625,-627.2500,-172.2500,669.1646
82.848106,157.0000,-627.9375,-172.8750,669.9554
82.874404,156.8125,-627.8750,-173.1250,669.9175
82.898508,157.6250,-627.5625,-172.0000,669.5255
82.922805,158.1250,-627.9375,-172.7500,670.1877
82.947984,157.3750,-627.6250,-172.3125,669.6056
82.975113,157.9375,-628.2500,-173.0000,670.5008
82.998802,157.6250,-627.3750,-172.3125,669.4301
83.023896,157.4375,-627.5000,-172.0625,669.4388
83.047806,157.1250,-627.6875,-173.6250,669.9444
83.074255,157.6250,-628.0000,-173.3750,670.2899
83.099781,157.0625,-628.1875,-172.5000,670.1078
83.123301,158.0625,-627.5625,-174.1875,670.1938
83.148031,157.9375,-628.0000,-174.0000,670.5254
83.174160,158.0000,-628.0625,-172.3125,670.1627
83.200001,157.0625,-627.8750,-173.0000,669.9438
83.223535,157.3750,-627.9375,-173.5000,670.2049
83.248351,157.3125,-628.1250,-172.5000,670.1078
83.274293,157.8750,-627.8125,-173.0625,670.0923
83.298048,157.1250,-627.9375,-173.3750,670.1139
83.323518,157.3125,-627.5625,-172.3750,669.5484
83.349067,158.2500,-628.2500,-173.6250,670.7360
83.373172,157.9375,-627.6875,-173.0000,669.9738
83.398646,157.8750,-627.8125,-172.1250,669.8508
83.423446,157.6250,-627.6250,-174.5625,670.2469
83.448454,157.9375,-628.0625,-171.9375,670.0517
83.473692,157.9375,-628.3125,-173.4375,670.6724
83.498940,157.5625,-628.3125,-173.4375,670.5842
83.523581,156.5625,-627.9375,-172.5000,669.7564
83.548417,157.0000,-627.9375,-173.9375,670.2304
83.575819,156.8125,-628.0000,-173.7500,670.1964
83.598278,157.6250,-628.3750,-174.3750,670.9005
83.623315,157.6250,-628.1250,-172.7500,670.2456
83.648480,157.0625,-628.3750,-172.3750,670.2514
83.674216,157.0625,-628.0625,-173.1250,670.1518
83.699215,157.1875,-627.8125,-173.0000,669.9145
83.723513,156.8750,-628.0000,-172.4375,669.8720
83.748421,157.2500,-627.8750,-172.7500,669.9232
83.774129,157.5000,-627.6250,-173.1875,669.8607
83.799997,157.6250,-627.9375,-173.1875,670.1829
83.824457,157.3125,-627.9375,-173.2500,670.1256
83.848489,157.6875,-627.6875,-172.3750,669.7538
83.873967,157.0625,-628.1250,-173.4375,670.2911
83.898504,157.1250,-627.7500,-172.7500,669.7767
83.923728,157.2500,-628.0625,-173.0625,670.1796
83.948988,157.1250,-627.6875,-172.0000,669.5251
83.973568,157.8750,-628.5625,-172.6250,670.6823
83.998985,157.3750,-628.2500,-172.6250,670.2718
84.024216,158.0625,-628.0000,-172.2500,670.1028
84.048327,157.6250,-627.6250,-172.6250,669.7449
84.073583,156.9375,-628.1250,-173.1250,670.1811
84.099104,158.0625,-628.0625,-173.4375,670.4676
84.123302,157.5000,-627.9375,-173.9375,670.3477
84.148867,157.3750,-627.8750,-173.3750,670.1140
84.174274,157.4375,-628.5000,-173.4375,670.7305
84.198408,157.0625,-627.8750,-173.0000,669.9438
84.223648,157.6875,-628.3125,-172.8125,670.4522
84.249094,158.0000,-628.1875,-173.0625,670.4731
84.273462,156.8750,-627.8125,-173.5000,669.9706
84.298868,157.5625,-628.1250,-174.1875,670.6029
84.325063,157.1875,-627.5000,-172.8125,669.5732
84.348656,157.5000,-627.8125,-173.0625,670.0040
84.373771,157.8125,-628.5000,-173.0000,670.7056
84.400028,157.8125,-627.8125,-173.1250,670.0937
84.423538,158.2500,-627.8125,-173.0625,670.1807
84.448629,157.6250,-628.4375,-173.0625,670.6191
84.474091,157.3125,-627.4375,-173.7500,669.7866
84.499431,157.5625,-628.1250,-173.4375,670.4085
84.523745,157.1250,-628.3125,-172.7500,670.3040
84.549382,157.6875,-628.1875,-172.8125,670.3350
84.574636,157.1250,-627.5625,-172.7500,669.6010
84.599573,157.8125,-628.3125,-173.1250,670.5622
84.623828,157.8125,-627.4375,-173.0000,669.7101
84.649038,157.6875,-627.9375,-173.5625,670.2946
84.675499,157.6250,-628.1875,-172.6250,670.2720
84.699141,157.8125,-628.0000,-173.0000,670.2371
84.724307,157.5000,-628.0000,-174.3750,670.5199
84.750416,156.8750,-627.9375,-173.5000,670.0877
84.774170,156.8750,-627.8125,-173.6250,670.0029
84.798858,158.1250,-628.0625,-174.1250,670.6605
84.823972,157.6875,-627.8125,-173.4375,670.1451
84.849378,157.6250,-627.8125,-172.0000,669.7598
84.873854,157.0000,-627.5625,-173.0625,669.6524
84.900024,157.5000,-627.8125,-173.3750,670.0848
84.924176,156.5625,-627.3125,-173.0000,669.2995
84.949160,156.6875,-627.8125,-173.1250,669.8297
84.974056,157.3750,-628.1875,-173.0625,670.3261
84.999567,157.3750,-627.9375,-172.6250,669.9789
85.024820,157.1875,-627.3125,-174.0000,669.7051
85.049342,158.2500,-628.3125,-172.8750,670.6008
85.074442,157.5625,-628.0000,-174.1875,670.4858
85.098965,157.6250,-628.2500,-172.7500,670.3628
85.123719,157.6250,-627.7500,-173.1875,670.0072
85.149327,157.3125,-628.0625,-173.1250,670.2104
85.173816,157.3125,-628.4375,-172.6875,670.4490
85.199053,157.6250,-627.6875,-173.3750,669.9971
85.223905,158.1250,-627.7500,-172.4375,669.9315
85.248816,157.1875,-628.1875,-173.4375,670.3790
85.274050,158.3750,-628.0000,-173.8125,670.5799
85.299217,156.6875,-627.3750,-172.3750,669.2260
85.324970,157.7500,-627.9375,-173.6250,670.3254
85.349362,157.5000,-628.4375,-172.3125,670.3966
85.374440,158.0625,-627.8125,-173.2500,670.1849
85.399919,156.8125,-628.3125,-172.5000,670.1664
85.424879,157.5000,-627.8750,-173.5000,670.1757
85.448966,157.8125,-628.3125,-173.2500,670.5945
85.474632,157.6250,-627.5000,-172.4375,669.5794
85.498956,158.0625,-627.9375,-173.8750,670.4638
85.524166,157.3750,-627.2500,-173.3750,669.5284
85.550115,157.8750,-627.8750,-173.1875,670.1831
85.574345,157.3125,-627.7500,-173.1250,669.9176
85.599145,157.6250,-627.8750,-173.3750,670.1728
85.624609,157.3125,-627.1250,-174.9375,669.8030
85.649452,157.6875,-628.0625,-172.6875,670.1857
85.674087,157.0625,-628.2500,-173.5625,670.4406
85.699421,157.8750,-627.6250,-172.8750,669.8682
85.724902,157.1875,-627.6250,-171.8125,669.4330
85.749253,157.2500,-628.0000,-174.3750,670.4612
85.774229,158.0000,-627.7500,-173.9375,670.2897
85.799449,157.6250,-627.6250,-173.3750,669.9386
85.824424,158.0625,-627.8750,-174.0000,670.4377
85.849069,156.9375,-627.6875,-173.4375,669.8519
85.874611,157.8125,-627.6250,-173.1250,669.9180
85.900317,156.7500,-628.0625,-173.8125,670.2566
85.924175,157.6250,-627.8750,-172.4375,669.9309
85.949929,157.1250,-627.6250,-173.0625,669.7403
85.974748,157.8750,-627.5000,-173.3750,669.8803
85.999214,157.3125,-627.7500,-173.0000,669.8853
86.025260,157.3750,-628.4375,-173.3750,670.6411
86.049859,157.6250,-628.0000,-173.8125,670.4032
86.073977,157.3750,-627.9375,-173.3750,670.1726
86.100419,157.3750,-628.3125,-172.3125,670.2500
86.124873,158.5000,-628.0000,-173.0625,670.4155
86.148949,157.6875,-627.6875,-173.8750,670.1414
86.174525,157.6875,-628.0625,-172.5000,670.1374
86.199184,157.3750,-628.0625,-174.3750,670.5491
86.223965,157.2500,-627.8750,-173.9375,670.2304
86.249957,157.8750,-627.5625,-172.7500,669.7774
86.274135,157.6250,-628.0000,-173.6250,670.3546
86.299260,157.9375,-627.8125,-173.1250,670.1232
86.324493,158.0000,-627.8750,-172.4375,670.0192
86.351203,157.1250,-627.6250,-173.5000,669.8535
86.374208,157.0625,-627.9375,-173.4375,670.1154
86.399475,157.6875,-628.3750,-173.0000,670.5591
86.432717,157.9375,-627.9375,-173.2500,670.2726
86.451619,157.8750,-628.1875,-173.5000,670.5567
86.475932,157.9375,-627.3750,-173.7500,669.8751
86.502498,157.2500,-627.5625,-173.8125,669.9052
86.526486,157.6875,-627.8125,-172.3750,669.8709
86.551834,157.7500,-628.1250,-172.1250,670.1142
86.577847,158.0625,-627.9375,-173.5625,670.3829
86.602425,157.5625,-627.3125,-173.1250,669.5664
86.626576,157.5000,-628.0000,-172.3125,669.9865
86.651871,157.3125,-627.8125,-174.0000,670.2028
86.677287,157.5625,-627.7500,-173.2500,670.0086
86.702982,157.8750,-628.5000,-173.0625,670.7365
86.726808,157.7500,-628.2500,-172.8750,670.4244
86.751788,158.6875,-628.2500,-173.0000,670.6779
86.776864,157.2500,-628.1875,-173.9375,670.5232
86.803058,158.0000,-627.5000,-172.1250,669.5874
86.826983,157.5625,-627.9375,-172.5000,669.9908
86.851788,157.6875,-627.8750,-172.8125,670.0422
86.877248,157.5000,-627.8125,-173.0625,670.0040
86.902468,157.6250,-627.9375,-172.8750,670.1022
86.927359,157.3125,-628.2500,-173.7500,670.5478
86.952004,158.3125,-627.8125,-173.5625,670.3248
86.977173,158.0000,-627.3125,-173.1875,669.6857
87.003970,157.7500,-627.6250,-174.1250,670.1625
87.027023,157.2500,-628.1875,-172.7500,670.2161
87.052101,157.6250,-627.6875,-173.1875,669.9486
87.078110,158.1875,-627.8750,-173.5625,670.3538
87.102738,157.7500,-627.5000,-173.6250,669.9156
87.126997,157.3125,-627.2500,-173.7500,669.6110
87.151686,157.8750,-628.0000,-173.3750,670.3487
87.176966,157.6250,-628.0000,-172.0000,669.9355
87.202572,157.6875,-627.4375,-172.8125,669.6322
87.226772,157.4375,-627.2500,-172.6875,669.3654
87.252119,157.3750,-628.0625,-173.8125,670.4030
87.277628,156.8750,-627.7500,-173.8125,669.9930
87.302201,156.9375,-627.8125,-172.8125,669.8075
87.327071,156.7500,-627.7500,-172.8750,669.7211
87.352011,157.9375,-628.1250,-172.5000,670.2548
87.377926,157.5000,-628.0000,-173.5000,670.2928
87.401923,158.5625,-628.1250,-173.1250,670.5635
87.426851,157.3750,-628.0625,-173.6250,670.3544
87.452815,158.1875,-628.3125,-173.5625,670.7636
87.478192,157.9375,-628.5000,-172.5000,670.6063
87.502451,157.4375,-627.6875,-172.5000,669.7271
87.527867,157.5000,-627.4375,-171.1250,669.1546
87.553664,158.0625,-628.0000,-171.8125,669.9905
87.576904,157.7500,-627.5000,-172.7500,669.6894
87.602854,158.1875,-627.6875,-172.8125,669.9844
87.628280,158.0000,-627.6250,-172.7500,669.8654
87.652752,157.3125,-627.6875,-173.4375,669.9398
87.676809,158.0625,-627.6875,-172.0625,669.7618
87.702559,158.6250,-627.6250,-172.3125,669.9005
87.727111,158.1875,-628.0000,-173.2500,670.3901
87.752600,158.3125,-627.5000,-173.1250,669.9189
87.777449,157.7500,-627.6875,-172.3125,669.7524
87.802341,157.1250,-628.0000,-173.1875,670.1240
87.827191,158.5625,-627.3750,-172.8125,669.7803
87.852474,157.0000,-627.3125,-173.5000,669.5313
87.877861,157.6250,-628.3125,-172.8750,670.4536
87.901873,158.2500,-627.6875,-172.8750,670.0152
87.927093,157.8750,-627.5625,-171.5625,669.4721
87.952894,157.9375,-627.9375,-172.0625,669.9666
87.979122,158.1875,-628.3125,-171.8125,670.3129
88.002314,158.3750,-627.3125,-172.7500,669.6612
88.027915,158.4375,-628.1875,-172.5000,670.4314
88.051766,158.2500,-627.6250,-174.1250,670.2803
88.077695,159.0000,-627.4375,-171.6875,669.6532
88.102465,157.5625,-627.2500,-171.6250,669.1215
88.129863,157.6250,-627.8125,-172.8750,669.9850
88.152250,157.9375,-628.1250,-172.2500,670.1905
88.177128,157.3750,-627.8125,-173.0625,669.9747
88.203139,157.3750,-627.5625,-173.5000,669.8536
88.229489,157.7500,-627.5625,-172.6250,669.7157
88.252315,158.4375,-627.7500,-171.1875,669.6847
88.277458,157.3750,-627.6875,-173.1875,669.8898
88.303531,156.9375,-627.8125,-173.0000,669.8559
88.327464,157.5625,-628.1875,-172.6875,670.2734
88.351943,157.6875,-627.8750,-171.6250,669.7369
88.377682,157.5000,-628.1875,-172.4375,670.1944
88.403467,157.9375,-628.0000,-172.8125,670.2182
88.428396,158.3125,-627.7500,-173.1250,670.1531
88.452382,157.1250,-627.8125,-173.6250,670.0615
88.477812,157.8750,-627.8750,-173.0625,670.1508
88.503261,157.7500,-627.7500,-173.0625,670.0043
88.527313,157.9375,-628.1250,-172.2500,670.1905
88.552442,157.7500,-627.6875,-171.8750,669.6400
88.578380,158.1875,-628.3125,-172.8125,670.5699
88.602866,157.3750,-627.8125,-173.0625,669.9747
88.627201,158.3125,-627.6875,-172.6875,669.9817
88.653161,157.5000,-627.8125,-173.6250,670.1496
88.677721,157.5625,-627.8750,-173.4375,670.1742
88.702472,157.1875,-627.7500,-174.0000,670.1149
88.727496,158.0625,-627.9375,-173.2500,670.3020
88.752922,157.9375,-627.5000,-172.5000,669.6691
88.777662,157.1875,-627.1875,-173.4375,669.4420
88.802361,157.4375,-627.3750,-173.5625,669.7088
88.827598,158.2500,-627.4375,-173.0625,669.8295
88.853083,158.4375,-628.0625,-173.5625,670.5885
88.877584,157.9375,-627.6250,-172.5000,669.7863
88.903443,157.2500,-627.7500,-173.5000,669.9999
88.927943,158.5000,-628.0000,-173.3750,670.4962
88.952451,157.9375,-628.1250,-173.2500,670.4482
88.977191,156.7500,-628.0000,-172.8750,669.9555
89.003373,157.4375,-627.9375,-172.2500,669.8971
89.027814,158.1250,-628.2500,-173.0625,670.5611
89.052424,157.8125,-627.6250,-173.0000,669.8858
89.078111,157.9375,-628.3125,-172.3750,670.3984
89.102133,158.1250,-627.7500,-172.4375,669.9315
89.127396,157.5000,-627.6250,-172.6250,669.7154
89.153145,157.1250,-628.2500,-173.3750,670.4068
89.178449,159.0000,-628.0000,-173.5000,670.6469
89.202442,157.1875,-628.1875,-172.5000,670.1371
89.228431,157.3750,-627.8750,-173.0625,670.0332
89.254464,158.0000,-628.3750,-173.0625,670.6488
89.278161,157.5625,-628.0000,-173.5625,670.3237
89.302691,157.5625,-627.6875,-173.0000,669.8855
89.328732,158.4375,-628.5625,-173.1250,670.9438
89.352166,157.7500,-627.8750,-173.1875,670.1537
89.377527,157.1250,-627.3750,-171.8750,669.2000
89.402919,157.3750,-628.0625,-172.4375,670.0478
89.427606,158.1250,-627.8750,-173.5000,670.3229
89.452736,157.2500,-628.0625,-173.5000,670.2927
89.477729,156.7500,-628.1875,-172.1250,669.9381
89.504123,158.1250,-628.0625,-172.8750,670.3371
89.527658,157.6875,-627.8125,-172.5000,669.9031
89.552501,158.0000,-627.8125,-173.0625,670.1218
89.579286,158.1250,-627.8125,-173.0625,670.1512
89.603235,157.5000,-627.9375,-173.0625,670.1212
89.627617,158.0625,-627.8750,-172.6875,670.0983
89.653904,157.1250,-628.1250,-173.0625,670.2089
89.678010,157.8750,-627.8750,-173.0625,670.1508
89.702965,158.4375,-628.3125,-173.1250,670.7096
89.728129,157.5000,-627.6875,-172.3125,669.6935
89.752246,157.5625,-628.1250,-174.0000,670.5542
89.777769,157.3125,-628.0625,-173.4375,670.2912
89.803265,158.0625,-628.0000,-172.6875,670.2154
89.827374,157.4375,-627.8750,-171.9375,669.7582
89.853298,157.8750,-628.1875,-173.6250,670.5891
89.877910,158.1250,-627.7500,-172.8750,670.0443
89.903889,157.6875,-627.3750,-172.2500,669.4287
89.928231,157.5000,-627.6875,-172.8750,669.8385
89.953863,157.9375,-627.8125,-172.2500,669.8976
89.978774,156.7500,-627.6875,-172.6250,669.5981
90.003327,157.8125,-628.5000,-171.9375,670.4324
90.027799,157.7500,-628.1875,-172.6250,670.3014
90.053793,157.9375,-628.5000,-173.7500,670.9289
90.077394,157.8750,-627.8750,-172.8750,670.1025
90.102781,158.7500,-627.8125,-172.6250,670.1862
90.128543,157.8750,-627.4375,-171.6875,669.3870
90.152600,158.1875,-628.3750,-173.1250,670.7091
90.178290,158.2500,-627.5000,-172.7500,669.8073
90.203363,157.6875,-627.7500,-173.1250,670.0057
90.227721,158.3750,-627.6250,-172.6250,669.9218
90.253524,158.2500,-628.1875,-173.6250,670.6774
90.279224,157.8125,-627.4375,-172.6875,669.6294
90.303853,157.9375,-627.6875,-172.0625,669.7323
90.327820,157.5000,-627.9375,-172.3125,669.9279
90.354949,157.4375,-628.3750,-173.4375,670.6134
90.378587,157.6250,-627.6875,-171.8750,669.6105
90.402953,158.3750,-627.8750,-172.0000,669.9953
90.428374,158.6250,-627.9375,-173.0625,670.3865
90.452594,157.0625,-628.1875,-172.5000,670.1078
90.478187,156.1250,-627.8125,-172.3125,669.4887
90.503313,157.3750,-627.6250,-172.8750,669.7505
90.528378,157.5625,-628.3125,-172.8125,670.4228
90.552893,157.2500,-627.8750,-172.4375,669.8427
90.578861,157.8125,-628.0000,-172.0625,669.9957
90.604247,157.0000,-627.8125,-172.7500,669.8060
90.628011,157.8125,-627.9375,-174.3125,670.5186
90.653317,157.9375,-627.8750,-173.0000,670.1494
90.679075,157.6875,-628.1250,-173.4375,670.4379
90.703816,157.5000,-627.6875,-172.7500,669.8062
90.730656,158.3750,-628.1250,-172.8750,670.4546
90.754506,158.2500,-628.1250,-174.1250,670.7485
90.779212,158.0625,-628.0625,-173.2500,670.4191
90.802965,157.0625,-628.0000,-173.5625,670.2064
90.828880,157.3125,-628.0625,-172.2500,669.9849
90.853669,157.1875,-627.7500,-173.0000,669.8559
90.878121,157.5625,-628.0625,-173.1250,670.2691
90.903368,157.5000,-627.5625,-173.5000,669.8830
90.928493,157.5625,-628.0625,-173.5625,670.3823
90.953276,158.0625,-627.6875,-173.1250,670.0355
90.978158,157.5625,-628.0625,-173.7500,670.4308
91.003211,157.6250,-627.4375,-173.1875,669.7144
91.028852,158.0625,-628.0625,-172.6875,670.2740
91.053301,157.3125,-628.6250,-172.0625,670.4641
91.078625,157.8750,-627.8125,-173.9375,670.3188
91.103593,157.5625,-628.1250,-173.1250,670.3277
91.128464,157.5625,-627.3750,-173.2500,669.6573
91.154522,157.5625,-628.3750,-173.4375,670.6427
91.179247,157.6250,-628.1875,-173.8125,670.5788
91.203498,158.6250,-628.3750,-173.5000,670.9093
91.228730,157.7500,-627.8750,-173.3750,670.2022
91.253593,157.8750,-628.2500,-172.6250,670.3894
91.279049,157.5000,-627.7500,-172.8750,669.8971
91.303765,158.3125,-627.4375,-172.8125,669.7797
91.328886,157.4375,-627.8125,-173.4375,670.0863
91.354230,157.7500,-627.6250,-172.1250,669.6456
91.378746,158.0000,-628.6250,-174.1250,671.1579
91.403132,157.5000,-627.5625,-174.2500,670.0776
91.429459,157.7500,-628.2500,-173.5000,670.5858
91.453817,157.1250,-628.2500,-172.3125,670.1328
91.477944,157.5625,-627.8125,-172.8125,669.9542
91.503527,158.0000,-627.6875,-173.5000,670.1178
91.528104,157.5000,-628.0000,-173.3750,670.2605
91.554136,157.3125,-628.0000,-173.1250,670.1518
91.578993,158.0625,-628.0625,-173.1250,670.3868
91.604115,157.0625,-628.1250,-172.5000,670.0492
91.628612,157.8750,-627.4375,-173.3750,669.8218
91.653542,157.0000,-628.1250,-173.3750,670.2603
91.679171,158.8750,-627.8750,-173.3750,670.4679
91.704309,158.3125,-628.3125,-173.5625,670.7931
91.728936,157.3750,-627.8750,-172.4375,669.8721
91.753541,157.4375,-628.1875,-172.8125,670.2763
91.779341,157.8125,-628.0625,-172.5000,670.1668
91.803392,158.3750,-628.1875,-172.8750,670.5132
91.828974,157.9375,-627.7500,-173.5625,670.1778
91.854543,157.5625,-627.9375,-172.3750,669.9586
91.878268,157.6875,-628.1250,-173.8750,670.5512
91.905106,158.3125,-627.2500,-173.2500,669.7171
91.930458,157.5000,-627.6250,-172.6250,669.7154
91.954507,158.6875,-627.9375,-173.4375,670.4982
91.979201,157.6250,-627.7500,-173.6250,670.1204
92.005396,157.4375,-628.0625,-173.0000,670.2075
92.029474,158.3750,-627.9375,-173.1875,670.3596
92.054296,157.9375,-628.3125,-172.8125,670.5110
92.079330,158.3750,-627.8750,-173.8125,670.4629
92.105730,158.0625,-627.4375,-173.4375,669.8822
92.129962,157.6875,-627.3750,-173.1250,669.6544
92.155268,157.0625,-627.9375,-173.1250,670.0346
92.180307,157.4375,-627.8750,-173.2500,670.0964
92.205604,157.5625,-627.5000,-172.8125,669.6614
92.230148,157.6875,-628.0000,-173.7500,670.4017
92.255184,157.6875,-627.8125,-173.1250,670.0643
92.280882,157.6875,-627.4375,-172.6875,669.6000
92.306689,157.2500,-627.8750,-174.3750,670.3441
92.330191,157.7500,-627.5625,-172.8750,669.7802
92.355882,158.5625,-628.3750,-173.1250,670.7976
92.381005,157.3125,-627.9375,-173.5625,670.2064
92.404964,158.0625,-627.4375,-171.8125,669.4633
92.430810,157.3750,-627.6875,-172.3125,669.6642
92.455521,157.9375,-627.5625,-172.5000,669.7277
92.479926,157.0000,-627.8750,-172.8750,669.8968
92.505214,157.3750,-627.7500,-174.1250,670.1914
92.531923,157.7500,-627.8750,-171.5625,669.7356
92.556036,157.3125,-628.0625,-172.8125,670.1298
92.580268,157.3125,-626.9375,-173.4375,669.2372
92.605233,158.5625,-627.8125,-173.0000,670.2385
92.630987,157.6250,-628.1250,-173.0625,670.3263
92.654939,158.0625,-628.1875,-174.0000,670.7304
92.680480,157.6250,-627.6875,-173.5000,670.0295
92.706342,157.8125,-627.8750,-173.2500,670.1846
92.732318,157.7500,-627.6250,-173.3750,669.9680
92.756162,157.6875,-627.6875,-173.5625,670.0604
92.781505,157.3750,-627.4375,-172.8750,669.5748
92.806462,156.9375,-627.3750,-172.5000,669.3168
92.832789,157.5000,-627.5000,-173.8125,669.9054
92.856375,157.0000,-628.2500,-173.8125,670.4908
92.881326,157.3125,-627.9375,-173.2500,670.1256
92.908533,158.3750,-627.8750,-173.5000,670.3819
92.932179,157.8125,-627.7500,-172.3750,669.8418
92.957808,158.0625,-627.8750,-173.7500,670.3729
92.982562,158.0000,-628.1250,-173.5000,670.5276
93.007176,158.3750,-627.8750,-172.4375,670.1077
93.032183,158.1875,-628.2500,-173.0000,670.5597
93.057893,157.8125,-627.8125,-173.1250,670.0937
93.082109,158.0000,-627.7500,-172.4375,669.9020
93.108792,157.6250,-627.3125,-173.8125,669.7592
93.132865,157.7500,-627.9375,-173.3750,670.2607
93.157436,157.8750,-628.4375,-173.0625,670.6779
93.182925,158.0000,-627.6875,-172.8750,669.9562
93.207926,157.0000,-628.2500,-173.6250,670.4422
93.233278,157.5000,-628.0000,-173.6250,670.3252
93.257574,158.8125,-628.3125,-173.0000,670.7660
93.283160,157.8125,-627.8750,-172.3750,669.9589
93.308146,158.7500,-627.5000,-172.7500,669.9256
93.333233,158.2500,-628.0625,-173.1875,670.4472
93.357898,158.0000,-628.0625,-173.0625,670.3560
93.383379,157.6875,-628.2500,-172.2500,670.2488
93.407582,158.5625,-628.0000,-173.2500,670.4787
93.432719,157.7500,-627.7500,-173.1875,670.0366
93.457355,158.0000,-628.1875,-172.1250,670.2317
93.483595,158.7500,-628.0000,-172.6250,670.3618
93.507691,158.6250,-627.6250,-172.8750,670.0454
93.532399,158.7500,-628.1250,-174.3750,670.9316
93.557088,158.3125,-628.1250,-173.4375,670.5851
93.581997,157.9375,-627.7500,-172.8125,669.9839
93.607489,157.0625,-627.1875,-173.5625,669.4451
93.632602,158.2500,-627.7500,-172.8750,670.0738
93.658511,158.3125,-627.6875,-173.1250,670.0946
93.682480,157.6875,-628.0625,-174.0000,670.5251
93.708477,158.2500,-627.7500,-171.4375,669.7044
93.733232,157.6250,-628.1875,-172.3125,670.1916
93.757960,158.6250,-627.9375,-173.3750,670.4672
93.782755,157.8750,-628.0625,-172.6250,670.2137
93.808370,158.0625,-627.4375,-172.3750,669.6079
93.832417,158.1250,-627.8125,-173.9375,670.3777
93.857663,158.1875,-628.1250,-173.0000,670.4426
93.883186,158.1875,-627.7500,-172.6875,670.0107
93.907508,158.1250,-628.1250,-173.9375,670.6704
93.932367,157.4375,-628.3125,-172.3750,670.2808
93.957967,157.7500,-627.8750,-172.4375,669.9603
93.982189,157.4375,-627.9375,-173.5625,670.2358
94.007639,158.3125,-628.0000,-173.1250,670.3873
94.032456,157.5625,-627.9375,-171.9375,669.8462
94.057200,157.9375,-628.0625,-173.1250,670.3574
94.082542,157.1250,-628.1875,-173.0625,670.2674
94.108687,158.6875,-627.6250,-173.0000,670.0924
94.133277,157.6250,-627.6875,-173.6250,670.0618
94.158004,157.3750,-628.3125,-172.8750,670.3948
94.182859,157.7500,-627.8750,-172.6250,670.0086
94.208826,157.4375,-627.7500,-173.7500,670.1087
94.233488,158.3125,-628.1875,-173.1250,670.5629
94.257956,158.2500,-627.8125,-172.8750,670.1323
94.284196,158.1875,-627.8125,-172.8125,670.1015
94.308296,158.0000,-627.5000,-173.5000,669.9422
94.332895,157.9375,-628.3750,-173.7500,670.8118
94.357372,158.0625,-627.6875,-173.5625,670.1487
94.382901,157.5625,-627.5000,-172.8125,669.6614
94.407515,158.2500,-627.7500,-172.7500,670.0416
94.432829,158.1250,-627.5000,-173.8125,670.0526
94.457602,157.9375,-628.1875,-173.4375,670.5553
94.482470,158.3125,-627.8750,-173.7500,670.4319
94.508002,158.6875,-627.7500,-173.0000,670.2095
94.533338,158.1250,-627.6875,-173.6250,670.1796
94.557940,157.9375,-627.8750,-173.2500,670.2140
94.583219,157.6250,-627.4375,-172.7500,669.6014
94.609482,157.8125,-627.6875,-172.2500,669.7510
94.633539,157.8750,-627.4375,-173.0625,669.7410
94.658239,157.4375,-627.7500,-172.8125,669.8662
94.684106,157.6250,-627.5000,-172.7500,669.6600
94.708162,158.1875,-627.5000,-173.4375,669.9702
94.732939,158.3125,-627.8125,-172.5000,670.0505
94.758000,157.8750,-627.5625,-172.3125,669.6647
94.783110,157.8750,-627.9375,-173.8125,670.4035
94.807794,158.0000,-627.6250,-173.5000,670.0592
94.832767,158.1250,-627.9375,-172.6250,670.1555
94.858655,158.8125,-628.0000,-172.6875,670.3927
94.882711,158.0000,-627.9375,-173.3750,670.3196
94.908146,158.1875,-628.0000,-172.5000,670.1966
94.933372,158.0625,-627.8125,-172.5000,669.9914
94.958936,157.8750,-627.8750,-172.8750,670.1025
94.982543,158.7500,-627.8750,-172.8750,670.3091
95.009595,158.1875,-628.1875,-172.6875,670.4206
95.032882,158.0625,-627.7500,-173.4375,670.1749
95.058299,158.5000,-628.0625,-172.8750,670.4256
95.083105,157.4375,-627.7500,-172.5000,669.7857
95.108042,158.6250,-627.6250,-174.5625,670.4827
95.133098,158.2500,-628.5000,-173.1875,670.8571
95.158728,157.8125,-627.6250,-173.5625,670.0312
95.183358,157.5625,-627.5625,-172.8125,669.7199
95.207894,157.5000,-628.5000,-173.0625,670.6483
95.232937,157.7500,-628.0000,-173.5000,670.3516
95.258687,157.9375,-628.3125,-174.0000,670.8180
95.282916,157.6250,-627.8750,-173.0625,670.0920
95.308271,157.5625,-627.7500,-173.1250,669.9763
95.333670,157.3750,-627.9375,-172.6250,669.9789
95.358719,158.2500,-627.9375,-173.6250,670.4433
95.382825,158.1250,-627.7500,-173.3750,670.1735
95.409450,158.8750,-628.3125,-173.1875,670.8292
95.433262,158.3125,-628.0000,-172.6875,670.2744
95.458059,157.6250,-627.8125,-172.6250,669.9206
95.483282,157.9375,-627.7500,-172.3750,669.8712
95.509088,158.5000,-628.1250,-172.6250,670.4198
95.533026,158.1875,-627.5625,-174.3125,670.2558
95.558068,157.6250,-628.1250,-173.3750,670.4070
95.584087,158.0625,-627.3125,-172.8125,669.6035
95.608046,157.1250,-628.1250,-173.5000,670.3220
95.633121,158.1250,-627.9375,-172.7500,670.1877
95.658703,157.9375,-628.0625,-172.5000,670.1962
95.684221,158.6250,-627.2500,-172.4375,669.5813
95.708376,158.2500,-628.4375,-172.4375,670.6053
95.733294,157.7500,-628.1250,-172.3125,670.1624
95.758853,157.8750,-627.8125,-172.6250,669.9794
95.784002,158.1875,-627.5625,-173.8750,670.1421
95.808143,158.1250,-627.6250,-172.4375,669.8144
95.834268,157.9375,-628.1250,-173.7500,670.5776
95.858397,158.5000,-627.7500,-173.1875,670.2136
95.883229,158.3125,-627.8750,-172.5000,670.1090
95.908379,157.6250,-628.0000,-173.6250,670.3546
95.933400,157.9375,-628.3125,-172.8125,670.5110
95.958046,157.4375,-628.1250,-173.4375,670.3791
95.983119,157.8750,-627.8750,-173.3750,670.2316
96.008242,158.2500,-628.2500,-172.7500,670.5100
96.032919,158.6250,-628.1250,-173.5000,670.6751
96.058238,157.9375,-628.2500,-173.2500,670.5653
96.084093,158.1875,-627.9375,-173.2500,670.3315
96.109162,158.6250,-627.5000,-173.3750,670.0575
96.133254,158.4375,-627.3750,-174.0000,670.0581
96.158171,158.4375,-627.8750,-172.5000,670.1386
96.184401,157.6875,-627.9375,-173.0000,670.1491
96.208179,159.0000,-627.9375,-173.1875,670.5076
96.233609,158.7500,-627.3125,-173.6250,669.9763
96.258844,158.5625,-627.5000,-172.6875,669.8651
96.284119,157.8750,-627.7500,-173.3750,670.1145
96.308081,157.8750,-627.7500,-173.0625,670.0337
96.333797,158.8125,-627.8125,-173.5625,670.4431
96.358481,158.3125,-627.8125,-172.3750,670.0183
96.383176,157.6250,-628.0625,-172.3125,670.0744
96.408492,157.7500,-627.5625,-173.8125,670.0228
96.433901,158.9375,-627.6250,-174.0000,670.4105
96.458069,158.7500,-627.6250,-174.3750,670.4635
96.483447,158.3750,-627.5625,-172.8750,669.9277
96.508894,158.2500,-628.0625,-172.8750,670.3666
96.533859,158.0000,-627.8125,-173.1875,670.1540
96.558167,158.0625,-627.5625,-173.5625,670.0316
96.583436,158.0000,-627.5000,-173.1875,669.8613
96.608416,158.4375,-627.5000,-172.6875,669.8356
96.633081,158.1875,-627.7500,-172.5000,669.9624
96.658681,157.7500,-627.7500,-172.7500,669.9236
96.683982,158.1875,-628.0625,-173.7500,670.5780
96.710301,158.0625,-627.8750,-173.4375,670.2920
96.736540,157.6250,-627.8125,-172.6250,669.9206
96.758491,157.3750,-627.8750,-173.9375,670.2598
96.783331,157.7500,-628.1875,-172.1250,670.1728
96.808453,158.1250,-627.6250,-172.3125,669.7822
96.833909,157.9375,-627.5000,-173.0000,669.7981
96.858474,157.8125,-628.0000,-172.6875,670.1565
96.883479,157.8125,-627.7500,-173.2500,670.0675
96.908282,157.8750,-628.1250,-173.3750,670.4658
96.933026,157.5625,-627.7500,-173.1250,669.9763
96.958365,158.0000,-628.0000,-173.6250,670.4429
96.983463,158.1875,-627.8750,-173.5625,670.3538
97.008861,158.4375,-627.5000,-173.1250,669.9485
97.033474,158.1875,-627.9375,-172.8125,670.2186
97.058544,157.7500,-627.8125,-171.6875,669.7090
97.083968,157.5000,-628.0625,-173.1875,670.2706
97.108587,159.1875,-627.8125,-172.3750,670.2256
97.134045,156.8750,-628.0625,-173.0625,670.0917
97.159941,157.8750,-628.1875,-172.3125,670.2504
97.184411,158.1875,-627.6875,-173.2500,670.0973
97.209600,157.7500,-627.7500,-172.7500,669.9236
97.234353,158.3125,-628.2500,-172.6875,670.5087
97.259435,157.6875,-627.8750,-174.0000,670.3494
97.283234,157.5000,-628.5000,-172.7500,670.5677
97.309445,158.8125,-627.6875,-173.2500,670.2452
97.334680,158.5000,-627.6250,-173.0625,670.0642
97.358718,158.3125,-627.1875,-172.5000,669.4649
97.383609,158.3125,-628.0625,-173.1250,670.4458
97.408637,158.3750,-628.0625,-173.1875,670.4767
97.433235,157.8750,-627.8125,-172.0000,669.8187
97.458574,157.5625,-627.6250,-173.7500,670.0210
97.483634,157.9375,-627.8125,-173.7500,670.2849
97.509988,157.9375,-628.2500,-173.0000,670.5008
97.533432,157.9375,-628.0000,-173.1250,670.2988
97.558253,158.6875,-627.6250,-172.0625,669.8510
97.583719,158.1250,-627.5625,-173.8125,670.1112
97.609122,157.6875,-627.8750,-172.5000,669.9617
97.634263,158.0625,-627.7500,-173.4375,670.1749
97.658638,158.0625,-628.1875,-171.6250,670.1182
97.684394,158.2500,-627.5000,-173.3750,669.9688
97.709700,158.1250,-627.8125,-173.3750,670.2320
97.734119,158.7500,-627.6250,-173.5000,670.2365
97.759244,158.1875,-627.7500,-171.5000,669.7056
97.784549,158.0625,-627.9375,-173.7500,670.4314
97.809563,157.8750,-628.1250,-173.1875,670.4174
97.833660,157.8125,-628.0625,-172.6875,670.2151
97.859308,158.1250,-628.2500,-172.0000,670.2877
97.883985,158.0000,-627.7500,-173.1875,670.0955
97.908558,158.2500,-628.1875,-173.1875,670.5643
97.934442,157.7500,-627.8125,-173.1875,670.0951
97.959917,157.8750,-628.1875,-173.5000,670.5567
97.983934,157.5625,-627.4375,-173.7500,669.8454
98.008656,158.3750,-627.6250,-172.6250,669.9218
98.034655,158.2500,-628.1875,-172.8750,670.4837
98.059848,158.1875,-628.0000,-173.2500,670.3901
98.083762,158.7500,-627.4375,-172.6250,669.8349
98.108939,157.8125,-627.6875,-172.8125,669.8959
98.134793,157.7500,-628.1875,-173.3750,670.4950
98.159451,158.0625,-627.8750,-174.0000,670.4377
98.185325,158.8750,-628.0000,-172.7500,670.4236
98.209774,158.4375,-628.0625,-172.8125,670.3947
98.233642,157.5000,-627.6875,-173.1875,669.9192
98.259958,158.0625,-628.0625,-173.7500,670.5485
98.283992,157.7500,-627.6875,-172.8750,669.8973
98.308742,158.7500,-628.3125,-174.2500,671.0747
98.334584,158.2500,-627.8750,-172.8750,670.1909
98.358466,157.9375,-628.1250,-172.6875,670.3031
98.383992,158.1875,-627.7500,-173.8750,670.3177
98.409350,158.2500,-627.6250,-172.3125,669.8118
98.435056,158.7500,-628.5000,-173.9375,671.1692
98.459356,158.1875,-627.8750,-172.2500,670.0152
98.484026,157.1875,-627.7500,-173.4375,669.9691
98.509890,158.2500,-627.6250,-172.7500,669.9244
98.534281,157.6875,-628.1250,-174.6250,670.7460
98.558976,158.5000,-627.6250,-173.3750,670.1450
98.585331,158.0000,-627.6250,-172.3125,669.7527
98.609042,157.9375,-627.6250,-172.8125,669.8668
98.634377,158.3125,-627.6250,-173.1250,670.0360
98.659479,158.7500,-627.9375,-173.8125,670.6101
98.683955,158.2500,-628.0625,-173.6250,670.5604
98.708939,158.3750,-627.3750,-173.3750,669.8813
98.734233,158.1875,-628.1875,-173.4375,670.6142
98.759587,157.3750,-627.6250,-173.6250,669.9445
98.783786,157.7500,-628.0000,-173.6250,670.3840
98.809022,157.8125,-627.8125,-173.0000,670.0614
98.834909,158.7500,-628.0625,-172.3125,670.3400
98.860036,157.8750,-628.2500,-173.6250,670.6476
98.883699,158.3125,-628.1250,-173.2500,670.5367
98.908993,158.8125,-627.5000,-174.6250,670.4264
98.934668,157.4375,-627.9375,-172.3750,669.9293
98.959706,157.8125,-628.4375,-173.8750,670.8733
98.983919,157.4375,-627.4375,-173.0000,669.6218
99.009037,157.9375,-628.3125,-173.1250,670.5916
99.034716,158.2500,-628.2500,-172.4375,670.4296
99.059850,158.5625,-627.3750,-172.3750,669.6675
99.083932,157.6875,-627.6250,-174.1875,670.1640
99.109320,158.6875,-627.6250,-174.6250,670.5138
99.134848,159.0000,-627.9375,-173.1875,670.5076
99.159479,159.2500,-628.2500,-173.0625,670.8273
99.184300,158.4375,-627.8125,-174.6250,670.6302
99.209096,157.9375,-627.2500,-173.1250,669.5962
99.234996,157.5625,-627.6250,-173.1250,669.8592
99.259544,158.6875,-628.1875,-173.5625,670.7646
99.283852,157.8750,-627.6875,-173.0625,669.9752
99.309812,158.3125,-628.0000,-172.8125,670.3067
99.334049,158.6250,-627.7500,-173.1875,670.2431
99.359636,157.5625,-627.9375,-173.4375,670.2328
99.384925,158.2500,-627.5625,-173.1875,669.9789
99.409485,158.1875,-627.8125,-173.2500,670.2144
99.434212,157.8125,-627.8125,-173.2500,670.1260
99.459385,159.2500,-628.1250,-173.5000,670.8232
99.484640,157.6250,-627.6875,-173.3750,669.9971
99.509197,158.3125,-627.9375,-173.0000,670.2965
99.534632,158.3750,-628.0625,-173.6250,670.5899
99.560258,158.3125,-627.5625,-173.2500,670.0098
99.584222,158.5000,-627.4375,-173.5000,670.0017
99.609432,158.0000,-627.6250,-173.0625,669.9461
99.635363,158.3125,-627.0000,-173.8750,669.6450
99.659166,157.7500,-627.8750,-173.5000,670.2345
99.683976,158.0625,-628.1250,-173.8750,670.6395
99.709833,158.1875,-627.1875,-172.6875,669.4837
99.734101,158.3125,-627.3750,-172.6875,669.6889
99.759476,158.5625,-627.3750,-173.2500,669.8933
99.784625,158.2500,-627.8750,-173.9375,670.4658
99.809206,158.5625,-627.4375,-173.1250,669.9195
99.834353,158.3125,-627.5625,-172.5000,669.8162
99.859668,158.1875,-627.8750,-173.2500,670.2730
99.884239,159.0000,-627.6250,-173.9375,670.4091
99.909266,158.6875,-628.0000,-173.1250,670.4759
99.934906,159.2500,-627.6875,-173.3750,670.3813
99.960211,158.0000,-627.8125,-173.6250,670.2672
99.984551,158.0625,-627.8125,-172.6875,670.0397
100.009748,159.1875,-627.8750,-173.0000,670.4451
100.035706,158.8125,-627.1250,-173.4375,669.7669
